
 ** NVTX Range Summary (nvtx_sum):

+----------+-----------------+-----------+-----------------+-----------------+---------------+---------------+-------------+---------+----------------------------+
| Time (%) | Total Time (ns) | Instances |    Avg (ns)     |    Med (ns)     |   Min (ns)    |   Max (ns)    | StdDev (ns) |  Style  |           Range            |
+----------+-----------------+-----------+-----------------+-----------------+---------------+---------------+-------------+---------+----------------------------+
|     19.3 |   1,092,366,640 |         1 | 1,092,366,640.0 | 1,092,366,640.0 | 1,092,366,640 | 1,092,366,640 |         0.0 | PushPop | :decode_step14_tokens49    |
|      6.7 |     378,021,424 |         1 |   378,021,424.0 |   378,021,424.0 |   378,021,424 |   378,021,424 |         0.0 | PushPop | :prefill_step13_tokens2048 |
|      6.0 |     338,910,064 |         1 |   338,910,064.0 |   338,910,064.0 |   338,910,064 |   338,910,064 |         0.0 | PushPop | :prefill_step12_tokens2048 |
|      5.1 |     289,041,568 |         1 |   289,041,568.0 |   289,041,568.0 |   289,041,568 |   289,041,568 |         0.0 | PushPop | :prefill_step11_tokens2048 |
|      1.6 |      90,076,192 |         1 |    90,076,192.0 |    90,076,192.0 |    90,076,192 |    90,076,192 |         0.0 | PushPop | :decode_step1036_tokens4   |
|      0.5 |      30,612,816 |         1 |    30,612,816.0 |    30,612,816.0 |    30,612,816 |    30,612,816 |         0.0 | PushPop | :prefill_step10_tokens2048 |
|      0.3 |      14,690,352 |         1 |    14,690,352.0 |    14,690,352.0 |    14,690,352 |    14,690,352 |         0.0 | PushPop | :decode_step189_tokens4    |
|      0.2 |      10,264,288 |         1 |    10,264,288.0 |    10,264,288.0 |    10,264,288 |    10,264,288 |         0.0 | PushPop | :decode_step946_tokens4    |
|      0.2 |      10,185,632 |         1 |    10,185,632.0 |    10,185,632.0 |    10,185,632 |    10,185,632 |         0.0 | PushPop | :decode_step786_tokens4    |
|      0.2 |      10,077,520 |         1 |    10,077,520.0 |    10,077,520.0 |    10,077,520 |    10,077,520 |         0.0 | PushPop | :decode_step1025_tokens4   |
|      0.2 |       8,792,624 |         1 |     8,792,624.0 |     8,792,624.0 |     8,792,624 |     8,792,624 |         0.0 | PushPop | :decode_step866_tokens4    |
|      0.2 |       8,729,552 |         1 |     8,729,552.0 |     8,729,552.0 |     8,729,552 |     8,729,552 |         0.0 | PushPop | :decode_step705_tokens4    |
|      0.2 |       8,712,592 |         1 |     8,712,592.0 |     8,712,592.0 |     8,712,592 |     8,712,592 |         0.0 | PushPop | :decode_step813_tokens4    |
|      0.1 |       8,406,304 |         1 |     8,406,304.0 |     8,406,304.0 |     8,406,304 |     8,406,304 |         0.0 | PushPop | :decode_step435_tokens4    |
|      0.1 |       8,208,768 |         1 |     8,208,768.0 |     8,208,768.0 |     8,208,768 |     8,208,768 |         0.0 | PushPop | :decode_step516_tokens4    |
|      0.1 |       8,098,272 |         1 |     8,098,272.0 |     8,098,272.0 |     8,098,272 |     8,098,272 |         0.0 | PushPop | :decode_step381_tokens4    |
|      0.1 |       7,531,584 |         1 |     7,531,584.0 |     7,531,584.0 |     7,531,584 |     7,531,584 |         0.0 | PushPop | :decode_step272_tokens4    |
|      0.1 |       7,398,768 |         1 |     7,398,768.0 |     7,398,768.0 |     7,398,768 |     7,398,768 |         0.0 | PushPop | :decode_step571_tokens4    |
|      0.1 |       7,390,288 |         1 |     7,390,288.0 |     7,390,288.0 |     7,390,288 |     7,390,288 |         0.0 | PushPop | :decode_step651_tokens4    |
|      0.1 |       7,231,216 |         1 |     7,231,216.0 |     7,231,216.0 |     7,231,216 |     7,231,216 |         0.0 | PushPop | :decode_step624_tokens4    |
|      0.1 |       7,145,872 |         1 |     7,145,872.0 |     7,145,872.0 |     7,145,872 |     7,145,872 |         0.0 | PushPop | :decode_step893_tokens4    |
|      0.1 |       7,048,400 |         1 |     7,048,400.0 |     7,048,400.0 |     7,048,400 |     7,048,400 |         0.0 | PushPop | :decode_step732_tokens4    |
|      0.1 |       6,758,480 |         1 |     6,758,480.0 |     6,758,480.0 |     6,758,480 |     6,758,480 |         0.0 | PushPop | :decode_step353_tokens4    |
|      0.1 |       6,456,336 |         1 |     6,456,336.0 |     6,456,336.0 |     6,456,336 |     6,456,336 |         0.0 | PushPop | :decode_step135_tokens4    |
|      0.1 |       6,333,040 |         1 |     6,333,040.0 |     6,333,040.0 |     6,333,040 |     6,333,040 |         0.0 | PushPop | :decode_step108_tokens4    |
|      0.1 |       6,213,568 |         1 |     6,213,568.0 |     6,213,568.0 |     6,213,568 |     6,213,568 |         0.0 | PushPop | :decode_step299_tokens4    |
|      0.1 |       6,130,480 |         1 |     6,130,480.0 |     6,130,480.0 |     6,130,480 |     6,130,480 |         0.0 | PushPop | :decode_step998_tokens4    |
|      0.1 |       5,616,384 |         1 |     5,616,384.0 |     5,616,384.0 |     5,616,384 |     5,616,384 |         0.0 | PushPop | :decode_step218_tokens4    |
|      0.1 |       5,601,984 |         1 |     5,601,984.0 |     5,601,984.0 |     5,601,984 |     5,601,984 |         0.0 | PushPop | :decode_step954_tokens4    |
|      0.1 |       5,486,000 |         1 |     5,486,000.0 |     5,486,000.0 |     5,486,000 |     5,486,000 |         0.0 | PushPop | :decode_step746_tokens4    |
|      0.1 |       5,471,728 |         1 |     5,471,728.0 |     5,471,728.0 |     5,471,728 |     5,471,728 |         0.0 | PushPop | :decode_step1017_tokens4   |
|      0.1 |       5,385,280 |         1 |     5,385,280.0 |     5,385,280.0 |     5,385,280 |     5,385,280 |         0.0 | PushPop | :decode_step54_tokens4     |
|      0.1 |       5,322,096 |         1 |     5,322,096.0 |     5,322,096.0 |     5,322,096 |     5,322,096 |         0.0 | PushPop | :decode_step290_tokens4    |
|      0.1 |       5,317,280 |         1 |     5,317,280.0 |     5,317,280.0 |     5,317,280 |     5,317,280 |         0.0 | PushPop | :decode_step1002_tokens4   |
|      0.1 |       5,280,544 |         1 |     5,280,544.0 |     5,280,544.0 |     5,280,544 |     5,280,544 |         0.0 | PushPop | :decode_step999_tokens4    |
|      0.1 |       5,214,944 |         1 |     5,214,944.0 |     5,214,944.0 |     5,214,944 |     5,214,944 |         0.0 | PushPop | :decode_step509_tokens4    |
|      0.1 |       5,170,384 |         1 |     5,170,384.0 |     5,170,384.0 |     5,170,384 |     5,170,384 |         0.0 | PushPop | :decode_step625_tokens4    |
|      0.1 |       5,165,936 |         1 |     5,165,936.0 |     5,165,936.0 |     5,165,936 |     5,165,936 |         0.0 | PushPop | :decode_step517_tokens4    |
|      0.1 |       5,092,480 |         1 |     5,092,480.0 |     5,092,480.0 |     5,092,480 |     5,092,480 |         0.0 | PushPop | :decode_step630_tokens4    |
|      0.1 |       5,085,952 |         1 |     5,085,952.0 |     5,085,952.0 |     5,085,952 |     5,085,952 |         0.0 | PushPop | :decode_step871_tokens4    |
|      0.1 |       5,055,008 |         1 |     5,055,008.0 |     5,055,008.0 |     5,055,008 |     5,055,008 |         0.0 | PushPop | :decode_step499_tokens4    |
|      0.1 |       5,051,600 |         1 |     5,051,600.0 |     5,051,600.0 |     5,051,600 |     5,051,600 |         0.0 | PushPop | :decode_step889_tokens4    |
|      0.1 |       5,046,528 |         1 |     5,046,528.0 |     5,046,528.0 |     5,046,528 |     5,046,528 |         0.0 | PushPop | :decode_step470_tokens4    |
|      0.1 |       5,041,808 |         1 |     5,041,808.0 |     5,041,808.0 |     5,041,808 |     5,041,808 |         0.0 | PushPop | :decode_step876_tokens4    |
|      0.1 |       5,032,256 |         1 |     5,032,256.0 |     5,032,256.0 |     5,032,256 |     5,032,256 |         0.0 | PushPop | :decode_step145_tokens4    |
|      0.1 |       5,028,528 |         1 |     5,028,528.0 |     5,028,528.0 |     5,028,528 |     5,028,528 |         0.0 | PushPop | :decode_step817_tokens4    |
|      0.1 |       5,027,440 |         1 |     5,027,440.0 |     5,027,440.0 |     5,027,440 |     5,027,440 |         0.0 | PushPop | :decode_step598_tokens4    |
|      0.1 |       5,014,816 |         1 |     5,014,816.0 |     5,014,816.0 |     5,014,816 |     5,014,816 |         0.0 | PushPop | :decode_step975_tokens4    |
|      0.1 |       5,004,208 |         1 |     5,004,208.0 |     5,004,208.0 |     5,004,208 |     5,004,208 |         0.0 | PushPop | :decode_step773_tokens4    |
|      0.1 |       4,990,384 |         1 |     4,990,384.0 |     4,990,384.0 |     4,990,384 |     4,990,384 |         0.0 | PushPop | :decode_step534_tokens4    |
|      0.1 |       4,985,184 |         1 |     4,985,184.0 |     4,985,184.0 |     4,985,184 |     4,985,184 |         0.0 | PushPop | :decode_step1016_tokens4   |
|      0.1 |       4,974,304 |         1 |     4,974,304.0 |     4,974,304.0 |     4,974,304 |     4,974,304 |         0.0 | PushPop | :decode_step743_tokens4    |
|      0.1 |       4,962,768 |         1 |     4,962,768.0 |     4,962,768.0 |     4,962,768 |     4,962,768 |         0.0 | PushPop | :decode_step1026_tokens4   |
|      0.1 |       4,957,904 |         1 |     4,957,904.0 |     4,957,904.0 |     4,957,904 |     4,957,904 |         0.0 | PushPop | :decode_step1031_tokens4   |
|      0.1 |       4,953,264 |         1 |     4,953,264.0 |     4,953,264.0 |     4,953,264 |     4,953,264 |         0.0 | PushPop | :decode_step448_tokens4    |
|      0.1 |       4,951,808 |         1 |     4,951,808.0 |     4,951,808.0 |     4,951,808 |     4,951,808 |         0.0 | PushPop | :decode_step958_tokens4    |
|      0.1 |       4,942,832 |         1 |     4,942,832.0 |     4,942,832.0 |     4,942,832 |     4,942,832 |         0.0 | PushPop | :decode_step874_tokens4    |
|      0.1 |       4,940,640 |         1 |     4,940,640.0 |     4,940,640.0 |     4,940,640 |     4,940,640 |         0.0 | PushPop | :decode_step390_tokens4    |
|      0.1 |       4,919,200 |         1 |     4,919,200.0 |     4,919,200.0 |     4,919,200 |     4,919,200 |         0.0 | PushPop | :decode_step959_tokens4    |
|      0.1 |       4,903,040 |         1 |     4,903,040.0 |     4,903,040.0 |     4,903,040 |     4,903,040 |         0.0 | PushPop | :decode_step140_tokens4    |
|      0.1 |       4,885,984 |         1 |     4,885,984.0 |     4,885,984.0 |     4,885,984 |     4,885,984 |         0.0 | PushPop | :decode_step951_tokens4    |
|      0.1 |       4,881,792 |         1 |     4,881,792.0 |     4,881,792.0 |     4,881,792 |     4,881,792 |         0.0 | PushPop | :decode_step819_tokens4    |
|      0.1 |       4,879,504 |         1 |     4,879,504.0 |     4,879,504.0 |     4,879,504 |     4,879,504 |         0.0 | PushPop | :decode_step982_tokens4    |
|      0.1 |       4,879,344 |         1 |     4,879,344.0 |     4,879,344.0 |     4,879,344 |     4,879,344 |         0.0 | PushPop | :decode_step843_tokens4    |
|      0.1 |       4,874,576 |         1 |     4,874,576.0 |     4,874,576.0 |     4,874,576 |     4,874,576 |         0.0 | PushPop | :decode_step471_tokens4    |
|      0.1 |       4,873,296 |         1 |     4,873,296.0 |     4,873,296.0 |     4,873,296 |     4,873,296 |         0.0 | PushPop | :decode_step597_tokens4    |
|      0.1 |       4,868,640 |         1 |     4,868,640.0 |     4,868,640.0 |     4,868,640 |     4,868,640 |         0.0 | PushPop | :decode_step688_tokens4    |
|      0.1 |       4,868,320 |         1 |     4,868,320.0 |     4,868,320.0 |     4,868,320 |     4,868,320 |         0.0 | PushPop | :decode_step590_tokens4    |
|      0.1 |       4,867,808 |         1 |     4,867,808.0 |     4,867,808.0 |     4,867,808 |     4,867,808 |         0.0 | PushPop | :decode_step963_tokens4    |
|      0.1 |       4,857,728 |         1 |     4,857,728.0 |     4,857,728.0 |     4,857,728 |     4,857,728 |         0.0 | PushPop | :decode_step789_tokens4    |
|      0.1 |       4,856,704 |         1 |     4,856,704.0 |     4,856,704.0 |     4,856,704 |     4,856,704 |         0.0 | PushPop | :decode_step1005_tokens4   |
|      0.1 |       4,855,632 |         1 |     4,855,632.0 |     4,855,632.0 |     4,855,632 |     4,855,632 |         0.0 | PushPop | :decode_step877_tokens4    |
|      0.1 |       4,852,528 |         1 |     4,852,528.0 |     4,852,528.0 |     4,852,528 |     4,852,528 |         0.0 | PushPop | :decode_step792_tokens4    |
|      0.1 |       4,843,840 |         1 |     4,843,840.0 |     4,843,840.0 |     4,843,840 |     4,843,840 |         0.0 | PushPop | :decode_step994_tokens4    |
|      0.1 |       4,837,248 |         1 |     4,837,248.0 |     4,837,248.0 |     4,837,248 |     4,837,248 |         0.0 | PushPop | :decode_step833_tokens4    |
|      0.1 |       4,819,696 |         1 |     4,819,696.0 |     4,819,696.0 |     4,819,696 |     4,819,696 |         0.0 | PushPop | :decode_step587_tokens4    |
|      0.1 |       4,817,728 |         1 |     4,817,728.0 |     4,817,728.0 |     4,817,728 |     4,817,728 |         0.0 | PushPop | :decode_step691_tokens4    |
|      0.1 |       4,816,256 |         1 |     4,816,256.0 |     4,816,256.0 |     4,816,256 |     4,816,256 |         0.0 | PushPop | :decode_step749_tokens4    |
|      0.1 |       4,812,768 |         1 |     4,812,768.0 |     4,812,768.0 |     4,812,768 |     4,812,768 |         0.0 | PushPop | :decode_step305_tokens4    |
|      0.1 |       4,812,752 |         1 |     4,812,752.0 |     4,812,752.0 |     4,812,752 |     4,812,752 |         0.0 | PushPop | :decode_step891_tokens4    |
|      0.1 |       4,808,496 |         1 |     4,808,496.0 |     4,808,496.0 |     4,808,496 |     4,808,496 |         0.0 | PushPop | :decode_step940_tokens4    |
|      0.1 |       4,807,328 |         1 |     4,807,328.0 |     4,807,328.0 |     4,807,328 |     4,807,328 |         0.0 | PushPop | :decode_step811_tokens4    |
|      0.1 |       4,805,840 |         1 |     4,805,840.0 |     4,805,840.0 |     4,805,840 |     4,805,840 |         0.0 | PushPop | :decode_step755_tokens4    |
|      0.1 |       4,795,440 |         1 |     4,795,440.0 |     4,795,440.0 |     4,795,440 |     4,795,440 |         0.0 | PushPop | :decode_step402_tokens4    |
|      0.1 |       4,793,168 |         1 |     4,793,168.0 |     4,793,168.0 |     4,793,168 |     4,793,168 |         0.0 | PushPop | :decode_step1011_tokens4   |
|      0.1 |       4,790,960 |         1 |     4,790,960.0 |     4,790,960.0 |     4,790,960 |     4,790,960 |         0.0 | PushPop | :decode_step791_tokens4    |
|      0.1 |       4,787,136 |         1 |     4,787,136.0 |     4,787,136.0 |     4,787,136 |     4,787,136 |         0.0 | PushPop | :decode_step821_tokens4    |
|      0.1 |       4,779,376 |         1 |     4,779,376.0 |     4,779,376.0 |     4,779,376 |     4,779,376 |         0.0 | PushPop | :decode_step582_tokens4    |
|      0.1 |       4,770,320 |         1 |     4,770,320.0 |     4,770,320.0 |     4,770,320 |     4,770,320 |         0.0 | PushPop | :decode_step854_tokens4    |
|      0.1 |       4,768,976 |         1 |     4,768,976.0 |     4,768,976.0 |     4,768,976 |     4,768,976 |         0.0 | PushPop | :decode_step395_tokens4    |
|      0.1 |       4,764,912 |         1 |     4,764,912.0 |     4,764,912.0 |     4,764,912 |     4,764,912 |         0.0 | PushPop | :decode_step834_tokens4    |
|      0.1 |       4,762,544 |         1 |     4,762,544.0 |     4,762,544.0 |     4,762,544 |     4,762,544 |         0.0 | PushPop | :decode_step838_tokens4    |
|      0.1 |       4,759,328 |         1 |     4,759,328.0 |     4,759,328.0 |     4,759,328 |     4,759,328 |         0.0 | PushPop | :decode_step753_tokens4    |
|      0.1 |       4,755,216 |         1 |     4,755,216.0 |     4,755,216.0 |     4,755,216 |     4,755,216 |         0.0 | PushPop | :decode_step977_tokens4    |
|      0.1 |       4,742,128 |         1 |     4,742,128.0 |     4,742,128.0 |     4,742,128 |     4,742,128 |         0.0 | PushPop | :decode_step252_tokens4    |
|      0.1 |       4,741,216 |         1 |     4,741,216.0 |     4,741,216.0 |     4,741,216 |     4,741,216 |         0.0 | PushPop | :decode_step141_tokens4    |
|      0.1 |       4,736,320 |         1 |     4,736,320.0 |     4,736,320.0 |     4,736,320 |     4,736,320 |         0.0 | PushPop | :decode_step696_tokens4    |
|      0.1 |       4,731,152 |         1 |     4,731,152.0 |     4,731,152.0 |     4,731,152 |     4,731,152 |         0.0 | PushPop | :decode_step849_tokens4    |
|      0.1 |       4,716,752 |         1 |     4,716,752.0 |     4,716,752.0 |     4,716,752 |     4,716,752 |         0.0 | PushPop | :decode_step979_tokens4    |
|      0.1 |       4,715,632 |         1 |     4,715,632.0 |     4,715,632.0 |     4,715,632 |     4,715,632 |         0.0 | PushPop | :decode_step453_tokens4    |
|      0.1 |       4,712,816 |         1 |     4,712,816.0 |     4,712,816.0 |     4,712,816 |     4,712,816 |         0.0 | PushPop | :decode_step473_tokens4    |
|      0.1 |       4,703,968 |         1 |     4,703,968.0 |     4,703,968.0 |     4,703,968 |     4,703,968 |         0.0 | PushPop | :decode_step196_tokens4    |
|      0.1 |       4,703,440 |         1 |     4,703,440.0 |     4,703,440.0 |     4,703,440 |     4,703,440 |         0.0 | PushPop | :decode_step694_tokens4    |
|      0.1 |       4,699,776 |         1 |     4,699,776.0 |     4,699,776.0 |     4,699,776 |     4,699,776 |         0.0 | PushPop | :decode_step1019_tokens4   |
|      0.1 |       4,692,560 |         1 |     4,692,560.0 |     4,692,560.0 |     4,692,560 |     4,692,560 |         0.0 | PushPop | :decode_step460_tokens4    |
|      0.1 |       4,691,888 |         1 |     4,691,888.0 |     4,691,888.0 |     4,691,888 |     4,691,888 |         0.0 | PushPop | :decode_step670_tokens4    |
|      0.1 |       4,687,360 |         1 |     4,687,360.0 |     4,687,360.0 |     4,687,360 |     4,687,360 |         0.0 | PushPop | :decode_step423_tokens4    |
|      0.1 |       4,687,216 |         1 |     4,687,216.0 |     4,687,216.0 |     4,687,216 |     4,687,216 |         0.0 | PushPop | :decode_step754_tokens4    |
|      0.1 |       4,677,600 |         1 |     4,677,600.0 |     4,677,600.0 |     4,677,600 |     4,677,600 |         0.0 | PushPop | :decode_step492_tokens4    |
|      0.1 |       4,675,632 |         1 |     4,675,632.0 |     4,675,632.0 |     4,675,632 |     4,675,632 |         0.0 | PushPop | :decode_step689_tokens4    |
|      0.1 |       4,671,536 |         1 |     4,671,536.0 |     4,671,536.0 |     4,671,536 |     4,671,536 |         0.0 | PushPop | :decode_step234_tokens4    |
|      0.1 |       4,670,464 |         1 |     4,670,464.0 |     4,670,464.0 |     4,670,464 |     4,670,464 |         0.0 | PushPop | :decode_step475_tokens4    |
|      0.1 |       4,669,088 |         1 |     4,669,088.0 |     4,669,088.0 |     4,669,088 |     4,669,088 |         0.0 | PushPop | :decode_step489_tokens4    |
|      0.1 |       4,664,672 |         1 |     4,664,672.0 |     4,664,672.0 |     4,664,672 |     4,664,672 |         0.0 | PushPop | :decode_step412_tokens4    |
|      0.1 |       4,656,064 |         1 |     4,656,064.0 |     4,656,064.0 |     4,656,064 |     4,656,064 |         0.0 | PushPop | :decode_step142_tokens4    |
|      0.1 |       4,653,360 |         1 |     4,653,360.0 |     4,653,360.0 |     4,653,360 |     4,653,360 |         0.0 | PushPop | :decode_step584_tokens4    |
|      0.1 |       4,643,536 |         1 |     4,643,536.0 |     4,643,536.0 |     4,643,536 |     4,643,536 |         0.0 | PushPop | :decode_step978_tokens4    |
|      0.1 |       4,642,816 |         1 |     4,642,816.0 |     4,642,816.0 |     4,642,816 |     4,642,816 |         0.0 | PushPop | :decode_step515_tokens4    |
|      0.1 |       4,641,632 |         1 |     4,641,632.0 |     4,641,632.0 |     4,641,632 |     4,641,632 |         0.0 | PushPop | :decode_step538_tokens4    |
|      0.1 |       4,640,256 |         1 |     4,640,256.0 |     4,640,256.0 |     4,640,256 |     4,640,256 |         0.0 | PushPop | :decode_step458_tokens4    |
|      0.1 |       4,640,064 |         1 |     4,640,064.0 |     4,640,064.0 |     4,640,064 |     4,640,064 |         0.0 | PushPop | :decode_step595_tokens4    |
|      0.1 |       4,639,984 |         1 |     4,639,984.0 |     4,639,984.0 |     4,639,984 |     4,639,984 |         0.0 | PushPop | :decode_step504_tokens4    |
|      0.1 |       4,639,328 |         1 |     4,639,328.0 |     4,639,328.0 |     4,639,328 |     4,639,328 |         0.0 | PushPop | :decode_step259_tokens4    |
|      0.1 |       4,637,936 |         1 |     4,637,936.0 |     4,637,936.0 |     4,637,936 |     4,637,936 |         0.0 | PushPop | :decode_step195_tokens4    |
|      0.1 |       4,637,600 |         1 |     4,637,600.0 |     4,637,600.0 |     4,637,600 |     4,637,600 |         0.0 | PushPop | :decode_step845_tokens4    |
|      0.1 |       4,631,664 |         1 |     4,631,664.0 |     4,631,664.0 |     4,631,664 |     4,631,664 |         0.0 | PushPop | :decode_step497_tokens4    |
|      0.1 |       4,624,976 |         1 |     4,624,976.0 |     4,624,976.0 |     4,624,976 |     4,624,976 |         0.0 | PushPop | :decode_step456_tokens4    |
|      0.1 |       4,624,736 |         1 |     4,624,736.0 |     4,624,736.0 |     4,624,736 |     4,624,736 |         0.0 | PushPop | :decode_step245_tokens4    |
|      0.1 |       4,615,136 |         1 |     4,615,136.0 |     4,615,136.0 |     4,615,136 |     4,615,136 |         0.0 | PushPop | :decode_step501_tokens4    |
|      0.1 |       4,612,176 |         1 |     4,612,176.0 |     4,612,176.0 |     4,612,176 |     4,612,176 |         0.0 | PushPop | :decode_step511_tokens4    |
|      0.1 |       4,605,392 |         1 |     4,605,392.0 |     4,605,392.0 |     4,605,392 |     4,605,392 |         0.0 | PushPop | :decode_step248_tokens4    |
|      0.1 |       4,601,296 |         1 |     4,601,296.0 |     4,601,296.0 |     4,601,296 |     4,601,296 |         0.0 | PushPop | :decode_step479_tokens4    |
|      0.1 |       4,596,544 |         1 |     4,596,544.0 |     4,596,544.0 |     4,596,544 |     4,596,544 |         0.0 | PushPop | :decode_step478_tokens4    |
|      0.1 |       4,593,488 |         1 |     4,593,488.0 |     4,593,488.0 |     4,593,488 |     4,593,488 |         0.0 | PushPop | :decode_step485_tokens4    |
|      0.1 |       4,592,720 |         1 |     4,592,720.0 |     4,592,720.0 |     4,592,720 |     4,592,720 |         0.0 | PushPop | :decode_step455_tokens4    |
|      0.1 |       4,591,728 |         1 |     4,591,728.0 |     4,591,728.0 |     4,591,728 |     4,591,728 |         0.0 | PushPop | :decode_step477_tokens4    |
|      0.1 |       4,591,552 |         1 |     4,591,552.0 |     4,591,552.0 |     4,591,552 |     4,591,552 |         0.0 | PushPop | :decode_step507_tokens4    |
|      0.1 |       4,590,176 |         1 |     4,590,176.0 |     4,590,176.0 |     4,590,176 |     4,590,176 |         0.0 | PushPop | :decode_step490_tokens4    |
|      0.1 |       4,580,784 |         1 |     4,580,784.0 |     4,580,784.0 |     4,580,784 |     4,580,784 |         0.0 | PushPop | :decode_step215_tokens4    |
|      0.1 |       4,575,264 |         1 |     4,575,264.0 |     4,575,264.0 |     4,575,264 |     4,575,264 |         0.0 | PushPop | :decode_step260_tokens4    |
|      0.1 |       4,572,496 |         1 |     4,572,496.0 |     4,572,496.0 |     4,572,496 |     4,572,496 |         0.0 | PushPop | :decode_step380_tokens4    |
|      0.1 |       4,568,896 |         1 |     4,568,896.0 |     4,568,896.0 |     4,568,896 |     4,568,896 |         0.0 | PushPop | :decode_step938_tokens4    |
|      0.1 |       4,566,416 |         1 |     4,566,416.0 |     4,566,416.0 |     4,566,416 |     4,566,416 |         0.0 | PushPop | :decode_step147_tokens4    |
|      0.1 |       4,561,728 |         1 |     4,561,728.0 |     4,561,728.0 |     4,561,728 |     4,561,728 |         0.0 | PushPop | :decode_step414_tokens4    |
|      0.1 |       4,560,912 |         1 |     4,560,912.0 |     4,560,912.0 |     4,560,912 |     4,560,912 |         0.0 | PushPop | :decode_step495_tokens4    |
|      0.1 |       4,547,248 |         1 |     4,547,248.0 |     4,547,248.0 |     4,547,248 |     4,547,248 |         0.0 | PushPop | :decode_step168_tokens4    |
|      0.1 |       4,546,416 |         1 |     4,546,416.0 |     4,546,416.0 |     4,546,416 |     4,546,416 |         0.0 | PushPop | :decode_step1012_tokens4   |
|      0.1 |       4,543,280 |         1 |     4,543,280.0 |     4,543,280.0 |     4,543,280 |     4,543,280 |         0.0 | PushPop | :decode_step1000_tokens4   |
|      0.1 |       4,541,408 |         1 |     4,541,408.0 |     4,541,408.0 |     4,541,408 |     4,541,408 |         0.0 | PushPop | :decode_step257_tokens4    |
|      0.1 |       4,532,912 |         1 |     4,532,912.0 |     4,532,912.0 |     4,532,912 |     4,532,912 |         0.0 | PushPop | :decode_step163_tokens4    |
|      0.1 |       4,525,008 |         1 |     4,525,008.0 |     4,525,008.0 |     4,525,008 |     4,525,008 |         0.0 | PushPop | :decode_step266_tokens4    |
|      0.1 |       4,518,160 |         1 |     4,518,160.0 |     4,518,160.0 |     4,518,160 |     4,518,160 |         0.0 | PushPop | :decode_step481_tokens4    |
|      0.1 |       4,510,960 |         1 |     4,510,960.0 |     4,510,960.0 |     4,510,960 |     4,510,960 |         0.0 | PushPop | :decode_step261_tokens4    |
|      0.1 |       4,502,720 |         1 |     4,502,720.0 |     4,502,720.0 |     4,502,720 |     4,502,720 |         0.0 | PushPop | :decode_step152_tokens4    |
|      0.1 |       4,502,544 |         1 |     4,502,544.0 |     4,502,544.0 |     4,502,544 |     4,502,544 |         0.0 | PushPop | :decode_step185_tokens4    |
|      0.1 |       4,493,248 |         1 |     4,493,248.0 |     4,493,248.0 |     4,493,248 |     4,493,248 |         0.0 | PushPop | :decode_step300_tokens4    |
|      0.1 |       4,482,624 |         1 |     4,482,624.0 |     4,482,624.0 |     4,482,624 |     4,482,624 |         0.0 | PushPop | :decode_step136_tokens4    |
|      0.1 |       4,475,536 |         1 |     4,475,536.0 |     4,475,536.0 |     4,475,536 |     4,475,536 |         0.0 | PushPop | :decode_step190_tokens4    |
|      0.1 |       4,464,256 |         1 |     4,464,256.0 |     4,464,256.0 |     4,464,256 |     4,464,256 |         0.0 | PushPop | :decode_step164_tokens4    |
|      0.1 |       4,448,880 |         1 |     4,448,880.0 |     4,448,880.0 |     4,448,880 |     4,448,880 |         0.0 | PushPop | :decode_step132_tokens4    |
|      0.1 |       4,395,984 |         1 |     4,395,984.0 |     4,395,984.0 |     4,395,984 |     4,395,984 |         0.0 | PushPop | :decode_step314_tokens4    |
|      0.1 |       4,352,272 |         1 |     4,352,272.0 |     4,352,272.0 |     4,352,272 |     4,352,272 |         0.0 | PushPop | :decode_step896_tokens4    |
|      0.1 |       4,308,592 |         1 |     4,308,592.0 |     4,308,592.0 |     4,308,592 |     4,308,592 |         0.0 | PushPop | :decode_step671_tokens4    |
|      0.1 |       4,285,248 |         1 |     4,285,248.0 |     4,285,248.0 |     4,285,248 |     4,285,248 |         0.0 | PushPop | :decode_step197_tokens4    |
|      0.1 |       4,271,632 |         1 |     4,271,632.0 |     4,271,632.0 |     4,271,632 |     4,271,632 |         0.0 | PushPop | :decode_step673_tokens4    |
|      0.1 |       4,262,992 |         1 |     4,262,992.0 |     4,262,992.0 |     4,262,992 |     4,262,992 |         0.0 | PushPop | :decode_step1018_tokens4   |
|      0.1 |       4,186,448 |         1 |     4,186,448.0 |     4,186,448.0 |     4,186,448 |     4,186,448 |         0.0 | PushPop | :decode_step204_tokens4    |
|      0.1 |       4,179,744 |         1 |     4,179,744.0 |     4,179,744.0 |     4,179,744 |     4,179,744 |         0.0 | PushPop | :decode_step191_tokens4    |
|      0.1 |       4,132,960 |         1 |     4,132,960.0 |     4,132,960.0 |     4,132,960 |     4,132,960 |         0.0 | PushPop | :decode_step1020_tokens4   |
|      0.1 |       4,124,752 |         1 |     4,124,752.0 |     4,124,752.0 |     4,124,752 |     4,124,752 |         0.0 | PushPop | :decode_step217_tokens4    |
|      0.1 |       4,122,704 |         1 |     4,122,704.0 |     4,122,704.0 |     4,122,704 |     4,122,704 |         0.0 | PushPop | :decode_step1001_tokens4   |
|      0.1 |       4,114,960 |         1 |     4,114,960.0 |     4,114,960.0 |     4,114,960 |     4,114,960 |         0.0 | PushPop | :decode_step867_tokens4    |
|      0.1 |       4,094,432 |         1 |     4,094,432.0 |     4,094,432.0 |     4,094,432 |     4,094,432 |         0.0 | PushPop | :decode_step626_tokens4    |
|      0.1 |       4,092,016 |         1 |     4,092,016.0 |     4,092,016.0 |     4,092,016 |     4,092,016 |         0.0 | PushPop | :decode_step354_tokens4    |
|      0.1 |       4,080,144 |         1 |     4,080,144.0 |     4,080,144.0 |     4,080,144 |     4,080,144 |         0.0 | PushPop | :decode_step895_tokens4    |
|      0.1 |       4,078,944 |         1 |     4,078,944.0 |     4,078,944.0 |     4,078,944 |     4,078,944 |         0.0 | PushPop | :decode_step315_tokens4    |
|      0.1 |       4,078,928 |         1 |     4,078,928.0 |     4,078,928.0 |     4,078,928 |     4,078,928 |         0.0 | PushPop | :decode_step586_tokens4    |
|      0.1 |       4,051,520 |         1 |     4,051,520.0 |     4,051,520.0 |     4,051,520 |     4,051,520 |         0.0 | PushPop | :decode_step15_tokens4     |
|      0.1 |       4,030,304 |         1 |     4,030,304.0 |     4,030,304.0 |     4,030,304 |     4,030,304 |         0.0 | PushPop | :decode_step436_tokens4    |
|      0.1 |       4,025,872 |         1 |     4,025,872.0 |     4,025,872.0 |     4,025,872 |     4,025,872 |         0.0 | PushPop | :decode_step783_tokens4    |
|      0.1 |       4,022,160 |         1 |     4,022,160.0 |     4,022,160.0 |     4,022,160 |     4,022,160 |         0.0 | PushPop | :decode_step382_tokens4    |
|      0.1 |       4,004,896 |         1 |     4,004,896.0 |     4,004,896.0 |     4,004,896 |     4,004,896 |         0.0 | PushPop | :decode_step552_tokens4    |
|      0.1 |       3,994,688 |         1 |     3,994,688.0 |     3,994,688.0 |     3,994,688 |     3,994,688 |         0.0 | PushPop | :decode_step897_tokens4    |
|      0.1 |       3,966,272 |         1 |     3,966,272.0 |     3,966,272.0 |     3,966,272 |     3,966,272 |         0.0 | PushPop | :decode_step316_tokens4    |
|      0.1 |       3,963,616 |         1 |     3,963,616.0 |     3,963,616.0 |     3,963,616 |     3,963,616 |         0.0 | PushPop | :decode_step947_tokens4    |
|      0.1 |       3,933,840 |         1 |     3,933,840.0 |     3,933,840.0 |     3,933,840 |     3,933,840 |         0.0 | PushPop | :decode_step551_tokens4    |
|      0.1 |       3,910,384 |         1 |     3,910,384.0 |     3,910,384.0 |     3,910,384 |     3,910,384 |         0.0 | PushPop | :decode_step782_tokens4    |
|      0.1 |       3,909,744 |         1 |     3,909,744.0 |     3,909,744.0 |     3,909,744 |     3,909,744 |         0.0 | PushPop | :decode_step198_tokens4    |
|      0.1 |       3,885,760 |         1 |     3,885,760.0 |     3,885,760.0 |     3,885,760 |     3,885,760 |         0.0 | PushPop | :decode_step1013_tokens4   |
|      0.1 |       3,880,336 |         1 |     3,880,336.0 |     3,880,336.0 |     3,880,336 |     3,880,336 |         0.0 | PushPop | :decode_step599_tokens4    |
|      0.1 |       3,879,360 |         1 |     3,879,360.0 |     3,879,360.0 |     3,879,360 |     3,879,360 |         0.0 | PushPop | :decode_step570_tokens4    |
|      0.1 |       3,861,232 |         1 |     3,861,232.0 |     3,861,232.0 |     3,861,232 |     3,861,232 |         0.0 | PushPop | :decode_step674_tokens4    |
|      0.1 |       3,857,744 |         1 |     3,857,744.0 |     3,857,744.0 |     3,857,744 |     3,857,744 |         0.0 | PushPop | :decode_step840_tokens4    |
|      0.1 |       3,851,952 |         1 |     3,851,952.0 |     3,851,952.0 |     3,851,952 |     3,851,952 |         0.0 | PushPop | :decode_step787_tokens4    |
|      0.1 |       3,851,216 |         1 |     3,851,216.0 |     3,851,216.0 |     3,851,216 |     3,851,216 |         0.0 | PushPop | :decode_step839_tokens4    |
|      0.1 |       3,841,872 |         1 |     3,841,872.0 |     3,841,872.0 |     3,841,872 |     3,841,872 |         0.0 | PushPop | :decode_step200_tokens4    |
|      0.1 |       3,841,856 |         1 |     3,841,856.0 |     3,841,856.0 |     3,841,856 |     3,841,856 |         0.0 | PushPop | :decode_step433_tokens4    |
|      0.1 |       3,836,928 |         1 |     3,836,928.0 |     3,836,928.0 |     3,836,928 |     3,836,928 |         0.0 | PushPop | :decode_step441_tokens4    |
|      0.1 |       3,836,128 |         1 |     3,836,128.0 |     3,836,128.0 |     3,836,128 |     3,836,128 |         0.0 | PushPop | :decode_step725_tokens4    |
|      0.1 |       3,830,416 |         1 |     3,830,416.0 |     3,830,416.0 |     3,830,416 |     3,830,416 |         0.0 | PushPop | :decode_step94_tokens4     |
|      0.1 |       3,816,384 |         1 |     3,816,384.0 |     3,816,384.0 |     3,816,384 |     3,816,384 |         0.0 | PushPop | :decode_step1027_tokens4   |
|      0.1 |       3,806,800 |         1 |     3,806,800.0 |     3,806,800.0 |     3,806,800 |     3,806,800 |         0.0 | PushPop | :decode_step672_tokens4    |
|      0.1 |       3,801,776 |         1 |     3,801,776.0 |     3,801,776.0 |     3,801,776 |     3,801,776 |         0.0 | PushPop | :decode_step544_tokens4    |
|      0.1 |       3,778,368 |         1 |     3,778,368.0 |     3,778,368.0 |     3,778,368 |     3,778,368 |         0.0 | PushPop | :decode_step1021_tokens4   |
|      0.1 |       3,772,352 |         1 |     3,772,352.0 |     3,772,352.0 |     3,772,352 |     3,772,352 |         0.0 | PushPop | :decode_step386_tokens4    |
|      0.1 |       3,766,496 |         1 |     3,766,496.0 |     3,766,496.0 |     3,766,496 |     3,766,496 |         0.0 | PushPop | :decode_step706_tokens4    |
|      0.1 |       3,766,000 |         1 |     3,766,000.0 |     3,766,000.0 |     3,766,000 |     3,766,000 |         0.0 | PushPop | :decode_step220_tokens4    |
|      0.1 |       3,747,616 |         1 |     3,747,616.0 |     3,747,616.0 |     3,747,616 |     3,747,616 |         0.0 | PushPop | :decode_step437_tokens4    |
|      0.1 |       3,733,664 |         1 |     3,733,664.0 |     3,733,664.0 |     3,733,664 |     3,733,664 |         0.0 | PushPop | :decode_step383_tokens4    |
|      0.1 |       3,723,776 |         1 |     3,723,776.0 |     3,723,776.0 |     3,723,776 |     3,723,776 |         0.0 | PushPop | :decode_step317_tokens4    |
|      0.1 |       3,721,584 |         1 |     3,721,584.0 |     3,721,584.0 |     3,721,584 |     3,721,584 |         0.0 | PushPop | :decode_step898_tokens4    |
|      0.1 |       3,709,616 |         1 |     3,709,616.0 |     3,709,616.0 |     3,709,616 |     3,709,616 |         0.0 | PushPop | :decode_step553_tokens4    |
|      0.1 |       3,704,352 |         1 |     3,704,352.0 |     3,704,352.0 |     3,704,352 |     3,704,352 |         0.0 | PushPop | :decode_step442_tokens4    |
|      0.1 |       3,699,312 |         1 |     3,699,312.0 |     3,699,312.0 |     3,699,312 |     3,699,312 |         0.0 | PushPop | :decode_step463_tokens4    |
|      0.1 |       3,683,264 |         1 |     3,683,264.0 |     3,683,264.0 |     3,683,264 |     3,683,264 |         0.0 | PushPop | :decode_step604_tokens4    |
|      0.1 |       3,658,272 |         1 |     3,658,272.0 |     3,658,272.0 |     3,658,272 |     3,658,272 |         0.0 | PushPop | :decode_step199_tokens4    |
|      0.1 |       3,655,952 |         1 |     3,655,952.0 |     3,655,952.0 |     3,655,952 |     3,655,952 |         0.0 | PushPop | :decode_step560_tokens4    |
|      0.1 |       3,644,128 |         1 |     3,644,128.0 |     3,644,128.0 |     3,644,128 |     3,644,128 |         0.0 | PushPop | :decode_step627_tokens4    |
|      0.1 |       3,637,312 |         1 |     3,637,312.0 |     3,637,312.0 |     3,637,312 |     3,637,312 |         0.0 | PushPop | :decode_step98_tokens4     |
|      0.1 |       3,630,560 |         1 |     3,630,560.0 |     3,630,560.0 |     3,630,560 |     3,630,560 |         0.0 | PushPop | :decode_step784_tokens4    |
|      0.1 |       3,628,176 |         1 |     3,628,176.0 |     3,628,176.0 |     3,628,176 |     3,628,176 |         0.0 | PushPop | :decode_step137_tokens4    |
|      0.1 |       3,627,520 |         1 |     3,627,520.0 |     3,627,520.0 |     3,627,520 |     3,627,520 |         0.0 | PushPop | :decode_step55_tokens4     |
|      0.1 |       3,626,032 |         1 |     3,626,032.0 |     3,626,032.0 |     3,626,032 |     3,626,032 |         0.0 | PushPop | :decode_step543_tokens4    |
|      0.1 |       3,622,288 |         1 |     3,622,288.0 |     3,622,288.0 |     3,622,288 |     3,622,288 |         0.0 | PushPop | :decode_step320_tokens4    |
|      0.1 |       3,621,552 |         1 |     3,621,552.0 |     3,621,552.0 |     3,621,552 |     3,621,552 |         0.0 | PushPop | :decode_step100_tokens4    |
|      0.1 |       3,615,888 |         1 |     3,615,888.0 |     3,615,888.0 |     3,615,888 |     3,615,888 |         0.0 | PushPop | :decode_step814_tokens4    |
|      0.1 |       3,605,984 |         1 |     3,605,984.0 |     3,605,984.0 |     3,605,984 |     3,605,984 |         0.0 | PushPop | :decode_step322_tokens4    |
|      0.1 |       3,605,296 |         1 |     3,605,296.0 |     3,605,296.0 |     3,605,296 |     3,605,296 |         0.0 | PushPop | :decode_step122_tokens4    |
|      0.1 |       3,602,656 |         1 |     3,602,656.0 |     3,602,656.0 |     3,602,656 |     3,602,656 |         0.0 | PushPop | :decode_step561_tokens4    |
|      0.1 |       3,595,840 |         1 |     3,595,840.0 |     3,595,840.0 |     3,595,840 |     3,595,840 |         0.0 | PushPop | :decode_step186_tokens4    |
|      0.1 |       3,593,744 |         1 |     3,593,744.0 |     3,593,744.0 |     3,593,744 |     3,593,744 |         0.0 | PushPop | :decode_step434_tokens4    |
|      0.1 |       3,589,504 |         1 |     3,589,504.0 |     3,589,504.0 |     3,589,504 |     3,589,504 |         0.0 | PushPop | :decode_step438_tokens4    |
|      0.1 |       3,583,184 |         1 |     3,583,184.0 |     3,583,184.0 |     3,583,184 |     3,583,184 |         0.0 | PushPop | :decode_step841_tokens4    |
|      0.1 |       3,580,816 |         1 |     3,580,816.0 |     3,580,816.0 |     3,580,816 |     3,580,816 |         0.0 | PushPop | :decode_step903_tokens4    |
|      0.1 |       3,564,336 |         1 |     3,564,336.0 |     3,564,336.0 |     3,564,336 |     3,564,336 |         0.0 | PushPop | :decode_step905_tokens4    |
|      0.1 |       3,545,712 |         1 |     3,545,712.0 |     3,545,712.0 |     3,545,712 |     3,545,712 |         0.0 | PushPop | :decode_step675_tokens4    |
|      0.1 |       3,543,520 |         1 |     3,543,520.0 |     3,543,520.0 |     3,543,520 |     3,543,520 |         0.0 | PushPop | :decode_step298_tokens4    |
|      0.1 |       3,541,024 |         1 |     3,541,024.0 |     3,541,024.0 |     3,541,024 |     3,541,024 |         0.0 | PushPop | :decode_step869_tokens4    |
|      0.1 |       3,539,184 |         1 |     3,539,184.0 |     3,539,184.0 |     3,539,184 |     3,539,184 |         0.0 | PushPop | :decode_step902_tokens4    |
|      0.1 |       3,520,288 |         1 |     3,520,288.0 |     3,520,288.0 |     3,520,288 |     3,520,288 |         0.0 | PushPop | :decode_step949_tokens4    |
|      0.1 |       3,519,504 |         1 |     3,519,504.0 |     3,519,504.0 |     3,519,504 |     3,519,504 |         0.0 | PushPop | :decode_step1007_tokens4   |
|      0.1 |       3,518,480 |         1 |     3,518,480.0 |     3,518,480.0 |     3,518,480 |     3,518,480 |         0.0 | PushPop | :decode_step357_tokens4    |
|      0.1 |       3,515,968 |         1 |     3,515,968.0 |     3,515,968.0 |     3,515,968 |     3,515,968 |         0.0 | PushPop | :decode_step948_tokens4    |
|      0.1 |       3,506,640 |         1 |     3,506,640.0 |     3,506,640.0 |     3,506,640 |     3,506,640 |         0.0 | PushPop | :decode_step518_tokens4    |
|      0.1 |       3,503,984 |         1 |     3,503,984.0 |     3,503,984.0 |     3,503,984 |     3,503,984 |         0.0 | PushPop | :decode_step301_tokens4    |
|      0.1 |       3,487,216 |         1 |     3,487,216.0 |     3,487,216.0 |     3,487,216 |     3,487,216 |         0.0 | PushPop | :decode_step318_tokens4    |
|      0.1 |       3,484,848 |         1 |     3,484,848.0 |     3,484,848.0 |     3,484,848 |     3,484,848 |         0.0 | PushPop | :decode_step908_tokens4    |
|      0.1 |       3,483,072 |         1 |     3,483,072.0 |     3,483,072.0 |     3,483,072 |     3,483,072 |         0.0 | PushPop | :decode_step1015_tokens4   |
|      0.1 |       3,482,784 |         1 |     3,482,784.0 |     3,482,784.0 |     3,482,784 |     3,482,784 |         0.0 | PushPop | :decode_step1022_tokens4   |
|      0.1 |       3,482,208 |         1 |     3,482,208.0 |     3,482,208.0 |     3,482,208 |     3,482,208 |         0.0 | PushPop | :decode_step1014_tokens4   |
|      0.1 |       3,474,544 |         1 |     3,474,544.0 |     3,474,544.0 |     3,474,544 |     3,474,544 |         0.0 | PushPop | :decode_step759_tokens4    |
|      0.1 |       3,474,112 |         1 |     3,474,112.0 |     3,474,112.0 |     3,474,112 |     3,474,112 |         0.0 | PushPop | :decode_step678_tokens4    |
|      0.1 |       3,467,408 |         1 |     3,467,408.0 |     3,467,408.0 |     3,467,408 |     3,467,408 |         0.0 | PushPop | :decode_step1028_tokens4   |
|      0.1 |       3,462,224 |         1 |     3,462,224.0 |     3,462,224.0 |     3,462,224 |     3,462,224 |         0.0 | PushPop | :decode_step920_tokens4    |
|      0.1 |       3,460,672 |         1 |     3,460,672.0 |     3,460,672.0 |     3,460,672 |     3,460,672 |         0.0 | PushPop | :decode_step97_tokens4     |
|      0.1 |       3,438,064 |         1 |     3,438,064.0 |     3,438,064.0 |     3,438,064 |     3,438,064 |         0.0 | PushPop | :decode_step462_tokens4    |
|      0.1 |       3,433,776 |         1 |     3,433,776.0 |     3,433,776.0 |     3,433,776 |     3,433,776 |         0.0 | PushPop | :decode_step96_tokens4     |
|      0.1 |       3,424,720 |         1 |     3,424,720.0 |     3,424,720.0 |     3,424,720 |     3,424,720 |         0.0 | PushPop | :decode_step355_tokens4    |
|      0.1 |       3,420,496 |         1 |     3,420,496.0 |     3,420,496.0 |     3,420,496 |     3,420,496 |         0.0 | PushPop | :decode_step967_tokens4    |
|      0.1 |       3,420,240 |         1 |     3,420,240.0 |     3,420,240.0 |     3,420,240 |     3,420,240 |         0.0 | PushPop | :decode_step868_tokens4    |
|      0.1 |       3,413,760 |         1 |     3,413,760.0 |     3,413,760.0 |     3,413,760 |     3,413,760 |         0.0 | PushPop | :decode_step440_tokens4    |
|      0.1 |       3,413,232 |         1 |     3,413,232.0 |     3,413,232.0 |     3,413,232 |     3,413,232 |         0.0 | PushPop | :decode_step766_tokens4    |
|      0.1 |       3,410,368 |         1 |     3,410,368.0 |     3,410,368.0 |     3,410,368 |     3,410,368 |         0.0 | PushPop | :decode_step904_tokens4    |
|      0.1 |       3,409,536 |         1 |     3,409,536.0 |     3,409,536.0 |     3,409,536 |     3,409,536 |         0.0 | PushPop | :decode_step899_tokens4    |
|      0.1 |       3,407,312 |         1 |     3,407,312.0 |     3,407,312.0 |     3,407,312 |     3,407,312 |         0.0 | PushPop | :decode_step109_tokens4    |
|      0.1 |       3,403,504 |         1 |     3,403,504.0 |     3,403,504.0 |     3,403,504 |     3,403,504 |         0.0 | PushPop | :decode_step439_tokens4    |
|      0.1 |       3,399,520 |         1 |     3,399,520.0 |     3,399,520.0 |     3,399,520 |     3,399,520 |         0.0 | PushPop | :decode_step629_tokens4    |
|      0.1 |       3,389,088 |         1 |     3,389,088.0 |     3,389,088.0 |     3,389,088 |     3,389,088 |         0.0 | PushPop | :decode_step149_tokens4    |
|      0.1 |       3,381,728 |         1 |     3,381,728.0 |     3,381,728.0 |     3,381,728 |     3,381,728 |         0.0 | PushPop | :decode_step1029_tokens4   |
|      0.1 |       3,379,104 |         1 |     3,379,104.0 |     3,379,104.0 |     3,379,104 |     3,379,104 |         0.0 | PushPop | :decode_step788_tokens4    |
|      0.1 |       3,378,832 |         1 |     3,378,832.0 |     3,378,832.0 |     3,378,832 |     3,378,832 |         0.0 | PushPop | :decode_step652_tokens4    |
|      0.1 |       3,378,752 |         1 |     3,378,752.0 |     3,378,752.0 |     3,378,752 |     3,378,752 |         0.0 | PushPop | :decode_step273_tokens4    |
|      0.1 |       3,377,440 |         1 |     3,377,440.0 |     3,377,440.0 |     3,377,440 |     3,377,440 |         0.0 | PushPop | :decode_step53_tokens4     |
|      0.1 |       3,376,816 |         1 |     3,376,816.0 |     3,376,816.0 |     3,376,816 |     3,376,816 |         0.0 | PushPop | :decode_step900_tokens4    |
|      0.1 |       3,376,704 |         1 |     3,376,704.0 |     3,376,704.0 |     3,376,704 |     3,376,704 |         0.0 | PushPop | :decode_step907_tokens4    |
|      0.1 |       3,373,744 |         1 |     3,373,744.0 |     3,373,744.0 |     3,373,744 |     3,373,744 |         0.0 | PushPop | :decode_step707_tokens4    |
|      0.1 |       3,372,848 |         1 |     3,372,848.0 |     3,372,848.0 |     3,372,848 |     3,372,848 |         0.0 | PushPop | :decode_step577_tokens4    |
|      0.1 |       3,372,432 |         1 |     3,372,432.0 |     3,372,432.0 |     3,372,432 |     3,372,432 |         0.0 | PushPop | :decode_step894_tokens4    |
|      0.1 |       3,370,864 |         1 |     3,370,864.0 |     3,370,864.0 |     3,370,864 |     3,370,864 |         0.0 | PushPop | :decode_step785_tokens4    |
|      0.1 |       3,367,696 |         1 |     3,367,696.0 |     3,367,696.0 |     3,367,696 |     3,367,696 |         0.0 | PushPop | :decode_step545_tokens4    |
|      0.1 |       3,362,528 |         1 |     3,362,528.0 |     3,362,528.0 |     3,362,528 |     3,362,528 |         0.0 | PushPop | :decode_step192_tokens4    |
|      0.1 |       3,361,984 |         1 |     3,361,984.0 |     3,361,984.0 |     3,361,984 |     3,361,984 |         0.0 | PushPop | :decode_step321_tokens4    |
|      0.1 |       3,359,312 |         1 |     3,359,312.0 |     3,359,312.0 |     3,359,312 |     3,359,312 |         0.0 | PushPop | :decode_step464_tokens4    |
|      0.1 |       3,358,352 |         1 |     3,358,352.0 |     3,358,352.0 |     3,358,352 |     3,358,352 |         0.0 | PushPop | :decode_step727_tokens4    |
|      0.1 |       3,349,808 |         1 |     3,349,808.0 |     3,349,808.0 |     3,349,808 |     3,349,808 |         0.0 | PushPop | :decode_step708_tokens4    |
|      0.1 |       3,349,472 |         1 |     3,349,472.0 |     3,349,472.0 |     3,349,472 |     3,349,472 |         0.0 | PushPop | :decode_step870_tokens4    |
|      0.1 |       3,348,176 |         1 |     3,348,176.0 |     3,348,176.0 |     3,348,176 |     3,348,176 |         0.0 | PushPop | :decode_step319_tokens4    |
|      0.1 |       3,346,416 |         1 |     3,346,416.0 |     3,346,416.0 |     3,346,416 |     3,346,416 |         0.0 | PushPop | :decode_step741_tokens4    |
|      0.1 |       3,345,568 |         1 |     3,345,568.0 |     3,345,568.0 |     3,345,568 |     3,345,568 |         0.0 | PushPop | :decode_step554_tokens4    |
|      0.1 |       3,341,600 |         1 |     3,341,600.0 |     3,341,600.0 |     3,341,600 |     3,341,600 |         0.0 | PushPop | :decode_step279_tokens4    |
|      0.1 |       3,335,616 |         1 |     3,335,616.0 |     3,335,616.0 |     3,335,616 |     3,335,616 |         0.0 | PushPop | :decode_step202_tokens4    |
|      0.1 |       3,335,328 |         1 |     3,335,328.0 |     3,335,328.0 |     3,335,328 |     3,335,328 |         0.0 | PushPop | :decode_step139_tokens4    |
|      0.1 |       3,331,248 |         1 |     3,331,248.0 |     3,331,248.0 |     3,331,248 |     3,331,248 |         0.0 | PushPop | :decode_step733_tokens4    |
|      0.1 |       3,327,392 |         1 |     3,327,392.0 |     3,327,392.0 |     3,327,392 |     3,327,392 |         0.0 | PushPop | :decode_step901_tokens4    |
|      0.1 |       3,326,944 |         1 |     3,326,944.0 |     3,326,944.0 |     3,326,944 |     3,326,944 |         0.0 | PushPop | :decode_step815_tokens4    |
|      0.1 |       3,324,400 |         1 |     3,324,400.0 |     3,324,400.0 |     3,324,400 |     3,324,400 |         0.0 | PushPop | :decode_step573_tokens4    |
|      0.1 |       3,323,824 |         1 |     3,323,824.0 |     3,323,824.0 |     3,323,824 |     3,323,824 |         0.0 | PushPop | :decode_step579_tokens4    |
|      0.1 |       3,319,232 |         1 |     3,319,232.0 |     3,319,232.0 |     3,319,232 |     3,319,232 |         0.0 | PushPop | :decode_step955_tokens4    |
|      0.1 |       3,315,920 |         1 |     3,315,920.0 |     3,315,920.0 |     3,315,920 |     3,315,920 |         0.0 | PushPop | :decode_step738_tokens4    |
|      0.1 |       3,313,872 |         1 |     3,313,872.0 |     3,313,872.0 |     3,313,872 |     3,313,872 |         0.0 | PushPop | :decode_step16_tokens4     |
|      0.1 |       3,313,824 |         1 |     3,313,824.0 |     3,313,824.0 |     3,313,824 |     3,313,824 |         0.0 | PushPop | :decode_step219_tokens4    |
|      0.1 |       3,312,208 |         1 |     3,312,208.0 |     3,312,208.0 |     3,312,208 |     3,312,208 |         0.0 | PushPop | :decode_step102_tokens4    |
|      0.1 |       3,310,576 |         1 |     3,310,576.0 |     3,310,576.0 |     3,310,576 |     3,310,576 |         0.0 | PushPop | :decode_step562_tokens4    |
|      0.1 |       3,310,032 |         1 |     3,310,032.0 |     3,310,032.0 |     3,310,032 |     3,310,032 |         0.0 | PushPop | :decode_step1006_tokens4   |
|      0.1 |       3,308,656 |         1 |     3,308,656.0 |     3,308,656.0 |     3,308,656 |     3,308,656 |         0.0 | PushPop | :decode_step201_tokens4    |
|      0.1 |       3,307,568 |         1 |     3,307,568.0 |     3,307,568.0 |     3,307,568 |     3,307,568 |         0.0 | PushPop | :decode_step443_tokens4    |
|      0.1 |       3,302,544 |         1 |     3,302,544.0 |     3,302,544.0 |     3,302,544 |     3,302,544 |         0.0 | PushPop | :decode_step760_tokens4    |
|      0.1 |       3,297,808 |         1 |     3,297,808.0 |     3,297,808.0 |     3,297,808 |     3,297,808 |         0.0 | PushPop | :decode_step205_tokens4    |
|      0.1 |       3,296,768 |         1 |     3,296,768.0 |     3,296,768.0 |     3,296,768 |     3,296,768 |         0.0 | PushPop | :decode_step323_tokens4    |
|      0.1 |       3,290,448 |         1 |     3,290,448.0 |     3,290,448.0 |     3,290,448 |     3,290,448 |         0.0 | PushPop | :decode_step519_tokens4    |
|      0.1 |       3,289,728 |         1 |     3,289,728.0 |     3,289,728.0 |     3,289,728 |     3,289,728 |         0.0 | PushPop | :decode_step742_tokens4    |
|      0.1 |       3,285,440 |         1 |     3,285,440.0 |     3,285,440.0 |     3,285,440 |     3,285,440 |         0.0 | PushPop | :decode_step1030_tokens4   |
|      0.1 |       3,283,648 |         1 |     3,283,648.0 |     3,283,648.0 |     3,283,648 |     3,283,648 |         0.0 | PushPop | :decode_step567_tokens4    |
|      0.1 |       3,281,904 |         1 |     3,281,904.0 |     3,281,904.0 |     3,281,904 |     3,281,904 |         0.0 | PushPop | :decode_step563_tokens4    |
|      0.1 |       3,280,352 |         1 |     3,280,352.0 |     3,280,352.0 |     3,280,352 |     3,280,352 |         0.0 | PushPop | :decode_step600_tokens4    |
|      0.1 |       3,280,320 |         1 |     3,280,320.0 |     3,280,320.0 |     3,280,320 |     3,280,320 |         0.0 | PushPop | :decode_step572_tokens4    |
|      0.1 |       3,279,328 |         1 |     3,279,328.0 |     3,279,328.0 |     3,279,328 |     3,279,328 |         0.0 | PushPop | :decode_step546_tokens4    |
|      0.1 |       3,275,744 |         1 |     3,275,744.0 |     3,275,744.0 |     3,275,744 |     3,275,744 |         0.0 | PushPop | :decode_step385_tokens4    |
|      0.1 |       3,274,640 |         1 |     3,274,640.0 |     3,274,640.0 |     3,274,640 |     3,274,640 |         0.0 | PushPop | :decode_step677_tokens4    |
|      0.1 |       3,272,880 |         1 |     3,272,880.0 |     3,272,880.0 |     3,272,880 |     3,272,880 |         0.0 | PushPop | :decode_step556_tokens4    |
|      0.1 |       3,271,136 |         1 |     3,271,136.0 |     3,271,136.0 |     3,271,136 |     3,271,136 |         0.0 | PushPop | :decode_step547_tokens4    |
|      0.1 |       3,265,584 |         1 |     3,265,584.0 |     3,265,584.0 |     3,265,584 |     3,265,584 |         0.0 | PushPop | :decode_step575_tokens4    |
|      0.1 |       3,263,536 |         1 |     3,263,536.0 |     3,263,536.0 |     3,263,536 |     3,263,536 |         0.0 | PushPop | :decode_step1003_tokens4   |
|      0.1 |       3,260,912 |         1 |     3,260,912.0 |     3,260,912.0 |     3,260,912 |     3,260,912 |         0.0 | PushPop | :decode_step909_tokens4    |
|      0.1 |       3,260,480 |         1 |     3,260,480.0 |     3,260,480.0 |     3,260,480 |     3,260,480 |         0.0 | PushPop | :decode_step761_tokens4    |
|      0.1 |       3,258,480 |         1 |     3,258,480.0 |     3,258,480.0 |     3,258,480 |     3,258,480 |         0.0 | PushPop | :decode_step734_tokens4    |
|      0.1 |       3,251,808 |         1 |     3,251,808.0 |     3,251,808.0 |     3,251,808 |     3,251,808 |         0.0 | PushPop | :decode_step576_tokens4    |
|      0.1 |       3,251,104 |         1 |     3,251,104.0 |     3,251,104.0 |     3,251,104 |     3,251,104 |         0.0 | PushPop | :decode_step937_tokens4    |
|      0.1 |       3,248,816 |         1 |     3,248,816.0 |     3,248,816.0 |     3,248,816 |     3,248,816 |         0.0 | PushPop | :decode_step1033_tokens4   |
|      0.1 |       3,246,992 |         1 |     3,246,992.0 |     3,246,992.0 |     3,246,992 |     3,246,992 |         0.0 | PushPop | :decode_step18_tokens4     |
|      0.1 |       3,246,128 |         1 |     3,246,128.0 |     3,246,128.0 |     3,246,128 |     3,246,128 |         0.0 | PushPop | :decode_step287_tokens4    |
|      0.1 |       3,240,320 |         1 |     3,240,320.0 |     3,240,320.0 |     3,240,320 |     3,240,320 |         0.0 | PushPop | :decode_step968_tokens4    |
|      0.1 |       3,239,056 |         1 |     3,239,056.0 |     3,239,056.0 |     3,239,056 |     3,239,056 |         0.0 | PushPop | :decode_step221_tokens4    |
|      0.1 |       3,238,960 |         1 |     3,238,960.0 |     3,238,960.0 |     3,238,960 |     3,238,960 |         0.0 | PushPop | :decode_step964_tokens4    |
|      0.1 |       3,237,296 |         1 |     3,237,296.0 |     3,237,296.0 |     3,237,296 |     3,237,296 |         0.0 | PushPop | :decode_step468_tokens4    |
|      0.1 |       3,235,104 |         1 |     3,235,104.0 |     3,235,104.0 |     3,235,104 |     3,235,104 |         0.0 | PushPop | :decode_step274_tokens4    |
|      0.1 |       3,235,040 |         1 |     3,235,040.0 |     3,235,040.0 |     3,235,040 |     3,235,040 |         0.0 | PushPop | :decode_step445_tokens4    |
|      0.1 |       3,234,176 |         1 |     3,234,176.0 |     3,234,176.0 |     3,234,176 |     3,234,176 |         0.0 | PushPop | :decode_step1032_tokens4   |
|      0.1 |       3,232,880 |         1 |     3,232,880.0 |     3,232,880.0 |     3,232,880 |     3,232,880 |         0.0 | PushPop | :decode_step532_tokens4    |
|      0.1 |       3,231,936 |         1 |     3,231,936.0 |     3,231,936.0 |     3,231,936 |     3,231,936 |         0.0 | PushPop | :decode_step676_tokens4    |
|      0.1 |       3,229,296 |         1 |     3,229,296.0 |     3,229,296.0 |     3,229,296 |     3,229,296 |         0.0 | PushPop | :decode_step965_tokens4    |
|      0.1 |       3,229,200 |         1 |     3,229,200.0 |     3,229,200.0 |     3,229,200 |     3,229,200 |         0.0 | PushPop | :decode_step125_tokens4    |
|      0.1 |       3,228,288 |         1 |     3,228,288.0 |     3,228,288.0 |     3,228,288 |     3,228,288 |         0.0 | PushPop | :decode_step780_tokens4    |
|      0.1 |       3,227,600 |         1 |     3,227,600.0 |     3,227,600.0 |     3,227,600 |     3,227,600 |         0.0 | PushPop | :decode_step224_tokens4    |
|      0.1 |       3,227,152 |         1 |     3,227,152.0 |     3,227,152.0 |     3,227,152 |     3,227,152 |         0.0 | PushPop | :decode_step555_tokens4    |
|      0.1 |       3,225,456 |         1 |     3,225,456.0 |     3,225,456.0 |     3,225,456 |     3,225,456 |         0.0 | PushPop | :decode_step956_tokens4    |
|      0.1 |       3,222,576 |         1 |     3,222,576.0 |     3,222,576.0 |     3,222,576 |     3,222,576 |         0.0 | PushPop | :decode_step661_tokens4    |
|      0.1 |       3,218,800 |         1 |     3,218,800.0 |     3,218,800.0 |     3,218,800 |     3,218,800 |         0.0 | PushPop | :decode_step875_tokens4    |
|      0.1 |       3,214,560 |         1 |     3,214,560.0 |     3,214,560.0 |     3,214,560 |     3,214,560 |         0.0 | PushPop | :decode_step329_tokens4    |
|      0.1 |       3,212,128 |         1 |     3,212,128.0 |     3,212,128.0 |     3,212,128 |     3,212,128 |         0.0 | PushPop | :decode_step910_tokens4    |
|      0.1 |       3,210,272 |         1 |     3,210,272.0 |     3,210,272.0 |     3,210,272 |     3,210,272 |         0.0 | PushPop | :decode_step138_tokens4    |
|      0.1 |       3,209,696 |         1 |     3,209,696.0 |     3,209,696.0 |     3,209,696 |     3,209,696 |         0.0 | PushPop | :decode_step275_tokens4    |
|      0.1 |       3,209,072 |         1 |     3,209,072.0 |     3,209,072.0 |     3,209,072 |     3,209,072 |         0.0 | PushPop | :decode_step709_tokens4    |
|      0.1 |       3,206,048 |         1 |     3,206,048.0 |     3,206,048.0 |     3,206,048 |     3,206,048 |         0.0 | PushPop | :decode_step653_tokens4    |
|      0.1 |       3,205,152 |         1 |     3,205,152.0 |     3,205,152.0 |     3,205,152 |     3,205,152 |         0.0 | PushPop | :decode_step216_tokens4    |
|      0.1 |       3,200,400 |         1 |     3,200,400.0 |     3,200,400.0 |     3,200,400 |     3,200,400 |         0.0 | PushPop | :decode_step943_tokens4    |
|      0.1 |       3,197,632 |         1 |     3,197,632.0 |     3,197,632.0 |     3,197,632 |     3,197,632 |         0.0 | PushPop | :decode_step952_tokens4    |
|      0.1 |       3,195,424 |         1 |     3,195,424.0 |     3,195,424.0 |     3,195,424 |     3,195,424 |         0.0 | PushPop | :decode_step775_tokens4    |
|      0.1 |       3,193,232 |         1 |     3,193,232.0 |     3,193,232.0 |     3,193,232 |     3,193,232 |         0.0 | PushPop | :decode_step496_tokens4    |
|      0.1 |       3,190,848 |         1 |     3,190,848.0 |     3,190,848.0 |     3,190,848 |     3,190,848 |         0.0 | PushPop | :decode_step324_tokens4    |
|      0.1 |       3,190,608 |         1 |     3,190,608.0 |     3,190,608.0 |     3,190,608 |     3,190,608 |         0.0 | PushPop | :decode_step912_tokens4    |
|      0.1 |       3,189,072 |         1 |     3,189,072.0 |     3,189,072.0 |     3,189,072 |     3,189,072 |         0.0 | PushPop | :decode_step203_tokens4    |
|      0.1 |       3,187,856 |         1 |     3,187,856.0 |     3,187,856.0 |     3,187,856 |     3,187,856 |         0.0 | PushPop | :decode_step302_tokens4    |
|      0.1 |       3,186,944 |         1 |     3,186,944.0 |     3,186,944.0 |     3,186,944 |     3,186,944 |         0.0 | PushPop | :decode_step842_tokens4    |
|      0.1 |       3,186,816 |         1 |     3,186,816.0 |     3,186,816.0 |     3,186,816 |     3,186,816 |         0.0 | PushPop | :decode_step679_tokens4    |
|      0.1 |       3,185,168 |         1 |     3,185,168.0 |     3,185,168.0 |     3,185,168 |     3,185,168 |         0.0 | PushPop | :decode_step240_tokens4    |
|      0.1 |       3,180,064 |         1 |     3,180,064.0 |     3,180,064.0 |     3,180,064 |     3,180,064 |         0.0 | PushPop | :decode_step303_tokens4    |
|      0.1 |       3,179,376 |         1 |     3,179,376.0 |     3,179,376.0 |     3,179,376 |     3,179,376 |         0.0 | PushPop | :decode_step187_tokens4    |
|      0.1 |       3,177,984 |         1 |     3,177,984.0 |     3,177,984.0 |     3,177,984 |     3,177,984 |         0.0 | PushPop | :decode_step1024_tokens4   |
|      0.1 |       3,176,352 |         1 |     3,176,352.0 |     3,176,352.0 |     3,176,352 |     3,176,352 |         0.0 | PushPop | :decode_step906_tokens4    |
|      0.1 |       3,174,304 |         1 |     3,174,304.0 |     3,174,304.0 |     3,174,304 |     3,174,304 |         0.0 | PushPop | :decode_step447_tokens4    |
|      0.1 |       3,166,608 |         1 |     3,166,608.0 |     3,166,608.0 |     3,166,608 |     3,166,608 |         0.0 | PushPop | :decode_step710_tokens4    |
|      0.1 |       3,156,672 |         1 |     3,156,672.0 |     3,156,672.0 |     3,156,672 |     3,156,672 |         0.0 | PushPop | :decode_step398_tokens4    |
|      0.1 |       3,156,048 |         1 |     3,156,048.0 |     3,156,048.0 |     3,156,048 |     3,156,048 |         0.0 | PushPop | :decode_step1034_tokens4   |
|      0.1 |       3,155,392 |         1 |     3,155,392.0 |     3,155,392.0 |     3,155,392 |     3,155,392 |         0.0 | PushPop | :decode_step816_tokens4    |
|      0.1 |       3,153,200 |         1 |     3,153,200.0 |     3,153,200.0 |     3,153,200 |     3,153,200 |         0.0 | PushPop | :decode_step960_tokens4    |
|      0.1 |       3,152,176 |         1 |     3,152,176.0 |     3,152,176.0 |     3,152,176 |     3,152,176 |         0.0 | PushPop | :decode_step578_tokens4    |
|      0.1 |       3,150,576 |         1 |     3,150,576.0 |     3,150,576.0 |     3,150,576 |     3,150,576 |         0.0 | PushPop | :decode_step939_tokens4    |
|      0.1 |       3,150,352 |         1 |     3,150,352.0 |     3,150,352.0 |     3,150,352 |     3,150,352 |         0.0 | PushPop | :decode_step950_tokens4    |
|      0.1 |       3,149,968 |         1 |     3,149,968.0 |     3,149,968.0 |     3,149,968 |     3,149,968 |         0.0 | PushPop | :decode_step223_tokens4    |
|      0.1 |       3,146,432 |         1 |     3,146,432.0 |     3,146,432.0 |     3,146,432 |     3,146,432 |         0.0 | PushPop | :decode_step472_tokens4    |
|      0.1 |       3,144,848 |         1 |     3,144,848.0 |     3,144,848.0 |     3,144,848 |     3,144,848 |         0.0 | PushPop | :decode_step345_tokens4    |
|      0.1 |       3,143,712 |         1 |     3,143,712.0 |     3,143,712.0 |     3,143,712 |     3,143,712 |         0.0 | PushPop | :decode_step281_tokens4    |
|      0.1 |       3,141,776 |         1 |     3,141,776.0 |     3,141,776.0 |     3,141,776 |     3,141,776 |         0.0 | PushPop | :decode_step961_tokens4    |
|      0.1 |       3,140,464 |         1 |     3,140,464.0 |     3,140,464.0 |     3,140,464 |     3,140,464 |         0.0 | PushPop | :decode_step945_tokens4    |
|      0.1 |       3,139,088 |         1 |     3,139,088.0 |     3,139,088.0 |     3,139,088 |     3,139,088 |         0.0 | PushPop | :decode_step446_tokens4    |
|      0.1 |       3,137,280 |         1 |     3,137,280.0 |     3,137,280.0 |     3,137,280 |     3,137,280 |         0.0 | PushPop | :decode_step957_tokens4    |
|      0.1 |       3,134,960 |         1 |     3,134,960.0 |     3,134,960.0 |     3,134,960 |     3,134,960 |         0.0 | PushPop | :decode_step444_tokens4    |
|      0.1 |       3,133,952 |         1 |     3,133,952.0 |     3,133,952.0 |     3,133,952 |     3,133,952 |         0.0 | PushPop | :decode_step193_tokens4    |
|      0.1 |       3,133,088 |         1 |     3,133,088.0 |     3,133,088.0 |     3,133,088 |     3,133,088 |         0.0 | PushPop | :decode_step466_tokens4    |
|      0.1 |       3,132,688 |         1 |     3,132,688.0 |     3,132,688.0 |     3,132,688 |     3,132,688 |         0.0 | PushPop | :decode_step1023_tokens4   |
|      0.1 |       3,132,528 |         1 |     3,132,528.0 |     3,132,528.0 |     3,132,528 |     3,132,528 |         0.0 | PushPop | :decode_step971_tokens4    |
|      0.1 |       3,132,208 |         1 |     3,132,208.0 |     3,132,208.0 |     3,132,208 |     3,132,208 |         0.0 | PushPop | :decode_step549_tokens4    |
|      0.1 |       3,129,408 |         1 |     3,129,408.0 |     3,129,408.0 |     3,129,408 |     3,129,408 |         0.0 | PushPop | :decode_step911_tokens4    |
|      0.1 |       3,128,992 |         1 |     3,128,992.0 |     3,128,992.0 |     3,128,992 |     3,128,992 |         0.0 | PushPop | :decode_step360_tokens4    |
|      0.1 |       3,128,368 |         1 |     3,128,368.0 |     3,128,368.0 |     3,128,368 |     3,128,368 |         0.0 | PushPop | :decode_step465_tokens4    |
|      0.1 |       3,128,208 |         1 |     3,128,208.0 |     3,128,208.0 |     3,128,208 |     3,128,208 |         0.0 | PushPop | :decode_step634_tokens4    |
|      0.1 |       3,124,784 |         1 |     3,124,784.0 |     3,124,784.0 |     3,124,784 |     3,124,784 |         0.0 | PushPop | :decode_step206_tokens4    |
|      0.1 |       3,124,432 |         1 |     3,124,432.0 |     3,124,432.0 |     3,124,432 |     3,124,432 |         0.0 | PushPop | :decode_step225_tokens4    |
|      0.1 |       3,121,888 |         1 |     3,121,888.0 |     3,121,888.0 |     3,121,888 |     3,121,888 |         0.0 | PushPop | :decode_step222_tokens4    |
|      0.1 |       3,121,248 |         1 |     3,121,248.0 |     3,121,248.0 |     3,121,248 |     3,121,248 |         0.0 | PushPop | :decode_step557_tokens4    |
|      0.1 |       3,120,896 |         1 |     3,120,896.0 |     3,120,896.0 |     3,120,896 |     3,120,896 |         0.0 | PushPop | :decode_step654_tokens4    |
|      0.1 |       3,119,680 |         1 |     3,119,680.0 |     3,119,680.0 |     3,119,680 |     3,119,680 |         0.0 | PushPop | :decode_step711_tokens4    |
|      0.1 |       3,116,048 |         1 |     3,116,048.0 |     3,116,048.0 |     3,116,048 |     3,116,048 |         0.0 | PushPop | :decode_step970_tokens4    |
|      0.1 |       3,115,680 |         1 |     3,115,680.0 |     3,115,680.0 |     3,115,680 |     3,115,680 |         0.0 | PushPop | :decode_step962_tokens4    |
|      0.1 |       3,111,920 |         1 |     3,111,920.0 |     3,111,920.0 |     3,111,920 |     3,111,920 |         0.0 | PushPop | :decode_step280_tokens4    |
|      0.1 |       3,111,728 |         1 |     3,111,728.0 |     3,111,728.0 |     3,111,728 |     3,111,728 |         0.0 | PushPop | :decode_step548_tokens4    |
|      0.1 |       3,111,440 |         1 |     3,111,440.0 |     3,111,440.0 |     3,111,440 |     3,111,440 |         0.0 | PushPop | :decode_step631_tokens4    |
|      0.1 |       3,109,808 |         1 |     3,109,808.0 |     3,109,808.0 |     3,109,808 |     3,109,808 |         0.0 | PushPop | :decode_step987_tokens4    |
|      0.1 |       3,108,160 |         1 |     3,108,160.0 |     3,108,160.0 |     3,108,160 |     3,108,160 |         0.0 | PushPop | :decode_step966_tokens4    |
|      0.1 |       3,107,824 |         1 |     3,107,824.0 |     3,107,824.0 |     3,107,824 |     3,107,824 |         0.0 | PushPop | :decode_step420_tokens4    |
|      0.1 |       3,106,144 |         1 |     3,106,144.0 |     3,106,144.0 |     3,106,144 |     3,106,144 |         0.0 | PushPop | :decode_step657_tokens4    |
|      0.1 |       3,103,488 |         1 |     3,103,488.0 |     3,103,488.0 |     3,103,488 |     3,103,488 |         0.0 | PushPop | :decode_step384_tokens4    |
|      0.1 |       3,103,456 |         1 |     3,103,456.0 |     3,103,456.0 |     3,103,456 |     3,103,456 |         0.0 | PushPop | :decode_step1009_tokens4   |
|      0.1 |       3,102,064 |         1 |     3,102,064.0 |     3,102,064.0 |     3,102,064 |     3,102,064 |         0.0 | PushPop | :decode_step144_tokens4    |
|      0.1 |       3,101,744 |         1 |     3,101,744.0 |     3,101,744.0 |     3,101,744 |     3,101,744 |         0.0 | PushPop | :decode_step498_tokens4    |
|      0.1 |       3,097,808 |         1 |     3,097,808.0 |     3,097,808.0 |     3,097,808 |     3,097,808 |         0.0 | PushPop | :decode_step872_tokens4    |
|      0.1 |       3,096,368 |         1 |     3,096,368.0 |     3,096,368.0 |     3,096,368 |     3,096,368 |         0.0 | PushPop | :decode_step332_tokens4    |
|      0.1 |       3,096,288 |         1 |     3,096,288.0 |     3,096,288.0 |     3,096,288 |     3,096,288 |         0.0 | PushPop | :decode_step581_tokens4    |
|      0.1 |       3,095,392 |         1 |     3,095,392.0 |     3,095,392.0 |     3,095,392 |     3,095,392 |         0.0 | PushPop | :decode_step927_tokens4    |
|      0.1 |       3,093,840 |         1 |     3,093,840.0 |     3,093,840.0 |     3,093,840 |     3,093,840 |         0.0 | PushPop | :decode_step790_tokens4    |
|      0.1 |       3,092,176 |         1 |     3,092,176.0 |     3,092,176.0 |     3,092,176 |     3,092,176 |         0.0 | PushPop | :decode_step986_tokens4    |
|      0.1 |       3,091,504 |         1 |     3,091,504.0 |     3,091,504.0 |     3,091,504 |     3,091,504 |         0.0 | PushPop | :decode_step387_tokens4    |
|      0.1 |       3,090,704 |         1 |     3,090,704.0 |     3,090,704.0 |     3,090,704 |     3,090,704 |         0.0 | PushPop | :decode_step995_tokens4    |
|      0.1 |       3,090,256 |         1 |     3,090,256.0 |     3,090,256.0 |     3,090,256 |     3,090,256 |         0.0 | PushPop | :decode_step941_tokens4    |
|      0.1 |       3,088,512 |         1 |     3,088,512.0 |     3,088,512.0 |     3,088,512 |     3,088,512 |         0.0 | PushPop | :decode_step953_tokens4    |
|      0.1 |       3,086,880 |         1 |     3,086,880.0 |     3,086,880.0 |     3,086,880 |     3,086,880 |         0.0 | PushPop | :decode_step1008_tokens4   |
|      0.1 |       3,086,880 |         1 |     3,086,880.0 |     3,086,880.0 |     3,086,880 |     3,086,880 |         0.0 | PushPop | :decode_step797_tokens4    |
|      0.1 |       3,086,672 |         1 |     3,086,672.0 |     3,086,672.0 |     3,086,672 |     3,086,672 |         0.0 | PushPop | :decode_step744_tokens4    |
|      0.1 |       3,086,048 |         1 |     3,086,048.0 |     3,086,048.0 |     3,086,048 |     3,086,048 |         0.0 | PushPop | :decode_step278_tokens4    |
|      0.1 |       3,085,440 |         1 |     3,085,440.0 |     3,085,440.0 |     3,085,440 |     3,085,440 |         0.0 | PushPop | :decode_step358_tokens4    |
|      0.1 |       3,084,384 |         1 |     3,084,384.0 |     3,084,384.0 |     3,084,384 |     3,084,384 |         0.0 | PushPop | :decode_step605_tokens4    |
|      0.1 |       3,083,936 |         1 |     3,083,936.0 |     3,083,936.0 |     3,083,936 |     3,083,936 |         0.0 | PushPop | :decode_step564_tokens4    |
|      0.1 |       3,082,864 |         1 |     3,082,864.0 |     3,082,864.0 |     3,082,864 |     3,082,864 |         0.0 | PushPop | :decode_step655_tokens4    |
|      0.1 |       3,082,848 |         1 |     3,082,848.0 |     3,082,848.0 |     3,082,848 |     3,082,848 |         0.0 | PushPop | :decode_step277_tokens4    |
|      0.1 |       3,081,632 |         1 |     3,081,632.0 |     3,081,632.0 |     3,081,632 |     3,081,632 |         0.0 | PushPop | :decode_step658_tokens4    |
|      0.1 |       3,080,688 |         1 |     3,080,688.0 |     3,080,688.0 |     3,080,688 |     3,080,688 |         0.0 | PushPop | :decode_step739_tokens4    |
|      0.1 |       3,080,192 |         1 |     3,080,192.0 |     3,080,192.0 |     3,080,192 |     3,080,192 |         0.0 | PushPop | :decode_step628_tokens4    |
|      0.1 |       3,080,176 |         1 |     3,080,176.0 |     3,080,176.0 |     3,080,176 |     3,080,176 |         0.0 | PushPop | :decode_step574_tokens4    |
|      0.1 |       3,078,240 |         1 |     3,078,240.0 |     3,078,240.0 |     3,078,240 |     3,078,240 |         0.0 | PushPop | :decode_step326_tokens4    |
|      0.1 |       3,077,584 |         1 |     3,077,584.0 |     3,077,584.0 |     3,077,584 |     3,077,584 |         0.0 | PushPop | :decode_step520_tokens4    |
|      0.1 |       3,075,296 |         1 |     3,075,296.0 |     3,075,296.0 |     3,075,296 |     3,075,296 |         0.0 | PushPop | :decode_step508_tokens4    |
|      0.1 |       3,074,272 |         1 |     3,074,272.0 |     3,074,272.0 |     3,074,272 |     3,074,272 |         0.0 | PushPop | :decode_step405_tokens4    |
|      0.1 |       3,072,960 |         1 |     3,072,960.0 |     3,072,960.0 |     3,072,960 |     3,072,960 |         0.0 | PushPop | :decode_step638_tokens4    |
|      0.1 |       3,072,480 |         1 |     3,072,480.0 |     3,072,480.0 |     3,072,480 |     3,072,480 |         0.0 | PushPop | :decode_step737_tokens4    |
|      0.1 |       3,071,936 |         1 |     3,071,936.0 |     3,071,936.0 |     3,071,936 |     3,071,936 |         0.0 | PushPop | :decode_step756_tokens4    |
|      0.1 |       3,071,488 |         1 |     3,071,488.0 |     3,071,488.0 |     3,071,488 |     3,071,488 |         0.0 | PushPop | :decode_step883_tokens4    |
|      0.1 |       3,070,656 |         1 |     3,070,656.0 |     3,070,656.0 |     3,070,656 |     3,070,656 |         0.0 | PushPop | :decode_step930_tokens4    |
|      0.1 |       3,069,664 |         1 |     3,069,664.0 |     3,069,664.0 |     3,069,664 |     3,069,664 |         0.0 | PushPop | :decode_step719_tokens4    |
|      0.1 |       3,069,184 |         1 |     3,069,184.0 |     3,069,184.0 |     3,069,184 |     3,069,184 |         0.0 | PushPop | :decode_step713_tokens4    |
|      0.1 |       3,068,144 |         1 |     3,068,144.0 |     3,068,144.0 |     3,068,144 |     3,068,144 |         0.0 | PushPop | :decode_step123_tokens4    |
|      0.1 |       3,067,536 |         1 |     3,067,536.0 |     3,067,536.0 |     3,067,536 |     3,067,536 |         0.0 | PushPop | :decode_step304_tokens4    |
|      0.1 |       3,065,984 |         1 |     3,065,984.0 |     3,065,984.0 |     3,065,984 |     3,065,984 |         0.0 | PushPop | :decode_step363_tokens4    |
|      0.1 |       3,065,344 |         1 |     3,065,344.0 |     3,065,344.0 |     3,065,344 |     3,065,344 |         0.0 | PushPop | :decode_step824_tokens4    |
|      0.1 |       3,063,040 |         1 |     3,063,040.0 |     3,063,040.0 |     3,063,040 |     3,063,040 |         0.0 | PushPop | :decode_step244_tokens4    |
|      0.1 |       3,062,432 |         1 |     3,062,432.0 |     3,062,432.0 |     3,062,432 |     3,062,432 |         0.0 | PushPop | :decode_step469_tokens4    |
|      0.1 |       3,061,040 |         1 |     3,061,040.0 |     3,061,040.0 |     3,061,040 |     3,061,040 |         0.0 | PushPop | :decode_step820_tokens4    |
|      0.1 |       3,058,176 |         1 |     3,058,176.0 |     3,058,176.0 |     3,058,176 |     3,058,176 |         0.0 | PushPop | :decode_step306_tokens4    |
|      0.1 |       3,056,832 |         1 |     3,056,832.0 |     3,056,832.0 |     3,056,832 |     3,056,832 |         0.0 | PushPop | :decode_step235_tokens4    |
|      0.1 |       3,056,512 |         1 |     3,056,512.0 |     3,056,512.0 |     3,056,512 |     3,056,512 |         0.0 | PushPop | :decode_step84_tokens4     |
|      0.1 |       3,056,368 |         1 |     3,056,368.0 |     3,056,368.0 |     3,056,368 |     3,056,368 |         0.0 | PushPop | :decode_step686_tokens4    |
|      0.1 |       3,055,952 |         1 |     3,055,952.0 |     3,055,952.0 |     3,055,952 |     3,055,952 |         0.0 | PushPop | :decode_step283_tokens4    |
|      0.1 |       3,055,824 |         1 |     3,055,824.0 |     3,055,824.0 |     3,055,824 |     3,055,824 |         0.0 | PushPop | :decode_step637_tokens4    |
|      0.1 |       3,055,616 |         1 |     3,055,616.0 |     3,055,616.0 |     3,055,616 |     3,055,616 |         0.0 | PushPop | :decode_step835_tokens4    |
|      0.1 |       3,055,440 |         1 |     3,055,440.0 |     3,055,440.0 |     3,055,440 |     3,055,440 |         0.0 | PushPop | :decode_step146_tokens4    |
|      0.1 |       3,053,520 |         1 |     3,053,520.0 |     3,053,520.0 |     3,053,520 |     3,053,520 |         0.0 | PushPop | :decode_step558_tokens4    |
|      0.1 |       3,053,392 |         1 |     3,053,392.0 |     3,053,392.0 |     3,053,392 |     3,053,392 |         0.0 | PushPop | :decode_step580_tokens4    |
|      0.1 |       3,050,160 |         1 |     3,050,160.0 |     3,050,160.0 |     3,050,160 |     3,050,160 |         0.0 | PushPop | :decode_step68_tokens4     |
|      0.1 |       3,049,456 |         1 |     3,049,456.0 |     3,049,456.0 |     3,049,456 |     3,049,456 |         0.0 | PushPop | :decode_step559_tokens4    |
|      0.1 |       3,048,208 |         1 |     3,048,208.0 |     3,048,208.0 |     3,048,208 |     3,048,208 |         0.0 | PushPop | :decode_step656_tokens4    |
|      0.1 |       3,047,904 |         1 |     3,047,904.0 |     3,047,904.0 |     3,047,904 |     3,047,904 |         0.0 | PushPop | :decode_step1004_tokens4   |
|      0.1 |       3,047,600 |         1 |     3,047,600.0 |     3,047,600.0 |     3,047,600 |     3,047,600 |         0.0 | PushPop | :decode_step712_tokens4    |
|      0.1 |       3,046,688 |         1 |     3,046,688.0 |     3,046,688.0 |     3,046,688 |     3,046,688 |         0.0 | PushPop | :decode_step735_tokens4    |
|      0.1 |       3,046,176 |         1 |     3,046,176.0 |     3,046,176.0 |     3,046,176 |     3,046,176 |         0.0 | PushPop | :decode_step254_tokens4    |
|      0.1 |       3,045,312 |         1 |     3,045,312.0 |     3,045,312.0 |     3,045,312 |     3,045,312 |         0.0 | PushPop | :decode_step343_tokens4    |
|      0.1 |       3,044,256 |         1 |     3,044,256.0 |     3,044,256.0 |     3,044,256 |     3,044,256 |         0.0 | PushPop | :decode_step798_tokens4    |
|      0.1 |       3,043,120 |         1 |     3,043,120.0 |     3,043,120.0 |     3,043,120 |     3,043,120 |         0.0 | PushPop | :decode_step569_tokens4    |
|      0.1 |       3,042,704 |         1 |     3,042,704.0 |     3,042,704.0 |     3,042,704 |     3,042,704 |         0.0 | PushPop | :decode_step923_tokens4    |
|      0.1 |       3,041,488 |         1 |     3,041,488.0 |     3,041,488.0 |     3,041,488 |     3,041,488 |         0.0 | PushPop | :decode_step226_tokens4    |
|      0.1 |       3,040,976 |         1 |     3,040,976.0 |     3,040,976.0 |     3,040,976 |     3,040,976 |         0.0 | PushPop | :decode_step467_tokens4    |
|      0.1 |       3,040,864 |         1 |     3,040,864.0 |     3,040,864.0 |     3,040,864 |     3,040,864 |         0.0 | PushPop | :decode_step635_tokens4    |
|      0.1 |       3,040,640 |         1 |     3,040,640.0 |     3,040,640.0 |     3,040,640 |     3,040,640 |         0.0 | PushPop | :decode_step714_tokens4    |
|      0.1 |       3,039,920 |         1 |     3,039,920.0 |     3,039,920.0 |     3,039,920 |     3,039,920 |         0.0 | PushPop | :decode_step931_tokens4    |
|      0.1 |       3,039,200 |         1 |     3,039,200.0 |     3,039,200.0 |     3,039,200 |     3,039,200 |         0.0 | PushPop | :decode_step276_tokens4    |
|      0.1 |       3,035,296 |         1 |     3,035,296.0 |     3,035,296.0 |     3,035,296 |     3,035,296 |         0.0 | PushPop | :decode_step640_tokens4    |
|      0.1 |       3,034,656 |         1 |     3,034,656.0 |     3,034,656.0 |     3,034,656 |     3,034,656 |         0.0 | PushPop | :decode_step158_tokens4    |
|      0.1 |       3,034,432 |         1 |     3,034,432.0 |     3,034,432.0 |     3,034,432 |     3,034,432 |         0.0 | PushPop | :decode_step356_tokens4    |
|      0.1 |       3,033,632 |         1 |     3,033,632.0 |     3,033,632.0 |     3,033,632 |     3,033,632 |         0.0 | PushPop | :decode_step800_tokens4    |
|      0.1 |       3,032,720 |         1 |     3,032,720.0 |     3,032,720.0 |     3,032,720 |     3,032,720 |         0.0 | PushPop | :decode_step399_tokens4    |
|      0.1 |       3,032,224 |         1 |     3,032,224.0 |     3,032,224.0 |     3,032,224 |     3,032,224 |         0.0 | PushPop | :decode_step922_tokens4    |
|      0.1 |       3,032,160 |         1 |     3,032,160.0 |     3,032,160.0 |     3,032,160 |     3,032,160 |         0.0 | PushPop | :decode_step934_tokens4    |
|      0.1 |       3,031,792 |         1 |     3,031,792.0 |     3,031,792.0 |     3,031,792 |     3,031,792 |         0.0 | PushPop | :decode_step566_tokens4    |
|      0.1 |       3,031,712 |         1 |     3,031,712.0 |     3,031,712.0 |     3,031,712 |     3,031,712 |         0.0 | PushPop | :decode_step1035_tokens4   |
|      0.1 |       3,031,296 |         1 |     3,031,296.0 |     3,031,296.0 |     3,031,296 |     3,031,296 |         0.0 | PushPop | :decode_step194_tokens4    |
|      0.1 |       3,030,544 |         1 |     3,030,544.0 |     3,030,544.0 |     3,030,544 |     3,030,544 |         0.0 | PushPop | :decode_step391_tokens4    |
|      0.1 |       3,030,544 |         1 |     3,030,544.0 |     3,030,544.0 |     3,030,544 |     3,030,544 |         0.0 | PushPop | :decode_step457_tokens4    |
|      0.1 |       3,029,552 |         1 |     3,029,552.0 |     3,029,552.0 |     3,029,552 |     3,029,552 |         0.0 | PushPop | :decode_step913_tokens4    |
|      0.1 |       3,029,104 |         1 |     3,029,104.0 |     3,029,104.0 |     3,029,104 |     3,029,104 |         0.0 | PushPop | :decode_step763_tokens4    |
|      0.1 |       3,028,912 |         1 |     3,028,912.0 |     3,028,912.0 |     3,028,912 |     3,028,912 |         0.0 | PushPop | :decode_step258_tokens4    |
|      0.1 |       3,028,768 |         1 |     3,028,768.0 |     3,028,768.0 |     3,028,768 |     3,028,768 |         0.0 | PushPop | :decode_step972_tokens4    |
|      0.1 |       3,028,192 |         1 |     3,028,192.0 |     3,028,192.0 |     3,028,192 |     3,028,192 |         0.0 | PushPop | :decode_step747_tokens4    |
|      0.1 |       3,027,968 |         1 |     3,027,968.0 |     3,027,968.0 |     3,027,968 |     3,027,968 |         0.0 | PushPop | :decode_step636_tokens4    |
|      0.1 |       3,026,224 |         1 |     3,026,224.0 |     3,026,224.0 |     3,026,224 |     3,026,224 |         0.0 | PushPop | :decode_step793_tokens4    |
|      0.1 |       3,026,032 |         1 |     3,026,032.0 |     3,026,032.0 |     3,026,032 |     3,026,032 |         0.0 | PushPop | :decode_step980_tokens4    |
|      0.1 |       3,025,872 |         1 |     3,025,872.0 |     3,025,872.0 |     3,025,872 |     3,025,872 |         0.0 | PushPop | :decode_step176_tokens4    |
|      0.1 |       3,025,360 |         1 |     3,025,360.0 |     3,025,360.0 |     3,025,360 |     3,025,360 |         0.0 | PushPop | :decode_step827_tokens4    |
|      0.1 |       3,023,472 |         1 |     3,023,472.0 |     3,023,472.0 |     3,023,472 |     3,023,472 |         0.0 | PushPop | :decode_step884_tokens4    |
|      0.1 |       3,022,752 |         1 |     3,022,752.0 |     3,022,752.0 |     3,022,752 |     3,022,752 |         0.0 | PushPop | :decode_step568_tokens4    |
|      0.1 |       3,021,008 |         1 |     3,021,008.0 |     3,021,008.0 |     3,021,008 |     3,021,008 |         0.0 | PushPop | :decode_step325_tokens4    |
|      0.1 |       3,020,896 |         1 |     3,020,896.0 |     3,020,896.0 |     3,020,896 |     3,020,896 |         0.0 | PushPop | :decode_step660_tokens4    |
|      0.1 |       3,020,528 |         1 |     3,020,528.0 |     3,020,528.0 |     3,020,528 |     3,020,528 |         0.0 | PushPop | :decode_step718_tokens4    |
|      0.1 |       3,017,408 |         1 |     3,017,408.0 |     3,017,408.0 |     3,017,408 |     3,017,408 |         0.0 | PushPop | :decode_step476_tokens4    |
|      0.1 |       3,017,312 |         1 |     3,017,312.0 |     3,017,312.0 |     3,017,312 |     3,017,312 |         0.0 | PushPop | :decode_step990_tokens4    |
|      0.1 |       3,016,560 |         1 |     3,016,560.0 |     3,016,560.0 |     3,016,560 |     3,016,560 |         0.0 | PushPop | :decode_step822_tokens4    |
|      0.1 |       3,016,192 |         1 |     3,016,192.0 |     3,016,192.0 |     3,016,192 |     3,016,192 |         0.0 | PushPop | :decode_step89_tokens4     |
|      0.1 |       3,015,776 |         1 |     3,015,776.0 |     3,015,776.0 |     3,015,776 |     3,015,776 |         0.0 | PushPop | :decode_step762_tokens4    |
|      0.1 |       3,014,336 |         1 |     3,014,336.0 |     3,014,336.0 |     3,014,336 |     3,014,336 |         0.0 | PushPop | :decode_step632_tokens4    |
|      0.1 |       3,014,128 |         1 |     3,014,128.0 |     3,014,128.0 |     3,014,128 |     3,014,128 |         0.0 | PushPop | :decode_step530_tokens4    |
|      0.1 |       3,013,824 |         1 |     3,013,824.0 |     3,013,824.0 |     3,013,824 |     3,013,824 |         0.0 | PushPop | :decode_step926_tokens4    |
|      0.1 |       3,013,232 |         1 |     3,013,232.0 |     3,013,232.0 |     3,013,232 |     3,013,232 |         0.0 | PushPop | :decode_step929_tokens4    |
|      0.1 |       3,012,224 |         1 |     3,012,224.0 |     3,012,224.0 |     3,012,224 |     3,012,224 |         0.0 | PushPop | :decode_step726_tokens4    |
|      0.1 |       3,011,408 |         1 |     3,011,408.0 |     3,011,408.0 |     3,011,408 |     3,011,408 |         0.0 | PushPop | :decode_step767_tokens4    |
|      0.1 |       3,010,480 |         1 |     3,010,480.0 |     3,010,480.0 |     3,010,480 |     3,010,480 |         0.0 | PushPop | :decode_step565_tokens4    |
|      0.1 |       3,010,432 |         1 |     3,010,432.0 |     3,010,432.0 |     3,010,432 |     3,010,432 |         0.0 | PushPop | :decode_step740_tokens4    |
|      0.1 |       3,010,048 |         1 |     3,010,048.0 |     3,010,048.0 |     3,010,048 |     3,010,048 |         0.0 | PushPop | :decode_step769_tokens4    |
|      0.1 |       3,009,168 |         1 |     3,009,168.0 |     3,009,168.0 |     3,009,168 |     3,009,168 |         0.0 | PushPop | :decode_step989_tokens4    |
|      0.1 |       3,007,824 |         1 |     3,007,824.0 |     3,007,824.0 |     3,007,824 |     3,007,824 |         0.0 | PushPop | :decode_step526_tokens4    |
|      0.1 |       3,007,744 |         1 |     3,007,744.0 |     3,007,744.0 |     3,007,744 |     3,007,744 |         0.0 | PushPop | :decode_step111_tokens4    |
|      0.1 |       3,007,248 |         1 |     3,007,248.0 |     3,007,248.0 |     3,007,248 |     3,007,248 |         0.0 | PushPop | :decode_step932_tokens4    |
|      0.1 |       3,006,656 |         1 |     3,006,656.0 |     3,006,656.0 |     3,006,656 |     3,006,656 |         0.0 | PushPop | :decode_step312_tokens4    |
|      0.1 |       3,005,856 |         1 |     3,005,856.0 |     3,005,856.0 |     3,005,856 |     3,005,856 |         0.0 | PushPop | :decode_step681_tokens4    |
|      0.1 |       3,004,992 |         1 |     3,004,992.0 |     3,004,992.0 |     3,004,992 |     3,004,992 |         0.0 | PushPop | :decode_step886_tokens4    |
|      0.1 |       3,002,384 |         1 |     3,002,384.0 |     3,002,384.0 |     3,002,384 |     3,002,384 |         0.0 | PushPop | :decode_step550_tokens4    |
|      0.1 |       3,001,296 |         1 |     3,001,296.0 |     3,001,296.0 |     3,001,296 |     3,001,296 |         0.0 | PushPop | :decode_step396_tokens4    |
|      0.1 |       3,000,544 |         1 |     3,000,544.0 |     3,000,544.0 |     3,000,544 |     3,000,544 |         0.0 | PushPop | :decode_step601_tokens4    |
|      0.1 |       2,999,936 |         1 |     2,999,936.0 |     2,999,936.0 |     2,999,936 |     2,999,936 |         0.0 | PushPop | :decode_step829_tokens4    |
|      0.1 |       2,996,640 |         1 |     2,996,640.0 |     2,996,640.0 |     2,996,640 |     2,996,640 |         0.0 | PushPop | :decode_step525_tokens4    |
|      0.1 |       2,995,920 |         1 |     2,995,920.0 |     2,995,920.0 |     2,995,920 |     2,995,920 |         0.0 | PushPop | :decode_step659_tokens4    |
|      0.1 |       2,995,456 |         1 |     2,995,456.0 |     2,995,456.0 |     2,995,456 |     2,995,456 |         0.0 | PushPop | :decode_step60_tokens4     |
|      0.1 |       2,995,328 |         1 |     2,995,328.0 |     2,995,328.0 |     2,995,328 |     2,995,328 |         0.0 | PushPop | :decode_step422_tokens4    |
|      0.1 |       2,994,816 |         1 |     2,994,816.0 |     2,994,816.0 |     2,994,816 |     2,994,816 |         0.0 | PushPop | :decode_step645_tokens4    |
|      0.1 |       2,994,672 |         1 |     2,994,672.0 |     2,994,672.0 |     2,994,672 |     2,994,672 |         0.0 | PushPop | :decode_step664_tokens4    |
|      0.1 |       2,994,096 |         1 |     2,994,096.0 |     2,994,096.0 |     2,994,096 |     2,994,096 |         0.0 | PushPop | :decode_step309_tokens4    |
|      0.1 |       2,993,920 |         1 |     2,993,920.0 |     2,993,920.0 |     2,993,920 |     2,993,920 |         0.0 | PushPop | :decode_step668_tokens4    |
|      0.1 |       2,993,600 |         1 |     2,993,600.0 |     2,993,600.0 |     2,993,600 |     2,993,600 |         0.0 | PushPop | :decode_step335_tokens4    |
|      0.1 |       2,993,248 |         1 |     2,993,248.0 |     2,993,248.0 |     2,993,248 |     2,993,248 |         0.0 | PushPop | :decode_step795_tokens4    |
|      0.1 |       2,992,784 |         1 |     2,992,784.0 |     2,992,784.0 |     2,992,784 |     2,992,784 |         0.0 | PushPop | :decode_step680_tokens4    |
|      0.1 |       2,992,128 |         1 |     2,992,128.0 |     2,992,128.0 |     2,992,128 |     2,992,128 |         0.0 | PushPop | :decode_step602_tokens4    |
|      0.1 |       2,990,512 |         1 |     2,990,512.0 |     2,990,512.0 |     2,990,512 |     2,990,512 |         0.0 | PushPop | :decode_step715_tokens4    |
|      0.1 |       2,990,048 |         1 |     2,990,048.0 |     2,990,048.0 |     2,990,048 |     2,990,048 |         0.0 | PushPop | :decode_step796_tokens4    |
|      0.1 |       2,989,664 |         1 |     2,989,664.0 |     2,989,664.0 |     2,989,664 |     2,989,664 |         0.0 | PushPop | :decode_step310_tokens4    |
|      0.1 |       2,989,104 |         1 |     2,989,104.0 |     2,989,104.0 |     2,989,104 |     2,989,104 |         0.0 | PushPop | :decode_step124_tokens4    |
|      0.1 |       2,988,784 |         1 |     2,988,784.0 |     2,988,784.0 |     2,988,784 |     2,988,784 |         0.0 | PushPop | :decode_step282_tokens4    |
|      0.1 |       2,987,920 |         1 |     2,987,920.0 |     2,987,920.0 |     2,987,920 |     2,987,920 |         0.0 | PushPop | :decode_step695_tokens4    |
|      0.1 |       2,987,840 |         1 |     2,987,840.0 |     2,987,840.0 |     2,987,840 |     2,987,840 |         0.0 | PushPop | :decode_step801_tokens4    |
|      0.1 |       2,987,584 |         1 |     2,987,584.0 |     2,987,584.0 |     2,987,584 |     2,987,584 |         0.0 | PushPop | :decode_step925_tokens4    |
|      0.1 |       2,987,456 |         1 |     2,987,456.0 |     2,987,456.0 |     2,987,456 |     2,987,456 |         0.0 | PushPop | :decode_step228_tokens4    |
|      0.1 |       2,986,400 |         1 |     2,986,400.0 |     2,986,400.0 |     2,986,400 |     2,986,400 |         0.0 | PushPop | :decode_step359_tokens4    |
|      0.1 |       2,985,920 |         1 |     2,985,920.0 |     2,985,920.0 |     2,985,920 |     2,985,920 |         0.0 | PushPop | :decode_step284_tokens4    |
|      0.1 |       2,985,904 |         1 |     2,985,904.0 |     2,985,904.0 |     2,985,904 |     2,985,904 |         0.0 | PushPop | :decode_step535_tokens4    |
|      0.1 |       2,985,456 |         1 |     2,985,456.0 |     2,985,456.0 |     2,985,456 |     2,985,456 |         0.0 | PushPop | :decode_step885_tokens4    |
|      0.1 |       2,985,376 |         1 |     2,985,376.0 |     2,985,376.0 |     2,985,376 |     2,985,376 |         0.0 | PushPop | :decode_step130_tokens4    |
|      0.1 |       2,984,960 |         1 |     2,984,960.0 |     2,984,960.0 |     2,984,960 |     2,984,960 |         0.0 | PushPop | :decode_step179_tokens4    |
|      0.1 |       2,984,800 |         1 |     2,984,800.0 |     2,984,800.0 |     2,984,800 |     2,984,800 |         0.0 | PushPop | :decode_step969_tokens4    |
|      0.1 |       2,984,608 |         1 |     2,984,608.0 |     2,984,608.0 |     2,984,608 |     2,984,608 |         0.0 | PushPop | :decode_step361_tokens4    |
|      0.1 |       2,984,368 |         1 |     2,984,368.0 |     2,984,368.0 |     2,984,368 |     2,984,368 |         0.0 | PushPop | :decode_step729_tokens4    |
|      0.1 |       2,984,032 |         1 |     2,984,032.0 |     2,984,032.0 |     2,984,032 |     2,984,032 |         0.0 | PushPop | :decode_step812_tokens4    |
|      0.1 |       2,982,992 |         1 |     2,982,992.0 |     2,982,992.0 |     2,982,992 |     2,982,992 |         0.0 | PushPop | :decode_step944_tokens4    |
|      0.1 |       2,982,160 |         1 |     2,982,160.0 |     2,982,160.0 |     2,982,160 |     2,982,160 |         0.0 | PushPop | :decode_step716_tokens4    |
|      0.1 |       2,981,440 |         1 |     2,981,440.0 |     2,981,440.0 |     2,981,440 |     2,981,440 |         0.0 | PushPop | :decode_step286_tokens4    |
|      0.1 |       2,980,384 |         1 |     2,980,384.0 |     2,980,384.0 |     2,980,384 |     2,980,384 |         0.0 | PushPop | :decode_step409_tokens4    |
|      0.1 |       2,979,424 |         1 |     2,979,424.0 |     2,979,424.0 |     2,979,424 |     2,979,424 |         0.0 | PushPop | :decode_step991_tokens4    |
|      0.1 |       2,978,768 |         1 |     2,978,768.0 |     2,978,768.0 |     2,978,768 |     2,978,768 |         0.0 | PushPop | :decode_step878_tokens4    |
|      0.1 |       2,977,568 |         1 |     2,977,568.0 |     2,977,568.0 |     2,977,568 |     2,977,568 |         0.0 | PushPop | :decode_step794_tokens4    |
|      0.1 |       2,977,152 |         1 |     2,977,152.0 |     2,977,152.0 |     2,977,152 |     2,977,152 |         0.0 | PushPop | :decode_step90_tokens4     |
|      0.1 |       2,976,832 |         1 |     2,976,832.0 |     2,976,832.0 |     2,976,832 |     2,976,832 |         0.0 | PushPop | :decode_step521_tokens4    |
|      0.1 |       2,976,208 |         1 |     2,976,208.0 |     2,976,208.0 |     2,976,208 |     2,976,208 |         0.0 | PushPop | :decode_step736_tokens4    |
|      0.1 |       2,976,128 |         1 |     2,976,128.0 |     2,976,128.0 |     2,976,128 |     2,976,128 |         0.0 | PushPop | :decode_step606_tokens4    |
|      0.1 |       2,976,112 |         1 |     2,976,112.0 |     2,976,112.0 |     2,976,112 |     2,976,112 |         0.0 | PushPop | :decode_step846_tokens4    |
|      0.1 |       2,975,952 |         1 |     2,975,952.0 |     2,975,952.0 |     2,975,952 |     2,975,952 |         0.0 | PushPop | :decode_step844_tokens4    |
|      0.1 |       2,974,416 |         1 |     2,974,416.0 |     2,974,416.0 |     2,974,416 |     2,974,416 |         0.0 | PushPop | :decode_step118_tokens4    |
|      0.1 |       2,974,080 |         1 |     2,974,080.0 |     2,974,080.0 |     2,974,080 |     2,974,080 |         0.0 | PushPop | :decode_step285_tokens4    |
|      0.1 |       2,973,952 |         1 |     2,973,952.0 |     2,973,952.0 |     2,973,952 |     2,973,952 |         0.0 | PushPop | :decode_step831_tokens4    |
|      0.1 |       2,973,904 |         1 |     2,973,904.0 |     2,973,904.0 |     2,973,904 |     2,973,904 |         0.0 | PushPop | :decode_step633_tokens4    |
|      0.1 |       2,973,488 |         1 |     2,973,488.0 |     2,973,488.0 |     2,973,488 |     2,973,488 |         0.0 | PushPop | :decode_step449_tokens4    |
|      0.1 |       2,973,472 |         1 |     2,973,472.0 |     2,973,472.0 |     2,973,472 |     2,973,472 |         0.0 | PushPop | :decode_step588_tokens4    |
|      0.1 |       2,972,736 |         1 |     2,972,736.0 |     2,972,736.0 |     2,972,736 |     2,972,736 |         0.0 | PushPop | :decode_step682_tokens4    |
|      0.1 |       2,972,688 |         1 |     2,972,688.0 |     2,972,688.0 |     2,972,688 |     2,972,688 |         0.0 | PushPop | :decode_step826_tokens4    |
|      0.1 |       2,970,384 |         1 |     2,970,384.0 |     2,970,384.0 |     2,970,384 |     2,970,384 |         0.0 | PushPop | :decode_step603_tokens4    |
|      0.1 |       2,969,136 |         1 |     2,969,136.0 |     2,969,136.0 |     2,969,136 |     2,969,136 |         0.0 | PushPop | :decode_step728_tokens4    |
|      0.1 |       2,968,544 |         1 |     2,968,544.0 |     2,968,544.0 |     2,968,544 |     2,968,544 |         0.0 | PushPop | :decode_step890_tokens4    |
|      0.1 |       2,968,448 |         1 |     2,968,448.0 |     2,968,448.0 |     2,968,448 |     2,968,448 |         0.0 | PushPop | :decode_step692_tokens4    |
|      0.1 |       2,968,064 |         1 |     2,968,064.0 |     2,968,064.0 |     2,968,064 |     2,968,064 |         0.0 | PushPop | :decode_step388_tokens4    |
|      0.1 |       2,967,440 |         1 |     2,967,440.0 |     2,967,440.0 |     2,967,440 |     2,967,440 |         0.0 | PushPop | :decode_step143_tokens4    |
|      0.1 |       2,967,424 |         1 |     2,967,424.0 |     2,967,424.0 |     2,967,424 |     2,967,424 |         0.0 | PushPop | :decode_step764_tokens4    |
|      0.1 |       2,967,360 |         1 |     2,967,360.0 |     2,967,360.0 |     2,967,360 |     2,967,360 |         0.0 | PushPop | :decode_step417_tokens4    |
|      0.1 |       2,967,072 |         1 |     2,967,072.0 |     2,967,072.0 |     2,967,072 |     2,967,072 |         0.0 | PushPop | :decode_step367_tokens4    |
|      0.1 |       2,965,856 |         1 |     2,965,856.0 |     2,965,856.0 |     2,965,856 |     2,965,856 |         0.0 | PushPop | :decode_step704_tokens4    |
|      0.1 |       2,965,072 |         1 |     2,965,072.0 |     2,965,072.0 |     2,965,072 |     2,965,072 |         0.0 | PushPop | :decode_step327_tokens4    |
|      0.1 |       2,963,408 |         1 |     2,963,408.0 |     2,963,408.0 |     2,963,408 |     2,963,408 |         0.0 | PushPop | :decode_step804_tokens4    |
|      0.1 |       2,962,896 |         1 |     2,962,896.0 |     2,962,896.0 |     2,962,896 |     2,962,896 |         0.0 | PushPop | :decode_step973_tokens4    |
|      0.1 |       2,962,752 |         1 |     2,962,752.0 |     2,962,752.0 |     2,962,752 |     2,962,752 |         0.0 | PushPop | :decode_step129_tokens4    |
|      0.1 |       2,962,496 |         1 |     2,962,496.0 |     2,962,496.0 |     2,962,496 |     2,962,496 |         0.0 | PushPop | :decode_step768_tokens4    |
|      0.1 |       2,962,240 |         1 |     2,962,240.0 |     2,962,240.0 |     2,962,240 |     2,962,240 |         0.0 | PushPop | :decode_step765_tokens4    |
|      0.1 |       2,961,472 |         1 |     2,961,472.0 |     2,961,472.0 |     2,961,472 |     2,961,472 |         0.0 | PushPop | :decode_step881_tokens4    |
|      0.1 |       2,960,160 |         1 |     2,960,160.0 |     2,960,160.0 |     2,960,160 |     2,960,160 |         0.0 | PushPop | :decode_step250_tokens4    |
|      0.1 |       2,959,984 |         1 |     2,959,984.0 |     2,959,984.0 |     2,959,984 |     2,959,984 |         0.0 | PushPop | :decode_step852_tokens4    |
|      0.1 |       2,959,728 |         1 |     2,959,728.0 |     2,959,728.0 |     2,959,728 |     2,959,728 |         0.0 | PushPop | :decode_step117_tokens4    |
|      0.1 |       2,958,944 |         1 |     2,958,944.0 |     2,958,944.0 |     2,958,944 |     2,958,944 |         0.0 | PushPop | :decode_step589_tokens4    |
|      0.1 |       2,958,880 |         1 |     2,958,880.0 |     2,958,880.0 |     2,958,880 |     2,958,880 |         0.0 | PushPop | :decode_step583_tokens4    |
|      0.1 |       2,958,784 |         1 |     2,958,784.0 |     2,958,784.0 |     2,958,784 |     2,958,784 |         0.0 | PushPop | :decode_step207_tokens4    |
|      0.1 |       2,957,984 |         1 |     2,957,984.0 |     2,957,984.0 |     2,957,984 |     2,957,984 |         0.0 | PushPop | :decode_step510_tokens4    |
|      0.1 |       2,957,664 |         1 |     2,957,664.0 |     2,957,664.0 |     2,957,664 |     2,957,664 |         0.0 | PushPop | :decode_step110_tokens4    |
|      0.1 |       2,957,424 |         1 |     2,957,424.0 |     2,957,424.0 |     2,957,424 |     2,957,424 |         0.0 | PushPop | :decode_step113_tokens4    |
|      0.1 |       2,957,264 |         1 |     2,957,264.0 |     2,957,264.0 |     2,957,264 |     2,957,264 |         0.0 | PushPop | :decode_step311_tokens4    |
|      0.1 |       2,956,464 |         1 |     2,956,464.0 |     2,956,464.0 |     2,956,464 |     2,956,464 |         0.0 | PushPop | :decode_step131_tokens4    |
|      0.1 |       2,955,760 |         1 |     2,955,760.0 |     2,955,760.0 |     2,955,760 |     2,955,760 |         0.0 | PushPop | :decode_step362_tokens4    |
|      0.1 |       2,955,008 |         1 |     2,955,008.0 |     2,955,008.0 |     2,955,008 |     2,955,008 |         0.0 | PushPop | :decode_step330_tokens4    |
|      0.1 |       2,954,976 |         1 |     2,954,976.0 |     2,954,976.0 |     2,954,976 |     2,954,976 |         0.0 | PushPop | :decode_step17_tokens4     |
|      0.1 |       2,952,960 |         1 |     2,952,960.0 |     2,952,960.0 |     2,952,960 |     2,952,960 |         0.0 | PushPop | :decode_step116_tokens4    |
|      0.1 |       2,952,400 |         1 |     2,952,400.0 |     2,952,400.0 |     2,952,400 |     2,952,400 |         0.0 | PushPop | :decode_step112_tokens4    |
|      0.1 |       2,951,904 |         1 |     2,951,904.0 |     2,951,904.0 |     2,951,904 |     2,951,904 |         0.0 | PushPop | :decode_step690_tokens4    |
|      0.1 |       2,951,552 |         1 |     2,951,552.0 |     2,951,552.0 |     2,951,552 |     2,951,552 |         0.0 | PushPop | :decode_step291_tokens4    |
|      0.1 |       2,950,736 |         1 |     2,950,736.0 |     2,950,736.0 |     2,950,736 |     2,950,736 |         0.0 | PushPop | :decode_step253_tokens4    |
|      0.1 |       2,949,408 |         1 |     2,949,408.0 |     2,949,408.0 |     2,949,408 |     2,949,408 |         0.0 | PushPop | :decode_step474_tokens4    |
|      0.1 |       2,949,264 |         1 |     2,949,264.0 |     2,949,264.0 |     2,949,264 |     2,949,264 |         0.0 | PushPop | :decode_step450_tokens4    |
|      0.1 |       2,947,792 |         1 |     2,947,792.0 |     2,947,792.0 |     2,947,792 |     2,947,792 |         0.0 | PushPop | :decode_step771_tokens4    |
|      0.1 |       2,947,472 |         1 |     2,947,472.0 |     2,947,472.0 |     2,947,472 |     2,947,472 |         0.0 | PushPop | :decode_step667_tokens4    |
|      0.1 |       2,947,296 |         1 |     2,947,296.0 |     2,947,296.0 |     2,947,296 |     2,947,296 |         0.0 | PushPop | :decode_step648_tokens4    |
|      0.1 |       2,945,648 |         1 |     2,945,648.0 |     2,945,648.0 |     2,945,648 |     2,945,648 |         0.0 | PushPop | :decode_step188_tokens4    |
|      0.1 |       2,944,880 |         1 |     2,944,880.0 |     2,944,880.0 |     2,944,880 |     2,944,880 |         0.0 | PushPop | :decode_step720_tokens4    |
|      0.1 |       2,943,024 |         1 |     2,943,024.0 |     2,943,024.0 |     2,943,024 |     2,943,024 |         0.0 | PushPop | :decode_step882_tokens4    |
|      0.1 |       2,942,608 |         1 |     2,942,608.0 |     2,942,608.0 |     2,942,608 |     2,942,608 |         0.0 | PushPop | :decode_step67_tokens4     |
|      0.1 |       2,942,400 |         1 |     2,942,400.0 |     2,942,400.0 |     2,942,400 |     2,942,400 |         0.0 | PushPop | :decode_step415_tokens4    |
|      0.1 |       2,941,904 |         1 |     2,941,904.0 |     2,941,904.0 |     2,941,904 |     2,941,904 |         0.0 | PushPop | :decode_step364_tokens4    |
|      0.1 |       2,940,624 |         1 |     2,940,624.0 |     2,940,624.0 |     2,940,624 |     2,940,624 |         0.0 | PushPop | :decode_step919_tokens4    |
|      0.1 |       2,940,224 |         1 |     2,940,224.0 |     2,940,224.0 |     2,940,224 |     2,940,224 |         0.0 | PushPop | :decode_step493_tokens4    |
|      0.1 |       2,939,840 |         1 |     2,939,840.0 |     2,939,840.0 |     2,939,840 |     2,939,840 |         0.0 | PushPop | :decode_step730_tokens4    |
|      0.1 |       2,939,584 |         1 |     2,939,584.0 |     2,939,584.0 |     2,939,584 |     2,939,584 |         0.0 | PushPop | :decode_step663_tokens4    |
|      0.1 |       2,939,264 |         1 |     2,939,264.0 |     2,939,264.0 |     2,939,264 |     2,939,264 |         0.0 | PushPop | :decode_step607_tokens4    |
|      0.1 |       2,937,456 |         1 |     2,937,456.0 |     2,937,456.0 |     2,937,456 |     2,937,456 |         0.0 | PushPop | :decode_step93_tokens4     |
|      0.1 |       2,937,296 |         1 |     2,937,296.0 |     2,937,296.0 |     2,937,296 |     2,937,296 |         0.0 | PushPop | :decode_step365_tokens4    |
|      0.1 |       2,936,912 |         1 |     2,936,912.0 |     2,936,912.0 |     2,936,912 |     2,936,912 |         0.0 | PushPop | :decode_step799_tokens4    |
|      0.1 |       2,936,784 |         1 |     2,936,784.0 |     2,936,784.0 |     2,936,784 |     2,936,784 |         0.0 | PushPop | :decode_step313_tokens4    |
|      0.1 |       2,936,448 |         1 |     2,936,448.0 |     2,936,448.0 |     2,936,448 |     2,936,448 |         0.0 | PushPop | :decode_step830_tokens4    |
|      0.1 |       2,935,072 |         1 |     2,935,072.0 |     2,935,072.0 |     2,935,072 |     2,935,072 |         0.0 | PushPop | :decode_step150_tokens4    |
|      0.1 |       2,934,160 |         1 |     2,934,160.0 |     2,934,160.0 |     2,934,160 |     2,934,160 |         0.0 | PushPop | :decode_step242_tokens4    |
|      0.1 |       2,933,552 |         1 |     2,933,552.0 |     2,933,552.0 |     2,933,552 |     2,933,552 |         0.0 | PushPop | :decode_step683_tokens4    |
|      0.1 |       2,932,464 |         1 |     2,932,464.0 |     2,932,464.0 |     2,932,464 |     2,932,464 |         0.0 | PushPop | :decode_step862_tokens4    |
|      0.1 |       2,932,448 |         1 |     2,932,448.0 |     2,932,448.0 |     2,932,448 |     2,932,448 |         0.0 | PushPop | :decode_step522_tokens4    |
|      0.1 |       2,932,368 |         1 |     2,932,368.0 |     2,932,368.0 |     2,932,368 |     2,932,368 |         0.0 | PushPop | :decode_step850_tokens4    |
|      0.1 |       2,932,160 |         1 |     2,932,160.0 |     2,932,160.0 |     2,932,160 |     2,932,160 |         0.0 | PushPop | :decode_step539_tokens4    |
|      0.1 |       2,931,968 |         1 |     2,931,968.0 |     2,931,968.0 |     2,931,968 |     2,931,968 |         0.0 | PushPop | :decode_step494_tokens4    |
|      0.1 |       2,931,760 |         1 |     2,931,760.0 |     2,931,760.0 |     2,931,760 |     2,931,760 |         0.0 | PushPop | :decode_step585_tokens4    |
|      0.1 |       2,931,360 |         1 |     2,931,360.0 |     2,931,360.0 |     2,931,360 |     2,931,360 |         0.0 | PushPop | :decode_step983_tokens4    |
|      0.1 |       2,931,328 |         1 |     2,931,328.0 |     2,931,328.0 |     2,931,328 |     2,931,328 |         0.0 | PushPop | :decode_step209_tokens4    |
|      0.1 |       2,930,272 |         1 |     2,930,272.0 |     2,930,272.0 |     2,930,272 |     2,930,272 |         0.0 | PushPop | :decode_step685_tokens4    |
|      0.1 |       2,929,456 |         1 |     2,929,456.0 |     2,929,456.0 |     2,929,456 |     2,929,456 |         0.0 | PushPop | :decode_step288_tokens4    |
|      0.1 |       2,929,424 |         1 |     2,929,424.0 |     2,929,424.0 |     2,929,424 |     2,929,424 |         0.0 | PushPop | :decode_step502_tokens4    |
|      0.1 |       2,928,080 |         1 |     2,928,080.0 |     2,928,080.0 |     2,928,080 |     2,928,080 |         0.0 | PushPop | :decode_step83_tokens4     |
|      0.1 |       2,926,496 |         1 |     2,926,496.0 |     2,926,496.0 |     2,926,496 |     2,926,496 |         0.0 | PushPop | :decode_step157_tokens4    |
|      0.1 |       2,926,272 |         1 |     2,926,272.0 |     2,926,272.0 |     2,926,272 |     2,926,272 |         0.0 | PushPop | :decode_step153_tokens4    |
|      0.1 |       2,924,720 |         1 |     2,924,720.0 |     2,924,720.0 |     2,924,720 |     2,924,720 |         0.0 | PushPop | :decode_step928_tokens4    |
|      0.1 |       2,924,224 |         1 |     2,924,224.0 |     2,924,224.0 |     2,924,224 |     2,924,224 |         0.0 | PushPop | :decode_step421_tokens4    |
|      0.1 |       2,923,520 |         1 |     2,923,520.0 |     2,923,520.0 |     2,923,520 |     2,923,520 |         0.0 | PushPop | :decode_step366_tokens4    |
|      0.1 |       2,923,344 |         1 |     2,923,344.0 |     2,923,344.0 |     2,923,344 |     2,923,344 |         0.0 | PushPop | :decode_step917_tokens4    |
|      0.1 |       2,922,576 |         1 |     2,922,576.0 |     2,922,576.0 |     2,922,576 |     2,922,576 |         0.0 | PushPop | :decode_step115_tokens4    |
|      0.1 |       2,922,016 |         1 |     2,922,016.0 |     2,922,016.0 |     2,922,016 |     2,922,016 |         0.0 | PushPop | :decode_step863_tokens4    |
|      0.1 |       2,921,360 |         1 |     2,921,360.0 |     2,921,360.0 |     2,921,360 |     2,921,360 |         0.0 | PushPop | :decode_step401_tokens4    |
|      0.1 |       2,921,024 |         1 |     2,921,024.0 |     2,921,024.0 |     2,921,024 |     2,921,024 |         0.0 | PushPop | :decode_step331_tokens4    |
|      0.1 |       2,920,896 |         1 |     2,920,896.0 |     2,920,896.0 |     2,920,896 |     2,920,896 |         0.0 | PushPop | :decode_step241_tokens4    |
|      0.1 |       2,919,968 |         1 |     2,919,968.0 |     2,919,968.0 |     2,919,968 |     2,919,968 |         0.0 | PushPop | :decode_step639_tokens4    |
|      0.1 |       2,918,528 |         1 |     2,918,528.0 |     2,918,528.0 |     2,918,528 |     2,918,528 |         0.0 | PushPop | :decode_step702_tokens4    |
|      0.1 |       2,914,256 |         1 |     2,914,256.0 |     2,914,256.0 |     2,914,256 |     2,914,256 |         0.0 | PushPop | :decode_step56_tokens4     |
|      0.1 |       2,913,760 |         1 |     2,913,760.0 |     2,913,760.0 |     2,913,760 |     2,913,760 |         0.0 | PushPop | :decode_step491_tokens4    |
|      0.1 |       2,912,224 |         1 |     2,912,224.0 |     2,912,224.0 |     2,912,224 |     2,912,224 |         0.0 | PushPop | :decode_step880_tokens4    |
|      0.1 |       2,911,856 |         1 |     2,911,856.0 |     2,911,856.0 |     2,911,856 |     2,911,856 |         0.0 | PushPop | :decode_step227_tokens4    |
|      0.1 |       2,911,472 |         1 |     2,911,472.0 |     2,911,472.0 |     2,911,472 |     2,911,472 |         0.0 | PushPop | :decode_step148_tokens4    |
|      0.1 |       2,907,872 |         1 |     2,907,872.0 |     2,907,872.0 |     2,907,872 |     2,907,872 |         0.0 | PushPop | :decode_step59_tokens4     |
|      0.1 |       2,907,552 |         1 |     2,907,552.0 |     2,907,552.0 |     2,907,552 |     2,907,552 |         0.0 | PushPop | :decode_step825_tokens4    |
|      0.1 |       2,907,136 |         1 |     2,907,136.0 |     2,907,136.0 |     2,907,136 |     2,907,136 |         0.0 | PushPop | :decode_step127_tokens4    |
|      0.1 |       2,907,056 |         1 |     2,907,056.0 |     2,907,056.0 |     2,907,056 |     2,907,056 |         0.0 | PushPop | :decode_step993_tokens4    |
|      0.1 |       2,906,528 |         1 |     2,906,528.0 |     2,906,528.0 |     2,906,528 |     2,906,528 |         0.0 | PushPop | :decode_step243_tokens4    |
|      0.1 |       2,905,088 |         1 |     2,905,088.0 |     2,905,088.0 |     2,905,088 |     2,905,088 |         0.0 | PushPop | :decode_step807_tokens4    |
|      0.1 |       2,903,888 |         1 |     2,903,888.0 |     2,903,888.0 |     2,903,888 |     2,903,888 |         0.0 | PushPop | :decode_step424_tokens4    |
|      0.1 |       2,902,992 |         1 |     2,902,992.0 |     2,902,992.0 |     2,902,992 |     2,902,992 |         0.0 | PushPop | :decode_step591_tokens4    |
|      0.1 |       2,902,880 |         1 |     2,902,880.0 |     2,902,880.0 |     2,902,880 |     2,902,880 |         0.0 | PushPop | :decode_step230_tokens4    |
|      0.1 |       2,901,616 |         1 |     2,901,616.0 |     2,901,616.0 |     2,901,616 |     2,901,616 |         0.0 | PushPop | :decode_step703_tokens4    |
|      0.1 |       2,898,912 |         1 |     2,898,912.0 |     2,898,912.0 |     2,898,912 |     2,898,912 |         0.0 | PushPop | :decode_step328_tokens4    |
|      0.1 |       2,898,336 |         1 |     2,898,336.0 |     2,898,336.0 |     2,898,336 |     2,898,336 |         0.0 | PushPop | :decode_step210_tokens4    |
|      0.1 |       2,898,224 |         1 |     2,898,224.0 |     2,898,224.0 |     2,898,224 |     2,898,224 |         0.0 | PushPop | :decode_step669_tokens4    |
|      0.1 |       2,898,144 |         1 |     2,898,144.0 |     2,898,144.0 |     2,898,144 |     2,898,144 |         0.0 | PushPop | :decode_step745_tokens4    |
|      0.1 |       2,897,792 |         1 |     2,897,792.0 |     2,897,792.0 |     2,897,792 |     2,897,792 |         0.0 | PushPop | :decode_step722_tokens4    |
|      0.1 |       2,897,664 |         1 |     2,897,664.0 |     2,897,664.0 |     2,897,664 |     2,897,664 |         0.0 | PushPop | :decode_step394_tokens4    |
|      0.1 |       2,897,312 |         1 |     2,897,312.0 |     2,897,312.0 |     2,897,312 |     2,897,312 |         0.0 | PushPop | :decode_step921_tokens4    |
|      0.1 |       2,896,736 |         1 |     2,896,736.0 |     2,896,736.0 |     2,896,736 |     2,896,736 |         0.0 | PushPop | :decode_step238_tokens4    |
|      0.1 |       2,896,400 |         1 |     2,896,400.0 |     2,896,400.0 |     2,896,400 |     2,896,400 |         0.0 | PushPop | :decode_step103_tokens4    |
|      0.1 |       2,896,288 |         1 |     2,896,288.0 |     2,896,288.0 |     2,896,288 |     2,896,288 |         0.0 | PushPop | :decode_step750_tokens4    |
|      0.1 |       2,896,016 |         1 |     2,896,016.0 |     2,896,016.0 |     2,896,016 |     2,896,016 |         0.0 | PushPop | :decode_step1010_tokens4   |
|      0.1 |       2,895,552 |         1 |     2,895,552.0 |     2,895,552.0 |     2,895,552 |     2,895,552 |         0.0 | PushPop | :decode_step267_tokens4    |
|      0.1 |       2,894,944 |         1 |     2,894,944.0 |     2,894,944.0 |     2,894,944 |     2,894,944 |         0.0 | PushPop | :decode_step389_tokens4    |
|      0.1 |       2,894,720 |         1 |     2,894,720.0 |     2,894,720.0 |     2,894,720 |     2,894,720 |         0.0 | PushPop | :decode_step608_tokens4    |
|      0.1 |       2,893,216 |         1 |     2,893,216.0 |     2,893,216.0 |     2,893,216 |     2,893,216 |         0.0 | PushPop | :decode_step915_tokens4    |
|      0.1 |       2,893,120 |         1 |     2,893,120.0 |     2,893,120.0 |     2,893,120 |     2,893,120 |         0.0 | PushPop | :decode_step368_tokens4    |
|      0.1 |       2,892,464 |         1 |     2,892,464.0 |     2,892,464.0 |     2,892,464 |     2,892,464 |         0.0 | PushPop | :decode_step802_tokens4    |
|      0.1 |       2,891,392 |         1 |     2,891,392.0 |     2,891,392.0 |     2,891,392 |     2,891,392 |         0.0 | PushPop | :decode_step239_tokens4    |
|      0.1 |       2,890,144 |         1 |     2,890,144.0 |     2,890,144.0 |     2,890,144 |     2,890,144 |         0.0 | PushPop | :decode_step818_tokens4    |
|      0.1 |       2,889,008 |         1 |     2,889,008.0 |     2,889,008.0 |     2,889,008 |     2,889,008 |         0.0 | PushPop | :decode_step397_tokens4    |
|      0.1 |       2,888,016 |         1 |     2,888,016.0 |     2,888,016.0 |     2,888,016 |     2,888,016 |         0.0 | PushPop | :decode_step529_tokens4    |
|      0.1 |       2,887,856 |         1 |     2,887,856.0 |     2,887,856.0 |     2,887,856 |     2,887,856 |         0.0 | PushPop | :decode_step126_tokens4    |
|      0.1 |       2,887,408 |         1 |     2,887,408.0 |     2,887,408.0 |     2,887,408 |     2,887,408 |         0.0 | PushPop | :decode_step307_tokens4    |
|      0.1 |       2,887,168 |         1 |     2,887,168.0 |     2,887,168.0 |     2,887,168 |     2,887,168 |         0.0 | PushPop | :decode_step724_tokens4    |
|      0.1 |       2,886,464 |         1 |     2,886,464.0 |     2,886,464.0 |     2,886,464 |     2,886,464 |         0.0 | PushPop | :decode_step828_tokens4    |
|      0.1 |       2,885,696 |         1 |     2,885,696.0 |     2,885,696.0 |     2,885,696 |     2,885,696 |         0.0 | PushPop | :decode_step524_tokens4    |
|      0.1 |       2,885,616 |         1 |     2,885,616.0 |     2,885,616.0 |     2,885,616 |     2,885,616 |         0.0 | PushPop | :decode_step451_tokens4    |
|      0.1 |       2,883,728 |         1 |     2,883,728.0 |     2,883,728.0 |     2,883,728 |     2,883,728 |         0.0 | PushPop | :decode_step641_tokens4    |
|      0.1 |       2,883,344 |         1 |     2,883,344.0 |     2,883,344.0 |     2,883,344 |     2,883,344 |         0.0 | PushPop | :decode_step182_tokens4    |
|      0.1 |       2,881,936 |         1 |     2,881,936.0 |     2,881,936.0 |     2,881,936 |     2,881,936 |         0.0 | PushPop | :decode_step392_tokens4    |
|      0.1 |       2,881,808 |         1 |     2,881,808.0 |     2,881,808.0 |     2,881,808 |     2,881,808 |         0.0 | PushPop | :decode_step120_tokens4    |
|      0.1 |       2,881,568 |         1 |     2,881,568.0 |     2,881,568.0 |     2,881,568 |     2,881,568 |         0.0 | PushPop | :decode_step114_tokens4    |
|      0.1 |       2,881,280 |         1 |     2,881,280.0 |     2,881,280.0 |     2,881,280 |     2,881,280 |         0.0 | PushPop | :decode_step482_tokens4    |
|      0.1 |       2,881,200 |         1 |     2,881,200.0 |     2,881,200.0 |     2,881,200 |     2,881,200 |         0.0 | PushPop | :decode_step418_tokens4    |
|      0.1 |       2,880,992 |         1 |     2,880,992.0 |     2,880,992.0 |     2,880,992 |     2,880,992 |         0.0 | PushPop | :decode_step916_tokens4    |
|      0.1 |       2,877,904 |         1 |     2,877,904.0 |     2,877,904.0 |     2,877,904 |     2,877,904 |         0.0 | PushPop | :decode_step914_tokens4    |
|      0.1 |       2,877,264 |         1 |     2,877,264.0 |     2,877,264.0 |     2,877,264 |     2,877,264 |         0.0 | PushPop | :decode_step781_tokens4    |
|      0.1 |       2,876,704 |         1 |     2,876,704.0 |     2,876,704.0 |     2,876,704 |     2,876,704 |         0.0 | PushPop | :decode_step853_tokens4    |
|      0.1 |       2,875,760 |         1 |     2,875,760.0 |     2,875,760.0 |     2,875,760 |     2,875,760 |         0.0 | PushPop | :decode_step99_tokens4     |
|      0.1 |       2,874,720 |         1 |     2,874,720.0 |     2,874,720.0 |     2,874,720 |     2,874,720 |         0.0 | PushPop | :decode_step369_tokens4    |
|      0.1 |       2,874,272 |         1 |     2,874,272.0 |     2,874,272.0 |     2,874,272 |     2,874,272 |         0.0 | PushPop | :decode_step531_tokens4    |
|      0.1 |       2,874,032 |         1 |     2,874,032.0 |     2,874,032.0 |     2,874,032 |     2,874,032 |         0.0 | PushPop | :decode_step289_tokens4    |
|      0.1 |       2,873,920 |         1 |     2,873,920.0 |     2,873,920.0 |     2,873,920 |     2,873,920 |         0.0 | PushPop | :decode_step879_tokens4    |
|      0.1 |       2,873,888 |         1 |     2,873,888.0 |     2,873,888.0 |     2,873,888 |     2,873,888 |         0.0 | PushPop | :decode_step452_tokens4    |
|      0.1 |       2,873,760 |         1 |     2,873,760.0 |     2,873,760.0 |     2,873,760 |     2,873,760 |         0.0 | PushPop | :decode_step687_tokens4    |
|      0.1 |       2,872,752 |         1 |     2,872,752.0 |     2,872,752.0 |     2,872,752 |     2,872,752 |         0.0 | PushPop | :decode_step156_tokens4    |
|      0.1 |       2,871,952 |         1 |     2,871,952.0 |     2,871,952.0 |     2,871,952 |     2,871,952 |         0.0 | PushPop | :decode_step430_tokens4    |
|      0.1 |       2,871,888 |         1 |     2,871,888.0 |     2,871,888.0 |     2,871,888 |     2,871,888 |         0.0 | PushPop | :decode_step308_tokens4    |
|      0.1 |       2,871,600 |         1 |     2,871,600.0 |     2,871,600.0 |     2,871,600 |     2,871,600 |         0.0 | PushPop | :decode_step211_tokens4    |
|      0.1 |       2,871,520 |         1 |     2,871,520.0 |     2,871,520.0 |     2,871,520 |     2,871,520 |         0.0 | PushPop | :decode_step976_tokens4    |
|      0.1 |       2,869,728 |         1 |     2,869,728.0 |     2,869,728.0 |     2,869,728 |     2,869,728 |         0.0 | PushPop | :decode_step151_tokens4    |
|      0.1 |       2,869,456 |         1 |     2,869,456.0 |     2,869,456.0 |     2,869,456 |     2,869,456 |         0.0 | PushPop | :decode_step419_tokens4    |
|      0.1 |       2,868,912 |         1 |     2,868,912.0 |     2,868,912.0 |     2,868,912 |     2,868,912 |         0.0 | PushPop | :decode_step160_tokens4    |
|      0.1 |       2,868,640 |         1 |     2,868,640.0 |     2,868,640.0 |     2,868,640 |     2,868,640 |         0.0 | PushPop | :decode_step935_tokens4    |
|      0.1 |       2,867,056 |         1 |     2,867,056.0 |     2,867,056.0 |     2,867,056 |     2,867,056 |         0.0 | PushPop | :decode_step858_tokens4    |
|      0.1 |       2,866,240 |         1 |     2,866,240.0 |     2,866,240.0 |     2,866,240 |     2,866,240 |         0.0 | PushPop | :decode_step165_tokens4    |
|      0.1 |       2,865,712 |         1 |     2,865,712.0 |     2,865,712.0 |     2,865,712 |     2,865,712 |         0.0 | PushPop | :decode_step643_tokens4    |
|      0.1 |       2,864,432 |         1 |     2,864,432.0 |     2,864,432.0 |     2,864,432 |     2,864,432 |         0.0 | PushPop | :decode_step650_tokens4    |
|      0.1 |       2,860,528 |         1 |     2,860,528.0 |     2,860,528.0 |     2,860,528 |     2,860,528 |         0.0 | PushPop | :decode_step95_tokens4     |
|      0.1 |       2,859,712 |         1 |     2,859,712.0 |     2,859,712.0 |     2,859,712 |     2,859,712 |         0.0 | PushPop | :decode_step212_tokens4    |
|      0.1 |       2,859,312 |         1 |     2,859,312.0 |     2,859,312.0 |     2,859,312 |     2,859,312 |         0.0 | PushPop | :decode_step400_tokens4    |
|      0.1 |       2,859,024 |         1 |     2,859,024.0 |     2,859,024.0 |     2,859,024 |     2,859,024 |         0.0 | PushPop | :decode_step757_tokens4    |
|      0.1 |       2,858,000 |         1 |     2,858,000.0 |     2,858,000.0 |     2,858,000 |     2,858,000 |         0.0 | PushPop | :decode_step229_tokens4    |
|      0.1 |       2,856,640 |         1 |     2,856,640.0 |     2,856,640.0 |     2,856,640 |     2,856,640 |         0.0 | PushPop | :decode_step936_tokens4    |
|      0.1 |       2,856,224 |         1 |     2,856,224.0 |     2,856,224.0 |     2,856,224 |     2,856,224 |         0.0 | PushPop | :decode_step809_tokens4    |
|      0.1 |       2,856,160 |         1 |     2,856,160.0 |     2,856,160.0 |     2,856,160 |     2,856,160 |         0.0 | PushPop | :decode_step974_tokens4    |
|      0.1 |       2,855,008 |         1 |     2,855,008.0 |     2,855,008.0 |     2,855,008 |     2,855,008 |         0.0 | PushPop | :decode_step748_tokens4    |
|      0.1 |       2,853,120 |         1 |     2,853,120.0 |     2,853,120.0 |     2,853,120 |     2,853,120 |         0.0 | PushPop | :decode_step806_tokens4    |
|      0.1 |       2,852,304 |         1 |     2,852,304.0 |     2,852,304.0 |     2,852,304 |     2,852,304 |         0.0 | PushPop | :decode_step805_tokens4    |
|      0.1 |       2,851,520 |         1 |     2,851,520.0 |     2,851,520.0 |     2,851,520 |     2,851,520 |         0.0 | PushPop | :decode_step774_tokens4    |
|      0.1 |       2,850,016 |         1 |     2,850,016.0 |     2,850,016.0 |     2,850,016 |     2,850,016 |         0.0 | PushPop | :decode_step611_tokens4    |
|      0.1 |       2,847,936 |         1 |     2,847,936.0 |     2,847,936.0 |     2,847,936 |     2,847,936 |         0.0 | PushPop | :decode_step892_tokens4    |
|      0.1 |       2,845,712 |         1 |     2,845,712.0 |     2,845,712.0 |     2,845,712 |     2,845,712 |         0.0 | PushPop | :decode_step512_tokens4    |
|      0.1 |       2,845,264 |         1 |     2,845,264.0 |     2,845,264.0 |     2,845,264 |     2,845,264 |         0.0 | PushPop | :decode_step888_tokens4    |
|      0.1 |       2,845,072 |         1 |     2,845,072.0 |     2,845,072.0 |     2,845,072 |     2,845,072 |         0.0 | PushPop | :decode_step251_tokens4    |
|      0.1 |       2,842,688 |         1 |     2,842,688.0 |     2,842,688.0 |     2,842,688 |     2,842,688 |         0.0 | PushPop | :decode_step857_tokens4    |
|      0.1 |       2,841,408 |         1 |     2,841,408.0 |     2,841,408.0 |     2,841,408 |     2,841,408 |         0.0 | PushPop | :decode_step208_tokens4    |
|      0.1 |       2,840,736 |         1 |     2,840,736.0 |     2,840,736.0 |     2,840,736 |     2,840,736 |         0.0 | PushPop | :decode_step752_tokens4    |
|      0.1 |       2,838,912 |         1 |     2,838,912.0 |     2,838,912.0 |     2,838,912 |     2,838,912 |         0.0 | PushPop | :decode_step778_tokens4    |
|      0.1 |       2,834,560 |         1 |     2,834,560.0 |     2,834,560.0 |     2,834,560 |     2,834,560 |         0.0 | PushPop | :decode_step175_tokens4    |
|      0.1 |       2,834,384 |         1 |     2,834,384.0 |     2,834,384.0 |     2,834,384 |     2,834,384 |         0.0 | PushPop | :decode_step374_tokens4    |
|      0.1 |       2,832,496 |         1 |     2,832,496.0 |     2,832,496.0 |     2,832,496 |     2,832,496 |         0.0 | PushPop | :decode_step128_tokens4    |
|      0.1 |       2,830,944 |         1 |     2,830,944.0 |     2,830,944.0 |     2,830,944 |     2,830,944 |         0.0 | PushPop | :decode_step296_tokens4    |
|      0.1 |       2,830,816 |         1 |     2,830,816.0 |     2,830,816.0 |     2,830,816 |     2,830,816 |         0.0 | PushPop | :decode_step997_tokens4    |
|      0.1 |       2,829,936 |         1 |     2,829,936.0 |     2,829,936.0 |     2,829,936 |     2,829,936 |         0.0 | PushPop | :decode_step101_tokens4    |
|      0.1 |       2,829,712 |         1 |     2,829,712.0 |     2,829,712.0 |     2,829,712 |     2,829,712 |         0.0 | PushPop | :decode_step622_tokens4    |
|      0.1 |       2,829,248 |         1 |     2,829,248.0 |     2,829,248.0 |     2,829,248 |     2,829,248 |         0.0 | PushPop | :decode_step758_tokens4    |
|      0.1 |       2,828,720 |         1 |     2,828,720.0 |     2,828,720.0 |     2,828,720 |     2,828,720 |         0.0 | PushPop | :decode_step924_tokens4    |
|      0.1 |       2,827,936 |         1 |     2,827,936.0 |     2,827,936.0 |     2,827,936 |     2,827,936 |         0.0 | PushPop | :decode_step649_tokens4    |
|      0.1 |       2,826,576 |         1 |     2,826,576.0 |     2,826,576.0 |     2,826,576 |     2,826,576 |         0.0 | PushPop | :decode_step159_tokens4    |
|      0.1 |       2,826,368 |         1 |     2,826,368.0 |     2,826,368.0 |     2,826,368 |     2,826,368 |         0.0 | PushPop | :decode_step370_tokens4    |
|      0.1 |       2,826,144 |         1 |     2,826,144.0 |     2,826,144.0 |     2,826,144 |     2,826,144 |         0.0 | PushPop | :decode_step500_tokens4    |
|      0.1 |       2,825,824 |         1 |     2,825,824.0 |     2,825,824.0 |     2,825,824 |     2,825,824 |         0.0 | PushPop | :decode_step540_tokens4    |
|      0.0 |       2,823,872 |         1 |     2,823,872.0 |     2,823,872.0 |     2,823,872 |     2,823,872 |         0.0 | PushPop | :decode_step918_tokens4    |
|      0.0 |       2,823,520 |         1 |     2,823,520.0 |     2,823,520.0 |     2,823,520 |     2,823,520 |         0.0 | PushPop | :decode_step856_tokens4    |
|      0.0 |       2,823,472 |         1 |     2,823,472.0 |     2,823,472.0 |     2,823,472 |     2,823,472 |         0.0 | PushPop | :decode_step480_tokens4    |
|      0.0 |       2,822,848 |         1 |     2,822,848.0 |     2,822,848.0 |     2,822,848 |     2,822,848 |         0.0 | PushPop | :decode_step616_tokens4    |
|      0.0 |       2,822,816 |         1 |     2,822,816.0 |     2,822,816.0 |     2,822,816 |     2,822,816 |         0.0 | PushPop | :decode_step684_tokens4    |
|      0.0 |       2,822,480 |         1 |     2,822,480.0 |     2,822,480.0 |     2,822,480 |     2,822,480 |         0.0 | PushPop | :decode_step119_tokens4    |
|      0.0 |       2,822,336 |         1 |     2,822,336.0 |     2,822,336.0 |     2,822,336 |     2,822,336 |         0.0 | PushPop | :decode_step613_tokens4    |
|      0.0 |       2,820,960 |         1 |     2,820,960.0 |     2,820,960.0 |     2,820,960 |     2,820,960 |         0.0 | PushPop | :decode_step61_tokens4     |
|      0.0 |       2,820,704 |         1 |     2,820,704.0 |     2,820,704.0 |     2,820,704 |     2,820,704 |         0.0 | PushPop | :decode_step770_tokens4    |
|      0.0 |       2,820,016 |         1 |     2,820,016.0 |     2,820,016.0 |     2,820,016 |     2,820,016 |         0.0 | PushPop | :decode_step855_tokens4    |
|      0.0 |       2,818,560 |         1 |     2,818,560.0 |     2,818,560.0 |     2,818,560 |     2,818,560 |         0.0 | PushPop | :decode_step996_tokens4    |
|      0.0 |       2,818,208 |         1 |     2,818,208.0 |     2,818,208.0 |     2,818,208 |     2,818,208 |         0.0 | PushPop | :decode_step619_tokens4    |
|      0.0 |       2,817,424 |         1 |     2,817,424.0 |     2,817,424.0 |     2,817,424 |     2,817,424 |         0.0 | PushPop | :decode_step644_tokens4    |
|      0.0 |       2,816,880 |         1 |     2,816,880.0 |     2,816,880.0 |     2,816,880 |     2,816,880 |         0.0 | PushPop | :decode_step751_tokens4    |
|      0.0 |       2,816,512 |         1 |     2,816,512.0 |     2,816,512.0 |     2,816,512 |     2,816,512 |         0.0 | PushPop | :decode_step174_tokens4    |
|      0.0 |       2,814,768 |         1 |     2,814,768.0 |     2,814,768.0 |     2,814,768 |     2,814,768 |         0.0 | PushPop | :decode_step723_tokens4    |
|      0.0 |       2,813,904 |         1 |     2,813,904.0 |     2,813,904.0 |     2,813,904 |     2,813,904 |         0.0 | PushPop | :decode_step823_tokens4    |
|      0.0 |       2,813,072 |         1 |     2,813,072.0 |     2,813,072.0 |     2,813,072 |     2,813,072 |         0.0 | PushPop | :decode_step406_tokens4    |
|      0.0 |       2,813,040 |         1 |     2,813,040.0 |     2,813,040.0 |     2,813,040 |     2,813,040 |         0.0 | PushPop | :decode_step376_tokens4    |
|      0.0 |       2,812,384 |         1 |     2,812,384.0 |     2,812,384.0 |     2,812,384 |     2,812,384 |         0.0 | PushPop | :decode_step985_tokens4    |
|      0.0 |       2,810,464 |         1 |     2,810,464.0 |     2,810,464.0 |     2,810,464 |     2,810,464 |         0.0 | PushPop | :decode_step133_tokens4    |
|      0.0 |       2,808,864 |         1 |     2,808,864.0 |     2,808,864.0 |     2,808,864 |     2,808,864 |         0.0 | PushPop | :decode_step183_tokens4    |
|      0.0 |       2,808,320 |         1 |     2,808,320.0 |     2,808,320.0 |     2,808,320 |     2,808,320 |         0.0 | PushPop | :decode_step851_tokens4    |
|      0.0 |       2,808,240 |         1 |     2,808,240.0 |     2,808,240.0 |     2,808,240 |     2,808,240 |         0.0 | PushPop | :decode_step461_tokens4    |
|      0.0 |       2,807,824 |         1 |     2,807,824.0 |     2,807,824.0 |     2,807,824 |     2,807,824 |         0.0 | PushPop | :decode_step542_tokens4    |
|      0.0 |       2,807,120 |         1 |     2,807,120.0 |     2,807,120.0 |     2,807,120 |     2,807,120 |         0.0 | PushPop | :decode_step859_tokens4    |
|      0.0 |       2,807,008 |         1 |     2,807,008.0 |     2,807,008.0 |     2,807,008 |     2,807,008 |         0.0 | PushPop | :decode_step981_tokens4    |
|      0.0 |       2,806,720 |         1 |     2,806,720.0 |     2,806,720.0 |     2,806,720 |     2,806,720 |         0.0 | PushPop | :decode_step180_tokens4    |
|      0.0 |       2,806,320 |         1 |     2,806,320.0 |     2,806,320.0 |     2,806,320 |     2,806,320 |         0.0 | PushPop | :decode_step847_tokens4    |
|      0.0 |       2,805,584 |         1 |     2,805,584.0 |     2,805,584.0 |     2,805,584 |     2,805,584 |         0.0 | PushPop | :decode_step85_tokens4     |
|      0.0 |       2,805,424 |         1 |     2,805,424.0 |     2,805,424.0 |     2,805,424 |     2,805,424 |         0.0 | PushPop | :decode_step596_tokens4    |
|      0.0 |       2,805,040 |         1 |     2,805,040.0 |     2,805,040.0 |     2,805,040 |     2,805,040 |         0.0 | PushPop | :decode_step255_tokens4    |
|      0.0 |       2,802,384 |         1 |     2,802,384.0 |     2,802,384.0 |     2,802,384 |     2,802,384 |         0.0 | PushPop | :decode_step697_tokens4    |
|      0.0 |       2,802,096 |         1 |     2,802,096.0 |     2,802,096.0 |     2,802,096 |     2,802,096 |         0.0 | PushPop | :decode_step393_tokens4    |
|      0.0 |       2,801,280 |         1 |     2,801,280.0 |     2,801,280.0 |     2,801,280 |     2,801,280 |         0.0 | PushPop | :decode_step541_tokens4    |
|      0.0 |       2,801,120 |         1 |     2,801,120.0 |     2,801,120.0 |     2,801,120 |     2,801,120 |         0.0 | PushPop | :decode_step23_tokens4     |
|      0.0 |       2,800,720 |         1 |     2,800,720.0 |     2,800,720.0 |     2,800,720 |     2,800,720 |         0.0 | PushPop | :decode_step642_tokens4    |
|      0.0 |       2,800,576 |         1 |     2,800,576.0 |     2,800,576.0 |     2,800,576 |     2,800,576 |         0.0 | PushPop | :decode_step454_tokens4    |
|      0.0 |       2,800,560 |         1 |     2,800,560.0 |     2,800,560.0 |     2,800,560 |     2,800,560 |         0.0 | PushPop | :decode_step503_tokens4    |
|      0.0 |       2,800,224 |         1 |     2,800,224.0 |     2,800,224.0 |     2,800,224 |     2,800,224 |         0.0 | PushPop | :decode_step848_tokens4    |
|      0.0 |       2,799,440 |         1 |     2,799,440.0 |     2,799,440.0 |     2,799,440 |     2,799,440 |         0.0 | PushPop | :decode_step19_tokens4     |
|      0.0 |       2,797,744 |         1 |     2,797,744.0 |     2,797,744.0 |     2,797,744 |     2,797,744 |         0.0 | PushPop | :decode_step527_tokens4    |
|      0.0 |       2,797,264 |         1 |     2,797,264.0 |     2,797,264.0 |     2,797,264 |     2,797,264 |         0.0 | PushPop | :decode_step594_tokens4    |
|      0.0 |       2,796,880 |         1 |     2,796,880.0 |     2,796,880.0 |     2,796,880 |     2,796,880 |         0.0 | PushPop | :decode_step647_tokens4    |
|      0.0 |       2,795,472 |         1 |     2,795,472.0 |     2,795,472.0 |     2,795,472 |     2,795,472 |         0.0 | PushPop | :decode_step666_tokens4    |
|      0.0 |       2,795,056 |         1 |     2,795,056.0 |     2,795,056.0 |     2,795,056 |     2,795,056 |         0.0 | PushPop | :decode_step701_tokens4    |
|      0.0 |       2,792,016 |         1 |     2,792,016.0 |     2,792,016.0 |     2,792,016 |     2,792,016 |         0.0 | PushPop | :decode_step803_tokens4    |
|      0.0 |       2,790,304 |         1 |     2,790,304.0 |     2,790,304.0 |     2,790,304 |     2,790,304 |         0.0 | PushPop | :decode_step777_tokens4    |
|      0.0 |       2,790,128 |         1 |     2,790,128.0 |     2,790,128.0 |     2,790,128 |     2,790,128 |         0.0 | PushPop | :decode_step618_tokens4    |
|      0.0 |       2,788,944 |         1 |     2,788,944.0 |     2,788,944.0 |     2,788,944 |     2,788,944 |         0.0 | PushPop | :decode_step662_tokens4    |
|      0.0 |       2,788,848 |         1 |     2,788,848.0 |     2,788,848.0 |     2,788,848 |     2,788,848 |         0.0 | PushPop | :decode_step459_tokens4    |
|      0.0 |       2,788,544 |         1 |     2,788,544.0 |     2,788,544.0 |     2,788,544 |     2,788,544 |         0.0 | PushPop | :decode_step371_tokens4    |
|      0.0 |       2,788,096 |         1 |     2,788,096.0 |     2,788,096.0 |     2,788,096 |     2,788,096 |         0.0 | PushPop | :decode_step623_tokens4    |
|      0.0 |       2,786,768 |         1 |     2,786,768.0 |     2,786,768.0 |     2,786,768 |     2,786,768 |         0.0 | PushPop | :decode_step528_tokens4    |
|      0.0 |       2,786,288 |         1 |     2,786,288.0 |     2,786,288.0 |     2,786,288 |     2,786,288 |         0.0 | PushPop | :decode_step837_tokens4    |
|      0.0 |       2,785,408 |         1 |     2,785,408.0 |     2,785,408.0 |     2,785,408 |     2,785,408 |         0.0 | PushPop | :decode_step721_tokens4    |
|      0.0 |       2,784,256 |         1 |     2,784,256.0 |     2,784,256.0 |     2,784,256 |     2,784,256 |         0.0 | PushPop | :decode_step646_tokens4    |
|      0.0 |       2,783,952 |         1 |     2,783,952.0 |     2,783,952.0 |     2,783,952 |     2,783,952 |         0.0 | PushPop | :decode_step612_tokens4    |
|      0.0 |       2,780,880 |         1 |     2,780,880.0 |     2,780,880.0 |     2,780,880 |     2,780,880 |         0.0 | PushPop | :decode_step808_tokens4    |
|      0.0 |       2,780,720 |         1 |     2,780,720.0 |     2,780,720.0 |     2,780,720 |     2,780,720 |         0.0 | PushPop | :decode_step698_tokens4    |
|      0.0 |       2,779,632 |         1 |     2,779,632.0 |     2,779,632.0 |     2,779,632 |     2,779,632 |         0.0 | PushPop | :decode_step523_tokens4    |
|      0.0 |       2,779,344 |         1 |     2,779,344.0 |     2,779,344.0 |     2,779,344 |     2,779,344 |         0.0 | PushPop | :decode_step505_tokens4    |
|      0.0 |       2,772,544 |         1 |     2,772,544.0 |     2,772,544.0 |     2,772,544 |     2,772,544 |         0.0 | PushPop | :decode_step873_tokens4    |
|      0.0 |       2,772,496 |         1 |     2,772,496.0 |     2,772,496.0 |     2,772,496 |     2,772,496 |         0.0 | PushPop | :decode_step177_tokens4    |
|      0.0 |       2,772,416 |         1 |     2,772,416.0 |     2,772,416.0 |     2,772,416 |     2,772,416 |         0.0 | PushPop | :decode_step933_tokens4    |
|      0.0 |       2,770,640 |         1 |     2,770,640.0 |     2,770,640.0 |     2,770,640 |     2,770,640 |         0.0 | PushPop | :decode_step592_tokens4    |
|      0.0 |       2,770,272 |         1 |     2,770,272.0 |     2,770,272.0 |     2,770,272 |     2,770,272 |         0.0 | PushPop | :decode_step172_tokens4    |
|      0.0 |       2,769,152 |         1 |     2,769,152.0 |     2,769,152.0 |     2,769,152 |     2,769,152 |         0.0 | PushPop | :decode_step404_tokens4    |
|      0.0 |       2,767,744 |         1 |     2,767,744.0 |     2,767,744.0 |     2,767,744 |     2,767,744 |         0.0 | PushPop | :decode_step416_tokens4    |
|      0.0 |       2,767,312 |         1 |     2,767,312.0 |     2,767,312.0 |     2,767,312 |     2,767,312 |         0.0 | PushPop | :decode_step432_tokens4    |
|      0.0 |       2,764,656 |         1 |     2,764,656.0 |     2,764,656.0 |     2,764,656 |     2,764,656 |         0.0 | PushPop | :decode_step181_tokens4    |
|      0.0 |       2,763,968 |         1 |     2,763,968.0 |     2,763,968.0 |     2,763,968 |     2,763,968 |         0.0 | PushPop | :decode_step63_tokens4     |
|      0.0 |       2,761,584 |         1 |     2,761,584.0 |     2,761,584.0 |     2,761,584 |     2,761,584 |         0.0 | PushPop | :decode_step699_tokens4    |
|      0.0 |       2,761,568 |         1 |     2,761,568.0 |     2,761,568.0 |     2,761,568 |     2,761,568 |         0.0 | PushPop | :decode_step836_tokens4    |
|      0.0 |       2,760,768 |         1 |     2,760,768.0 |     2,760,768.0 |     2,760,768 |     2,760,768 |         0.0 | PushPop | :decode_step62_tokens4     |
|      0.0 |       2,759,360 |         1 |     2,759,360.0 |     2,759,360.0 |     2,759,360 |     2,759,360 |         0.0 | PushPop | :decode_step609_tokens4    |
|      0.0 |       2,758,656 |         1 |     2,758,656.0 |     2,758,656.0 |     2,758,656 |     2,758,656 |         0.0 | PushPop | :decode_step693_tokens4    |
|      0.0 |       2,756,400 |         1 |     2,756,400.0 |     2,756,400.0 |     2,756,400 |     2,756,400 |         0.0 | PushPop | :decode_step256_tokens4    |
|      0.0 |       2,754,192 |         1 |     2,754,192.0 |     2,754,192.0 |     2,754,192 |     2,754,192 |         0.0 | PushPop | :decode_step861_tokens4    |
|      0.0 |       2,754,032 |         1 |     2,754,032.0 |     2,754,032.0 |     2,754,032 |     2,754,032 |         0.0 | PushPop | :decode_step887_tokens4    |
|      0.0 |       2,753,488 |         1 |     2,753,488.0 |     2,753,488.0 |     2,753,488 |     2,753,488 |         0.0 | PushPop | :decode_step860_tokens4    |
|      0.0 |       2,752,576 |         1 |     2,752,576.0 |     2,752,576.0 |     2,752,576 |     2,752,576 |         0.0 | PushPop | :decode_step295_tokens4    |
|      0.0 |       2,752,384 |         1 |     2,752,384.0 |     2,752,384.0 |     2,752,384 |     2,752,384 |         0.0 | PushPop | :decode_step214_tokens4    |
|      0.0 |       2,752,144 |         1 |     2,752,144.0 |     2,752,144.0 |     2,752,144 |     2,752,144 |         0.0 | PushPop | :decode_step942_tokens4    |
|      0.0 |       2,751,984 |         1 |     2,751,984.0 |     2,751,984.0 |     2,751,984 |     2,751,984 |         0.0 | PushPop | :decode_step779_tokens4    |
|      0.0 |       2,750,480 |         1 |     2,750,480.0 |     2,750,480.0 |     2,750,480 |     2,750,480 |         0.0 | PushPop | :decode_step864_tokens4    |
|      0.0 |       2,750,208 |         1 |     2,750,208.0 |     2,750,208.0 |     2,750,208 |     2,750,208 |         0.0 | PushPop | :decode_step184_tokens4    |
|      0.0 |       2,749,232 |         1 |     2,749,232.0 |     2,749,232.0 |     2,749,232 |     2,749,232 |         0.0 | PushPop | :decode_step865_tokens4    |
|      0.0 |       2,747,680 |         1 |     2,747,680.0 |     2,747,680.0 |     2,747,680 |     2,747,680 |         0.0 | PushPop | :decode_step486_tokens4    |
|      0.0 |       2,747,456 |         1 |     2,747,456.0 |     2,747,456.0 |     2,747,456 |     2,747,456 |         0.0 | PushPop | :decode_step378_tokens4    |
|      0.0 |       2,746,096 |         1 |     2,746,096.0 |     2,746,096.0 |     2,746,096 |     2,746,096 |         0.0 | PushPop | :decode_step372_tokens4    |
|      0.0 |       2,745,728 |         1 |     2,745,728.0 |     2,745,728.0 |     2,745,728 |     2,745,728 |         0.0 | PushPop | :decode_step988_tokens4    |
|      0.0 |       2,745,424 |         1 |     2,745,424.0 |     2,745,424.0 |     2,745,424 |     2,745,424 |         0.0 | PushPop | :decode_step346_tokens4    |
|      0.0 |       2,742,672 |         1 |     2,742,672.0 |     2,742,672.0 |     2,742,672 |     2,742,672 |         0.0 | PushPop | :decode_step593_tokens4    |
|      0.0 |       2,741,968 |         1 |     2,741,968.0 |     2,741,968.0 |     2,741,968 |     2,741,968 |         0.0 | PushPop | :decode_step347_tokens4    |
|      0.0 |       2,741,296 |         1 |     2,741,296.0 |     2,741,296.0 |     2,741,296 |     2,741,296 |         0.0 | PushPop | :decode_step832_tokens4    |
|      0.0 |       2,741,280 |         1 |     2,741,280.0 |     2,741,280.0 |     2,741,280 |     2,741,280 |         0.0 | PushPop | :decode_step178_tokens4    |
|      0.0 |       2,741,232 |         1 |     2,741,232.0 |     2,741,232.0 |     2,741,232 |     2,741,232 |         0.0 | PushPop | :decode_step506_tokens4    |
|      0.0 |       2,741,056 |         1 |     2,741,056.0 |     2,741,056.0 |     2,741,056 |     2,741,056 |         0.0 | PushPop | :decode_step484_tokens4    |
|      0.0 |       2,740,816 |         1 |     2,740,816.0 |     2,740,816.0 |     2,740,816 |     2,740,816 |         0.0 | PushPop | :decode_step249_tokens4    |
|      0.0 |       2,740,336 |         1 |     2,740,336.0 |     2,740,336.0 |     2,740,336 |     2,740,336 |         0.0 | PushPop | :decode_step233_tokens4    |
|      0.0 |       2,739,568 |         1 |     2,739,568.0 |     2,739,568.0 |     2,739,568 |     2,739,568 |         0.0 | PushPop | :decode_step342_tokens4    |
|      0.0 |       2,739,280 |         1 |     2,739,280.0 |     2,739,280.0 |     2,739,280 |     2,739,280 |         0.0 | PushPop | :decode_step169_tokens4    |
|      0.0 |       2,738,624 |         1 |     2,738,624.0 |     2,738,624.0 |     2,738,624 |     2,738,624 |         0.0 | PushPop | :decode_step428_tokens4    |
|      0.0 |       2,737,808 |         1 |     2,737,808.0 |     2,737,808.0 |     2,737,808 |     2,737,808 |         0.0 | PushPop | :decode_step984_tokens4    |
|      0.0 |       2,737,728 |         1 |     2,737,728.0 |     2,737,728.0 |     2,737,728 |     2,737,728 |         0.0 | PushPop | :decode_step162_tokens4    |
|      0.0 |       2,737,488 |         1 |     2,737,488.0 |     2,737,488.0 |     2,737,488 |     2,737,488 |         0.0 | PushPop | :decode_step610_tokens4    |
|      0.0 |       2,736,256 |         1 |     2,736,256.0 |     2,736,256.0 |     2,736,256 |     2,736,256 |         0.0 | PushPop | :decode_step407_tokens4    |
|      0.0 |       2,735,808 |         1 |     2,735,808.0 |     2,735,808.0 |     2,735,808 |     2,735,808 |         0.0 | PushPop | :decode_step294_tokens4    |
|      0.0 |       2,735,136 |         1 |     2,735,136.0 |     2,735,136.0 |     2,735,136 |     2,735,136 |         0.0 | PushPop | :decode_step488_tokens4    |
|      0.0 |       2,734,048 |         1 |     2,734,048.0 |     2,734,048.0 |     2,734,048 |     2,734,048 |         0.0 | PushPop | :decode_step20_tokens4     |
|      0.0 |       2,733,024 |         1 |     2,733,024.0 |     2,733,024.0 |     2,733,024 |     2,733,024 |         0.0 | PushPop | :decode_step427_tokens4    |
|      0.0 |       2,732,144 |         1 |     2,732,144.0 |     2,732,144.0 |     2,732,144 |     2,732,144 |         0.0 | PushPop | :decode_step334_tokens4    |
|      0.0 |       2,731,568 |         1 |     2,731,568.0 |     2,731,568.0 |     2,731,568 |     2,731,568 |         0.0 | PushPop | :decode_step483_tokens4    |
|      0.0 |       2,727,824 |         1 |     2,727,824.0 |     2,727,824.0 |     2,727,824 |     2,727,824 |         0.0 | PushPop | :decode_step377_tokens4    |
|      0.0 |       2,723,824 |         1 |     2,723,824.0 |     2,723,824.0 |     2,723,824 |     2,723,824 |         0.0 | PushPop | :decode_step614_tokens4    |
|      0.0 |       2,721,728 |         1 |     2,721,728.0 |     2,721,728.0 |     2,721,728 |     2,721,728 |         0.0 | PushPop | :decode_step73_tokens4     |
|      0.0 |       2,721,392 |         1 |     2,721,392.0 |     2,721,392.0 |     2,721,392 |     2,721,392 |         0.0 | PushPop | :decode_step213_tokens4    |
|      0.0 |       2,720,880 |         1 |     2,720,880.0 |     2,720,880.0 |     2,720,880 |     2,720,880 |         0.0 | PushPop | :decode_step536_tokens4    |
|      0.0 |       2,719,632 |         1 |     2,719,632.0 |     2,719,632.0 |     2,719,632 |     2,719,632 |         0.0 | PushPop | :decode_step665_tokens4    |
|      0.0 |       2,719,520 |         1 |     2,719,520.0 |     2,719,520.0 |     2,719,520 |     2,719,520 |         0.0 | PushPop | :decode_step403_tokens4    |
|      0.0 |       2,715,648 |         1 |     2,715,648.0 |     2,715,648.0 |     2,715,648 |     2,715,648 |         0.0 | PushPop | :decode_step410_tokens4    |
|      0.0 |       2,714,400 |         1 |     2,714,400.0 |     2,714,400.0 |     2,714,400 |     2,714,400 |         0.0 | PushPop | :decode_step487_tokens4    |
|      0.0 |       2,712,592 |         1 |     2,712,592.0 |     2,712,592.0 |     2,712,592 |     2,712,592 |         0.0 | PushPop | :decode_step533_tokens4    |
|      0.0 |       2,709,072 |         1 |     2,709,072.0 |     2,709,072.0 |     2,709,072 |     2,709,072 |         0.0 | PushPop | :decode_step992_tokens4    |
|      0.0 |       2,708,240 |         1 |     2,708,240.0 |     2,708,240.0 |     2,708,240 |     2,708,240 |         0.0 | PushPop | :decode_step247_tokens4    |
|      0.0 |       2,706,416 |         1 |     2,706,416.0 |     2,706,416.0 |     2,706,416 |     2,706,416 |         0.0 | PushPop | :decode_step344_tokens4    |
|      0.0 |       2,704,736 |         1 |     2,704,736.0 |     2,704,736.0 |     2,704,736 |     2,704,736 |         0.0 | PushPop | :decode_step350_tokens4    |
|      0.0 |       2,702,496 |         1 |     2,702,496.0 |     2,702,496.0 |     2,702,496 |     2,702,496 |         0.0 | PushPop | :decode_step621_tokens4    |
|      0.0 |       2,698,496 |         1 |     2,698,496.0 |     2,698,496.0 |     2,698,496 |     2,698,496 |         0.0 | PushPop | :decode_step232_tokens4    |
|      0.0 |       2,697,872 |         1 |     2,697,872.0 |     2,697,872.0 |     2,697,872 |     2,697,872 |         0.0 | PushPop | :decode_step513_tokens4    |
|      0.0 |       2,697,440 |         1 |     2,697,440.0 |     2,697,440.0 |     2,697,440 |     2,697,440 |         0.0 | PushPop | :decode_step379_tokens4    |
|      0.0 |       2,697,232 |         1 |     2,697,232.0 |     2,697,232.0 |     2,697,232 |     2,697,232 |         0.0 | PushPop | :decode_step537_tokens4    |
|      0.0 |       2,694,736 |         1 |     2,694,736.0 |     2,694,736.0 |     2,694,736 |     2,694,736 |         0.0 | PushPop | :decode_step50_tokens4     |
|      0.0 |       2,687,696 |         1 |     2,687,696.0 |     2,687,696.0 |     2,687,696 |     2,687,696 |         0.0 | PushPop | :decode_step351_tokens4    |
|      0.0 |       2,686,864 |         1 |     2,686,864.0 |     2,686,864.0 |     2,686,864 |     2,686,864 |         0.0 | PushPop | :decode_step292_tokens4    |
|      0.0 |       2,686,144 |         1 |     2,686,144.0 |     2,686,144.0 |     2,686,144 |     2,686,144 |         0.0 | PushPop | :decode_step700_tokens4    |
|      0.0 |       2,681,808 |         1 |     2,681,808.0 |     2,681,808.0 |     2,681,808 |     2,681,808 |         0.0 | PushPop | :decode_step246_tokens4    |
|      0.0 |       2,681,136 |         1 |     2,681,136.0 |     2,681,136.0 |     2,681,136 |     2,681,136 |         0.0 | PushPop | :decode_step776_tokens4    |
|      0.0 |       2,679,936 |         1 |     2,679,936.0 |     2,679,936.0 |     2,679,936 |     2,679,936 |         0.0 | PushPop | :decode_step264_tokens4    |
|      0.0 |       2,679,664 |         1 |     2,679,664.0 |     2,679,664.0 |     2,679,664 |     2,679,664 |         0.0 | PushPop | :decode_step339_tokens4    |
|      0.0 |       2,677,248 |         1 |     2,677,248.0 |     2,677,248.0 |     2,677,248 |     2,677,248 |         0.0 | PushPop | :decode_step411_tokens4    |
|      0.0 |       2,676,320 |         1 |     2,676,320.0 |     2,676,320.0 |     2,676,320 |     2,676,320 |         0.0 | PushPop | :decode_step772_tokens4    |
|      0.0 |       2,675,472 |         1 |     2,675,472.0 |     2,675,472.0 |     2,675,472 |     2,675,472 |         0.0 | PushPop | :decode_step620_tokens4    |
|      0.0 |       2,675,440 |         1 |     2,675,440.0 |     2,675,440.0 |     2,675,440 |     2,675,440 |         0.0 | PushPop | :decode_step617_tokens4    |
|      0.0 |       2,675,408 |         1 |     2,675,408.0 |     2,675,408.0 |     2,675,408 |     2,675,408 |         0.0 | PushPop | :decode_step262_tokens4    |
|      0.0 |       2,675,280 |         1 |     2,675,280.0 |     2,675,280.0 |     2,675,280 |     2,675,280 |         0.0 | PushPop | :decode_step269_tokens4    |
|      0.0 |       2,669,952 |         1 |     2,669,952.0 |     2,669,952.0 |     2,669,952 |     2,669,952 |         0.0 | PushPop | :decode_step173_tokens4    |
|      0.0 |       2,669,280 |         1 |     2,669,280.0 |     2,669,280.0 |     2,669,280 |     2,669,280 |         0.0 | PushPop | :decode_step373_tokens4    |
|      0.0 |       2,667,776 |         1 |     2,667,776.0 |     2,667,776.0 |     2,667,776 |     2,667,776 |         0.0 | PushPop | :decode_step429_tokens4    |
|      0.0 |       2,667,568 |         1 |     2,667,568.0 |     2,667,568.0 |     2,667,568 |     2,667,568 |         0.0 | PushPop | :decode_step69_tokens4     |
|      0.0 |       2,666,784 |         1 |     2,666,784.0 |     2,666,784.0 |     2,666,784 |     2,666,784 |         0.0 | PushPop | :decode_step333_tokens4    |
|      0.0 |       2,663,968 |         1 |     2,663,968.0 |     2,663,968.0 |     2,663,968 |     2,663,968 |         0.0 | PushPop | :decode_step171_tokens4    |
|      0.0 |       2,663,808 |         1 |     2,663,808.0 |     2,663,808.0 |     2,663,808 |     2,663,808 |         0.0 | PushPop | :decode_step297_tokens4    |
|      0.0 |       2,659,920 |         1 |     2,659,920.0 |     2,659,920.0 |     2,659,920 |     2,659,920 |         0.0 | PushPop | :decode_step155_tokens4    |
|      0.0 |       2,659,776 |         1 |     2,659,776.0 |     2,659,776.0 |     2,659,776 |     2,659,776 |         0.0 | PushPop | :decode_step375_tokens4    |
|      0.0 |       2,656,432 |         1 |     2,656,432.0 |     2,656,432.0 |     2,656,432 |     2,656,432 |         0.0 | PushPop | :decode_step615_tokens4    |
|      0.0 |       2,652,272 |         1 |     2,652,272.0 |     2,652,272.0 |     2,652,272 |     2,652,272 |         0.0 | PushPop | :decode_step514_tokens4    |
|      0.0 |       2,650,368 |         1 |     2,650,368.0 |     2,650,368.0 |     2,650,368 |     2,650,368 |         0.0 | PushPop | :decode_step236_tokens4    |
|      0.0 |       2,647,696 |         1 |     2,647,696.0 |     2,647,696.0 |     2,647,696 |     2,647,696 |         0.0 | PushPop | :decode_step337_tokens4    |
|      0.0 |       2,647,184 |         1 |     2,647,184.0 |     2,647,184.0 |     2,647,184 |     2,647,184 |         0.0 | PushPop | :decode_step265_tokens4    |
|      0.0 |       2,644,592 |         1 |     2,644,592.0 |     2,644,592.0 |     2,644,592 |     2,644,592 |         0.0 | PushPop | :decode_step268_tokens4    |
|      0.0 |       2,644,160 |         1 |     2,644,160.0 |     2,644,160.0 |     2,644,160 |     2,644,160 |         0.0 | PushPop | :decode_step810_tokens4    |
|      0.0 |       2,642,192 |         1 |     2,642,192.0 |     2,642,192.0 |     2,642,192 |     2,642,192 |         0.0 | PushPop | :decode_step293_tokens4    |
|      0.0 |       2,641,792 |         1 |     2,641,792.0 |     2,641,792.0 |     2,641,792 |     2,641,792 |         0.0 | PushPop | :decode_step237_tokens4    |
|      0.0 |       2,640,256 |         1 |     2,640,256.0 |     2,640,256.0 |     2,640,256 |     2,640,256 |         0.0 | PushPop | :decode_step340_tokens4    |
|      0.0 |       2,639,728 |         1 |     2,639,728.0 |     2,639,728.0 |     2,639,728 |     2,639,728 |         0.0 | PushPop | :decode_step121_tokens4    |
|      0.0 |       2,637,648 |         1 |     2,637,648.0 |     2,637,648.0 |     2,637,648 |     2,637,648 |         0.0 | PushPop | :decode_step71_tokens4     |
|      0.0 |       2,636,688 |         1 |     2,636,688.0 |     2,636,688.0 |     2,636,688 |     2,636,688 |         0.0 | PushPop | :decode_step349_tokens4    |
|      0.0 |       2,632,992 |         1 |     2,632,992.0 |     2,632,992.0 |     2,632,992 |     2,632,992 |         0.0 | PushPop | :decode_step154_tokens4    |
|      0.0 |       2,631,200 |         1 |     2,631,200.0 |     2,631,200.0 |     2,631,200 |     2,631,200 |         0.0 | PushPop | :decode_step408_tokens4    |
|      0.0 |       2,630,576 |         1 |     2,630,576.0 |     2,630,576.0 |     2,630,576 |     2,630,576 |         0.0 | PushPop | :decode_step88_tokens4     |
|      0.0 |       2,627,952 |         1 |     2,627,952.0 |     2,627,952.0 |     2,627,952 |     2,627,952 |         0.0 | PushPop | :decode_step271_tokens4    |
|      0.0 |       2,624,896 |         1 |     2,624,896.0 |     2,624,896.0 |     2,624,896 |     2,624,896 |         0.0 | PushPop | :decode_step134_tokens4    |
|      0.0 |       2,623,120 |         1 |     2,623,120.0 |     2,623,120.0 |     2,623,120 |     2,623,120 |         0.0 | PushPop | :decode_step413_tokens4    |
|      0.0 |       2,622,464 |         1 |     2,622,464.0 |     2,622,464.0 |     2,622,464 |     2,622,464 |         0.0 | PushPop | :decode_step77_tokens4     |
|      0.0 |       2,621,648 |         1 |     2,621,648.0 |     2,621,648.0 |     2,621,648 |     2,621,648 |         0.0 | PushPop | :decode_step341_tokens4    |
|      0.0 |       2,618,480 |         1 |     2,618,480.0 |     2,618,480.0 |     2,618,480 |     2,618,480 |         0.0 | PushPop | :decode_step30_tokens4     |
|      0.0 |       2,618,192 |         1 |     2,618,192.0 |     2,618,192.0 |     2,618,192 |     2,618,192 |         0.0 | PushPop | :decode_step717_tokens4    |
|      0.0 |       2,616,496 |         1 |     2,616,496.0 |     2,616,496.0 |     2,616,496 |     2,616,496 |         0.0 | PushPop | :decode_step426_tokens4    |
|      0.0 |       2,615,392 |         1 |     2,615,392.0 |     2,615,392.0 |     2,615,392 |     2,615,392 |         0.0 | PushPop | :decode_step263_tokens4    |
|      0.0 |       2,612,656 |         1 |     2,612,656.0 |     2,612,656.0 |     2,612,656 |     2,612,656 |         0.0 | PushPop | :decode_step74_tokens4     |
|      0.0 |       2,610,528 |         1 |     2,610,528.0 |     2,610,528.0 |     2,610,528 |     2,610,528 |         0.0 | PushPop | :decode_step431_tokens4    |
|      0.0 |       2,606,480 |         1 |     2,606,480.0 |     2,606,480.0 |     2,606,480 |     2,606,480 |         0.0 | PushPop | :decode_step58_tokens4     |
|      0.0 |       2,606,032 |         1 |     2,606,032.0 |     2,606,032.0 |     2,606,032 |     2,606,032 |         0.0 | PushPop | :decode_step91_tokens4     |
|      0.0 |       2,604,192 |         1 |     2,604,192.0 |     2,604,192.0 |     2,604,192 |     2,604,192 |         0.0 | PushPop | :decode_step270_tokens4    |
|      0.0 |       2,604,144 |         1 |     2,604,144.0 |     2,604,144.0 |     2,604,144 |     2,604,144 |         0.0 | PushPop | :decode_step31_tokens4     |
|      0.0 |       2,602,320 |         1 |     2,602,320.0 |     2,602,320.0 |     2,602,320 |     2,602,320 |         0.0 | PushPop | :decode_step38_tokens4     |
|      0.0 |       2,597,840 |         1 |     2,597,840.0 |     2,597,840.0 |     2,597,840 |     2,597,840 |         0.0 | PushPop | :decode_step104_tokens4    |
|      0.0 |       2,597,632 |         1 |     2,597,632.0 |     2,597,632.0 |     2,597,632 |     2,597,632 |         0.0 | PushPop | :decode_step170_tokens4    |
|      0.0 |       2,590,288 |         1 |     2,590,288.0 |     2,590,288.0 |     2,590,288 |     2,590,288 |         0.0 | PushPop | :decode_step21_tokens4     |
|      0.0 |       2,590,112 |         1 |     2,590,112.0 |     2,590,112.0 |     2,590,112 |     2,590,112 |         0.0 | PushPop | :decode_step25_tokens4     |
|      0.0 |       2,589,840 |         1 |     2,589,840.0 |     2,589,840.0 |     2,589,840 |     2,589,840 |         0.0 | PushPop | :decode_step425_tokens4    |
|      0.0 |       2,586,752 |         1 |     2,586,752.0 |     2,586,752.0 |     2,586,752 |     2,586,752 |         0.0 | PushPop | :decode_step86_tokens4     |
|      0.0 |       2,582,864 |         1 |     2,582,864.0 |     2,582,864.0 |     2,582,864 |     2,582,864 |         0.0 | PushPop | :decode_step166_tokens4    |
|      0.0 |       2,582,128 |         1 |     2,582,128.0 |     2,582,128.0 |     2,582,128 |     2,582,128 |         0.0 | PushPop | :decode_step348_tokens4    |
|      0.0 |       2,579,968 |         1 |     2,579,968.0 |     2,579,968.0 |     2,579,968 |     2,579,968 |         0.0 | PushPop | :decode_step167_tokens4    |
|      0.0 |       2,576,672 |         1 |     2,576,672.0 |     2,576,672.0 |     2,576,672 |     2,576,672 |         0.0 | PushPop | :decode_step70_tokens4     |
|      0.0 |       2,573,632 |         1 |     2,573,632.0 |     2,573,632.0 |     2,573,632 |     2,573,632 |         0.0 | PushPop | :decode_step64_tokens4     |
|      0.0 |       2,570,176 |         1 |     2,570,176.0 |     2,570,176.0 |     2,570,176 |     2,570,176 |         0.0 | PushPop | :decode_step24_tokens4     |
|      0.0 |       2,562,736 |         1 |     2,562,736.0 |     2,562,736.0 |     2,562,736 |     2,562,736 |         0.0 | PushPop | :decode_step338_tokens4    |
|      0.0 |       2,556,656 |         1 |     2,556,656.0 |     2,556,656.0 |     2,556,656 |     2,556,656 |         0.0 | PushPop | :decode_step22_tokens4     |
|      0.0 |       2,555,056 |         1 |     2,555,056.0 |     2,555,056.0 |     2,555,056 |     2,555,056 |         0.0 | PushPop | :decode_step75_tokens4     |
|      0.0 |       2,538,496 |         1 |     2,538,496.0 |     2,538,496.0 |     2,538,496 |     2,538,496 |         0.0 | PushPop | :decode_step336_tokens4    |
|      0.0 |       2,530,368 |         1 |     2,530,368.0 |     2,530,368.0 |     2,530,368 |     2,530,368 |         0.0 | PushPop | :decode_step87_tokens4     |
|      0.0 |       2,521,584 |         1 |     2,521,584.0 |     2,521,584.0 |     2,521,584 |     2,521,584 |         0.0 | PushPop | :decode_step65_tokens4     |
|      0.0 |       2,517,760 |         1 |     2,517,760.0 |     2,517,760.0 |     2,517,760 |     2,517,760 |         0.0 | PushPop | :decode_step33_tokens4     |
|      0.0 |       2,513,824 |         1 |     2,513,824.0 |     2,513,824.0 |     2,513,824 |     2,513,824 |         0.0 | PushPop | :decode_step26_tokens4     |
|      0.0 |       2,508,640 |         1 |     2,508,640.0 |     2,508,640.0 |     2,508,640 |     2,508,640 |         0.0 | PushPop | :decode_step34_tokens4     |
|      0.0 |       2,504,976 |         1 |     2,504,976.0 |     2,504,976.0 |     2,504,976 |     2,504,976 |         0.0 | PushPop | :decode_step105_tokens4    |
|      0.0 |       2,503,664 |         1 |     2,503,664.0 |     2,503,664.0 |     2,503,664 |     2,503,664 |         0.0 | PushPop | :decode_step29_tokens4     |
|      0.0 |       2,503,328 |         1 |     2,503,328.0 |     2,503,328.0 |     2,503,328 |     2,503,328 |         0.0 | PushPop | :decode_step35_tokens4     |
|      0.0 |       2,495,264 |         1 |     2,495,264.0 |     2,495,264.0 |     2,495,264 |     2,495,264 |         0.0 | PushPop | :decode_step79_tokens4     |
|      0.0 |       2,492,048 |         1 |     2,492,048.0 |     2,492,048.0 |     2,492,048 |     2,492,048 |         0.0 | PushPop | :decode_step39_tokens4     |
|      0.0 |       2,490,944 |         1 |     2,490,944.0 |     2,490,944.0 |     2,490,944 |     2,490,944 |         0.0 | PushPop | :decode_step107_tokens4    |
|      0.0 |       2,490,096 |         1 |     2,490,096.0 |     2,490,096.0 |     2,490,096 |     2,490,096 |         0.0 | PushPop | :decode_step72_tokens4     |
|      0.0 |       2,484,768 |         1 |     2,484,768.0 |     2,484,768.0 |     2,484,768 |     2,484,768 |         0.0 | PushPop | :decode_step81_tokens4     |
|      0.0 |       2,481,680 |         1 |     2,481,680.0 |     2,481,680.0 |     2,481,680 |     2,481,680 |         0.0 | PushPop | :decode_step41_tokens4     |
|      0.0 |       2,479,472 |         1 |     2,479,472.0 |     2,479,472.0 |     2,479,472 |     2,479,472 |         0.0 | PushPop | :decode_step82_tokens4     |
|      0.0 |       2,478,976 |         1 |     2,478,976.0 |     2,478,976.0 |     2,478,976 |     2,478,976 |         0.0 | PushPop | :decode_step352_tokens4    |
|      0.0 |       2,474,144 |         1 |     2,474,144.0 |     2,474,144.0 |     2,474,144 |     2,474,144 |         0.0 | PushPop | :decode_step27_tokens4     |
|      0.0 |       2,472,672 |         1 |     2,472,672.0 |     2,472,672.0 |     2,472,672 |     2,472,672 |         0.0 | PushPop | :decode_step45_tokens4     |
|      0.0 |       2,472,640 |         1 |     2,472,640.0 |     2,472,640.0 |     2,472,640 |     2,472,640 |         0.0 | PushPop | :decode_step40_tokens4     |
|      0.0 |       2,469,424 |         1 |     2,469,424.0 |     2,469,424.0 |     2,469,424 |     2,469,424 |         0.0 | PushPop | :decode_step92_tokens4     |
|      0.0 |       2,468,208 |         1 |     2,468,208.0 |     2,468,208.0 |     2,468,208 |     2,468,208 |         0.0 | PushPop | :decode_step76_tokens4     |
|      0.0 |       2,466,288 |         1 |     2,466,288.0 |     2,466,288.0 |     2,466,288 |     2,466,288 |         0.0 | PushPop | :decode_step78_tokens4     |
|      0.0 |       2,459,536 |         1 |     2,459,536.0 |     2,459,536.0 |     2,459,536 |     2,459,536 |         0.0 | PushPop | :decode_step66_tokens4     |
|      0.0 |       2,458,080 |         1 |     2,458,080.0 |     2,458,080.0 |     2,458,080 |     2,458,080 |         0.0 | PushPop | :decode_step80_tokens4     |
|      0.0 |       2,441,568 |         1 |     2,441,568.0 |     2,441,568.0 |     2,441,568 |     2,441,568 |         0.0 | PushPop | :decode_step43_tokens4     |
|      0.0 |       2,440,928 |         1 |     2,440,928.0 |     2,440,928.0 |     2,440,928 |     2,440,928 |         0.0 | PushPop | :decode_step48_tokens4     |
|      0.0 |       2,434,672 |         1 |     2,434,672.0 |     2,434,672.0 |     2,434,672 |     2,434,672 |         0.0 | PushPop | :decode_step46_tokens4     |
|      0.0 |       2,432,992 |         1 |     2,432,992.0 |     2,432,992.0 |     2,432,992 |     2,432,992 |         0.0 | PushPop | :decode_step36_tokens4     |
|      0.0 |       2,432,832 |         1 |     2,432,832.0 |     2,432,832.0 |     2,432,832 |     2,432,832 |         0.0 | PushPop | :decode_step106_tokens4    |
|      0.0 |       2,430,512 |         1 |     2,430,512.0 |     2,430,512.0 |     2,430,512 |     2,430,512 |         0.0 | PushPop | :decode_step37_tokens4     |
|      0.0 |       2,418,048 |         1 |     2,418,048.0 |     2,418,048.0 |     2,418,048 |     2,418,048 |         0.0 | PushPop | :decode_step44_tokens4     |
|      0.0 |       2,417,312 |         1 |     2,417,312.0 |     2,417,312.0 |     2,417,312 |     2,417,312 |         0.0 | PushPop | :decode_step32_tokens4     |
|      0.0 |       2,415,632 |         1 |     2,415,632.0 |     2,415,632.0 |     2,415,632 |     2,415,632 |         0.0 | PushPop | :decode_step42_tokens4     |
|      0.0 |       2,397,808 |         1 |     2,397,808.0 |     2,397,808.0 |     2,397,808 |     2,397,808 |         0.0 | PushPop | :decode_step49_tokens4     |
|      0.0 |       2,368,784 |         1 |     2,368,784.0 |     2,368,784.0 |     2,368,784 |     2,368,784 |         0.0 | PushPop | :decode_step51_tokens4     |
|      0.0 |       2,353,504 |         1 |     2,353,504.0 |     2,353,504.0 |     2,353,504 |     2,353,504 |         0.0 | PushPop | :decode_step47_tokens4     |
|      0.0 |       2,295,984 |         1 |     2,295,984.0 |     2,295,984.0 |     2,295,984 |     2,295,984 |         0.0 | PushPop | :decode_step52_tokens4     |
|      0.0 |       2,278,064 |         1 |     2,278,064.0 |     2,278,064.0 |     2,278,064 |     2,278,064 |         0.0 | PushPop | :decode_step731_tokens4    |
|      0.0 |       2,229,024 |         1 |     2,229,024.0 |     2,229,024.0 |     2,229,024 |     2,229,024 |         0.0 | PushPop | :decode_step231_tokens4    |
|      0.0 |       2,187,088 |         1 |     2,187,088.0 |     2,187,088.0 |     2,187,088 |     2,187,088 |         0.0 | PushPop | :decode_step161_tokens4    |
|      0.0 |       2,171,088 |         1 |     2,171,088.0 |     2,171,088.0 |     2,171,088 |     2,171,088 |         0.0 | PushPop | :decode_step57_tokens4     |
|      0.0 |       2,127,104 |         1 |     2,127,104.0 |     2,127,104.0 |     2,127,104 |     2,127,104 |         0.0 | PushPop | :decode_step28_tokens4     |
+----------+-----------------+-----------+-----------------+-----------------+---------------+---------------+-------------+---------+----------------------------+

 ** CUDA API Summary (cuda_api_sum):

+----------+-----------------+-----------+---------------+-------------+-----------+-------------+---------------+--------------------------+
| Time (%) | Total Time (ns) | Num Calls |   Avg (ns)    |  Med (ns)   | Min (ns)  |  Max (ns)   |  StdDev (ns)  |           Name           |
+----------+-----------------+-----------+---------------+-------------+-----------+-------------+---------------+--------------------------+
|     91.5 |  40,054,790,672 |     2,054 |  19,500,871.8 |    21,976.0 |     4,240 | 389,693,376 |  23,365,534.8 | cudaEventSynchronize     |
|      4.8 |   2,113,481,392 |     1,022 |   2,067,985.7 | 1,957,736.0 | 1,190,912 |   4,359,280 |     377,667.3 | cudaGraphLaunch          |
|      2.0 |     860,755,696 |    16,900 |      50,932.3 |     7,088.0 |     2,240 |   8,179,904 |     246,692.4 | cudaLaunchKernel         |
|      0.9 |     382,501,744 |         3 | 127,500,581.3 |    99,968.0 |    92,752 | 382,309,024 | 220,670,584.5 | cuModuleLoadData         |
|      0.4 |     177,262,384 |     1,747 |     101,466.7 |     5,088.0 |     2,208 |   5,223,584 |     356,077.1 | cuLaunchKernelEx         |
|      0.3 |     145,571,520 |    11,537 |      12,617.8 |     5,168.0 |     2,208 |   1,309,392 |      39,455.6 | cudaMemcpyAsync          |
|      0.0 |      12,379,552 |     1,026 |      12,065.8 |    10,472.0 |     5,136 |     294,128 |      10,517.8 | cudaMemsetAsync          |
|      0.0 |       6,611,312 |     1,023 |       6,462.7 |     5,968.0 |     2,784 |      22,272 |       2,444.0 | cuLaunchKernel           |
|      0.0 |       4,185,616 |    11,297 |         370.5 |       160.0 |        80 |       9,792 |         589.6 | cudaStreamIsCapturing    |
|      0.0 |       3,992,464 |     2,054 |       1,943.8 |     1,632.0 |       480 |      17,392 |       1,462.0 | cudaEventRecord          |
|      0.0 |       3,967,344 |     1,026 |       3,866.8 |     3,504.0 |     1,472 |      17,488 |       1,660.1 | cudaStreamWaitEvent      |
|      0.0 |       3,935,616 |     2,052 |       1,917.9 |     1,616.0 |       288 |      14,464 |       1,645.7 | cudaEventCreateWithFlags |
|      0.0 |       3,735,200 |     2,046 |       1,825.6 |     1,632.0 |       560 |      17,312 |       1,146.8 | cudaEventQuery           |
|      0.0 |       3,180,336 |    16,900 |         188.2 |        96.0 |        16 |       7,184 |         244.2 | cuKernelGetName          |
|      0.0 |       3,075,680 |     2,051 |       1,499.6 |     1,168.0 |       416 |     306,384 |       7,146.0 | cudaEventRecordWithFlags |
|      0.0 |       2,860,592 |     1,023 |       2,796.3 |     2,176.0 |       960 |      15,872 |       1,835.2 | cuKernelGetFunction      |
|      0.0 |       1,577,008 |     2,051 |         768.9 |       608.0 |       272 |     144,832 |       3,200.3 | cudaEventDestroy         |
|      0.0 |         178,368 |        48 |       3,716.0 |     3,384.0 |     2,592 |       7,856 |       1,234.5 | cudaLaunchKernelExC      |
|      0.0 |         135,600 |     1,440 |          94.2 |        64.0 |        48 |       8,592 |         264.3 | cuTensorMapEncodeTiled   |
|      0.0 |          77,824 |         3 |      25,941.3 |    26,880.0 |     9,744 |      41,200 |      15,749.0 | cudaHostAlloc            |
|      0.0 |          49,792 |       240 |         207.5 |       176.0 |       128 |       1,776 |         130.8 | cuKernelSetAttribute     |
|      0.0 |           4,400 |         1 |       4,400.0 |     4,400.0 |     4,400 |       4,400 |           0.0 | cuProfilerStart          |
+----------+-----------------+-----------+---------------+-------------+-----------+-------------+---------------+--------------------------+

 ** CUDA GPU Kernel Summary (cuda_gpu_kern_sum):

+----------+-----------------+-----------+-------------+-------------+-----------+-----------+-------------+------------------------------------------------------------------------------------------------------+
| Time (%) | Total Time (ns) | Instances |  Avg (ns)   |  Med (ns)   | Min (ns)  | Max (ns)  | StdDev (ns) |                                                 Name                                                 |
+----------+-----------------+-----------+-------------+-------------+-----------+-----------+-------------+------------------------------------------------------------------------------------------------------+
|     38.4 |  15,371,267,192 |    98,592 |   155,907.9 |   164,064.0 |    72,512 | 2,957,824 |   115,158.5 | fused_moe_kernel                                                                                     |
|     21.4 |   8,560,870,044 |    49,056 |   174,512.2 |   172,704.0 |   144,960 |   492,832 |    15,146.9 | void flash::flash_fwd_splitkv_kernel<Flash_fwd_kernel_traits<(int)128, (int)64, (int)128, (int)4, (… |
|     13.5 |   5,413,084,850 |    50,322 |   107,569.0 |   108,640.0 |     2,688 |   521,088 |    15,653.8 | void at::native::unrolled_elementwise_kernel<at::native::direct_copy_kernel_cuda(at::TensorIterator… |
|     11.1 |   4,445,870,015 |    98,208 |    45,269.9 |    45,856.0 |    37,216 |   213,632 |     4,052.9 | void cutlass::device_kernel<vllm::cutlass_3x_gemm_fp8_blockwise<cutlass::bfloat16_t, (int)128, (int… |
|      6.7 |   2,670,012,832 |     1,023 | 2,609,983.2 | 2,599,168.0 | 2,575,264 | 3,429,760 |    53,707.8 | void cutlass::Kernel2<cutlass_80_wmma_tensorop_bf16_s161616gemm_bf16_16x16_128x2_tn_align8>(T1::Par… |
|      1.8 |     739,775,552 |    49,056 |    15,080.2 |    14,560.0 |    13,920 |   228,768 |     3,055.7 | void cutlass::Kernel2<cutlass_80_wmma_tensorop_bf16_s161616gemm_bf16_16x16_128x1_tn_align8>(T1::Par… |
|      1.0 |     417,308,448 |       240 | 1,738,785.2 | 1,501,760.0 |   560,480 | 3,989,760 | 1,110,900.8 | void flash::flash_fwd_splitkv_kernel<Flash_fwd_kernel_traits<(int)128, (int)64, (int)128, (int)4, (… |
|      0.7 |     286,828,574 |    49,296 |     5,818.5 |     4,512.0 |     4,256 |   385,984 |    20,066.3 | void at::native::reduce_kernel<(int)128, (int)4, at::native::ReduceOp<c10::BFloat16, at::native::fu… |
|      0.7 |     283,582,170 |    98,592 |     2,876.3 |     2,400.0 |     2,080 |   169,344 |     6,142.8 | std::enable_if<T2>(int)0&&vllm::_typeConvert<T1>::exists, void>::type vllm::fused_add_rms_norm_kern… |
|      0.6 |     232,625,663 |    49,296 |     4,719.0 |     3,968.0 |     3,360 |   305,216 |    11,635.5 | void vllm::rotary_embedding_kernel<c10::BFloat16, (bool)1>(const long *, T1 *, T1 *, const float *,… |
|      0.5 |     214,695,063 |    98,592 |     2,177.6 |     1,856.0 |     1,728 |   219,168 |     6,291.2 | void vllm::rms_norm_kernel<c10::BFloat16, (int)8, (int)3>(T1 *, const T1 *, long, long, long, long,… |
|      0.5 |     196,244,635 |    98,112 |     2,000.2 |     1,984.0 |     1,888 |    90,656 |       449.2 | void at::native::elementwise_kernel<(int)128, (int)4, void at::native::gpu_kernel_impl_nocast<at::n… |
|      0.5 |     191,339,648 |    49,056 |     3,900.4 |     3,872.0 |     3,488 |   136,384 |     1,004.5 | void flash::flash_fwd_splitkv_combine_kernel<Flash_fwd_kernel_traits<(int)128, (int)64, (int)128, (… |
|      0.5 |     185,668,859 |    98,592 |     1,883.2 |     1,536.0 |     1,376 |   219,488 |     7,134.9 | void per_token_group_quant_8bit_kernel<c10::BFloat16, __nv_fp8_e4m3, (bool)0, (bool)0, float>(const… |
|      0.4 |     177,823,473 |    98,592 |     1,803.6 |     1,568.0 |     1,472 |   126,784 |     3,326.1 | void per_token_group_quant_8bit_kernel<c10::BFloat16, __nv_fp8_e4m3, (bool)1, (bool)0, float>(const… |
|      0.4 |     170,263,778 |    49,296 |     3,453.9 |     3,424.0 |     3,360 |    54,240 |       418.8 | void vllm::moe::topkGating<(int)8, (int)128, (int)4, (int)16, (int)32, int, __nv_bfloat16, (vllm::m… |
|      0.4 |     168,191,224 |    49,296 |     3,411.9 |     3,872.0 |     1,760 |    80,608 |     3,031.7 | void vllm::reshape_and_cache_flash_kernel<__nv_bfloat16, __nv_bfloat16, (vllm::Fp8KVCacheDataType)0… |
|      0.3 |     108,914,976 |       384 |   283,632.8 |   304,112.0 |   216,736 |   598,304 |    64,510.8 | void cutlass::device_kernel<vllm::cutlass_3x_gemm_fp8_blockwise<cutlass::bfloat16_t, (int)1, (int)1… |
|      0.2 |      78,942,336 |    49,056 |     1,609.2 |     1,568.0 |     1,120 |    86,336 |       490.7 | void vllm::act_and_mul_kernel<c10::BFloat16, __nv_bfloat162, &vllm::silu_kernel<c10::BFloat16>, &vl… |
|      0.1 |      59,384,640 |       240 |   247,436.0 |   302,800.0 |     4,288 |   417,792 |   121,696.1 | void vllm::act_and_mul_kernel<c10::BFloat16, __nv_bfloat162, &vllm::silu_kernel<c10::BFloat16>, &vl… |
|      0.1 |      38,279,037 |    51,106 |       749.0 |       736.0 |       672 |    12,192 |       161.0 | void at::native::vectorized_elementwise_kernel<(int)4, at::native::FillFunctor<int>, std::array<cha… |
|      0.0 |      13,752,736 |         4 | 3,438,184.0 | 3,432,064.0 | 3,404,768 | 3,483,840 |    38,920.8 | std::enable_if<!T7, void>::type internal::gemvx::kernel<int, int, __nv_bfloat16, __nv_bfloat16, __n… |
|      0.0 |       7,031,968 |     1,026 |     6,853.8 |     6,656.0 |     6,496 |    20,192 |       847.2 | void at::native::reduce_kernel<(int)512, (int)1, at::native::ReduceOp<float, at::native::ArgMaxOps<… |
|      0.0 |       6,197,504 |     3,081 |     2,011.5 |     1,632.0 |     1,216 |     9,088 |     1,051.2 | void at::native::unrolled_elementwise_kernel<at::native::direct_copy_kernel_cuda(at::TensorIterator… |
|      0.0 |       5,184,288 |       192 |    27,001.5 |    24,960.0 |    23,680 |    98,944 |     9,356.6 | nvjet_sm121_tst_mma_64x104x64_4_16x104x64_tmaAB_alignCD4_bz_TNNN                                     |
|      0.0 |       3,249,664 |     1,022 |     3,179.7 |     2,528.0 |     2,400 |    43,168 |     1,629.8 | void at::native::<unnamed>::indexSelectSmallIndex<c10::BFloat16, long, unsigned int, (int)2, (int)2… |
|      0.0 |       3,137,504 |     1,027 |     3,055.0 |     2,464.0 |     2,304 |    13,760 |     1,115.5 | void at::native::index_elementwise_kernel<(int)128, (int)4, void at::native::gpu_index_kernel<void … |
|      0.0 |       2,549,856 |     1,027 |     2,482.8 |     2,336.0 |     1,984 |    64,544 |     3,297.8 | void vllm::rms_norm_kernel<c10::BFloat16, (int)8, (int)2>(T1 *, const T1 *, long, long, long, long,… |
|      0.0 |       1,989,056 |     1,027 |     1,936.8 |     1,888.0 |     1,856 |    12,960 |       367.5 | _compute_slot_mapping_kernel                                                                         |
|      0.0 |       1,753,408 |     1,028 |     1,705.6 |     1,216.0 |     1,056 |    95,040 |     4,846.7 | void at::native::vectorized_gather_kernel<(int)16, long>(char *, char *, T2 *, int, long, long, lon… |
|      0.0 |       1,606,016 |     1,026 |     1,565.3 |     1,504.0 |     1,152 |    11,904 |       458.8 | void at::native::unrolled_elementwise_kernel<at::native::direct_copy_kernel_cuda(at::TensorIterator… |
|      0.0 |       1,602,432 |       240 |     6,676.8 |     7,104.0 |     2,944 |    22,528 |     2,429.9 | void vllm::moe::moe_align_block_size_kernel<int>(const T1 *, int *, int *, int *, int *, int, int, … |
|      0.0 |       1,522,912 |       240 |     6,345.5 |     7,008.0 |     1,184 |    37,312 |     3,386.8 | void vllm::moe::count_and_sort_expert_tokens_kernel<int>(const T1 *, int *, int *, int *, unsigned … |
|      0.0 |       1,418,944 |     1,027 |     1,381.6 |     1,344.0 |     1,312 |    12,256 |       388.4 | void at::native::vectorized_elementwise_kernel<(int)4, at::native::CUDAFunctor_add<int>, std::array… |
|      0.0 |       1,138,432 |     1,027 |     1,108.5 |     1,024.0 |       992 |     8,736 |       354.2 | void at::native::vectorized_elementwise_kernel<(int)2, at::native::CUDAFunctor_add<long>, std::arra… |
|      0.0 |       1,039,008 |     1,027 |     1,011.7 |       992.0 |       960 |     7,040 |       215.1 | void at::native::unrolled_elementwise_kernel<at::native::CUDAFunctorOnSelf_add<int>, std::array<cha… |
|      0.0 |         391,168 |        48 |     8,149.3 |     5,648.0 |     4,800 |    49,824 |     9,072.0 | nvjet_sm121_tst_mma_64x56x64_6_16x56x64_tmaAB_alignCD4_splitK_TNNN                                   |
|      0.0 |         132,096 |        48 |     2,752.0 |     2,048.0 |     1,760 |    23,104 |     3,137.9 | void cublasLt::splitKreduce_kernel<(int)32, (int)16, int, float, __nv_bfloat16, float, __nv_bfloat1… |
|      0.0 |          48,256 |         4 |    12,064.0 |     8,464.0 |     8,448 |    22,880 |     7,210.7 | void at::native::index_elementwise_kernel<(int)128, (int)4, void at::native::gpu_index_kernel<void … |
|      0.0 |           3,680 |         4 |       920.0 |       960.0 |       768 |       992 |       102.4 | void at::native::unrolled_elementwise_kernel<at::native::FillFunctor<int>, std::array<char *, (unsi… |
+----------+-----------------+-----------+-------------+-------------+-----------+-----------+-------------+------------------------------------------------------------------------------------------------------+

 ** CUDA GPU MemOps Summary (by Time) (cuda_gpu_mem_time_sum):

+----------+-----------------+--------+----------+----------+----------+----------+-------------+--------------------------------+
| Time (%) | Total Time (ns) | Count  | Avg (ns) | Med (ns) | Min (ns) | Max (ns) | StdDev (ns) |           Operation            |
+----------+-----------------+--------+----------+----------+----------+----------+-------------+--------------------------------+
|     76.8 |      48,176,912 | 52,373 |    919.9 |    768.0 |      704 |   88,640 |     2,199.8 | [CUDA memcpy Device-to-Device] |
|     17.4 |      10,902,784 |  7,194 |  1,515.5 |    768.0 |      192 |   98,944 |     1,851.9 | [CUDA memcpy Host-to-Device]   |
|      5.2 |       3,240,576 |  1,026 |  3,158.5 |  3,392.0 |      576 |    5,824 |       735.8 | [CUDA memcpy Device-to-Host]   |
|      0.7 |         428,192 |  1,026 |    417.3 |    416.0 |      192 |    2,592 |       174.3 | [CUDA memset]                  |
+----------+-----------------+--------+----------+----------+----------+----------+-------------+--------------------------------+
