
 ** NVTX Range Summary (nvtx_sum):

+----------+-----------------+-----------+---------------+---------------+-------------+-------------+-------------+---------+----------------------------+
| Time (%) | Total Time (ns) | Instances |   Avg (ns)    |   Med (ns)    |  Min (ns)   |  Max (ns)   | StdDev (ns) |  Style  |           Range            |
+----------+-----------------+-----------+---------------+---------------+-------------+-------------+-------------+---------+----------------------------+
|      5.2 |     305,004,032 |         1 | 305,004,032.0 | 305,004,032.0 | 305,004,032 | 305,004,032 |         0.0 | PushPop | :prefill_step13_tokens2048 |
|      4.8 |     283,805,488 |         1 | 283,805,488.0 | 283,805,488.0 | 283,805,488 | 283,805,488 |         0.0 | PushPop | :decode_step14_tokens49    |
|      4.4 |     260,739,376 |         1 | 260,739,376.0 | 260,739,376.0 | 260,739,376 | 260,739,376 |         0.0 | PushPop | :prefill_step12_tokens2048 |
|      3.3 |     196,276,560 |         1 | 196,276,560.0 | 196,276,560.0 | 196,276,560 | 196,276,560 |         0.0 | PushPop | :prefill_step11_tokens2048 |
|      1.2 |      73,703,216 |         1 |  73,703,216.0 |  73,703,216.0 |  73,703,216 |  73,703,216 |         0.0 | PushPop | :prefill_step10_tokens2048 |
|      1.2 |      73,692,400 |         1 |  73,692,400.0 |  73,692,400.0 |  73,692,400 |  73,692,400 |         0.0 | PushPop | :decode_step1036_tokens4   |
|      0.3 |      15,845,136 |         1 |  15,845,136.0 |  15,845,136.0 |  15,845,136 |  15,845,136 |         0.0 | PushPop | :decode_step152_tokens4    |
|      0.2 |      13,528,480 |         1 |  13,528,480.0 |  13,528,480.0 |  13,528,480 |  13,528,480 |         0.0 | PushPop | :decode_step941_tokens4    |
|      0.2 |      13,277,568 |         1 |  13,277,568.0 |  13,277,568.0 |  13,277,568 |  13,277,568 |         0.0 | PushPop | :decode_step904_tokens4    |
|      0.2 |      12,812,400 |         1 |  12,812,400.0 |  12,812,400.0 |  12,812,400 |  12,812,400 |         0.0 | PushPop | :decode_step792_tokens4    |
|      0.2 |      12,612,080 |         1 |  12,612,080.0 |  12,612,080.0 |  12,612,080 |  12,612,080 |         0.0 | PushPop | :decode_step642_tokens4    |
|      0.2 |      11,550,096 |         1 |  11,550,096.0 |  11,550,096.0 |  11,550,096 |  11,550,096 |         0.0 | PushPop | :decode_step492_tokens4    |
|      0.2 |      11,246,720 |         1 |  11,246,720.0 |  11,246,720.0 |  11,246,720 |  11,246,720 |         0.0 | PushPop | :decode_step978_tokens4    |
|      0.2 |      10,926,112 |         1 |  10,926,112.0 |  10,926,112.0 |  10,926,112 |  10,926,112 |         0.0 | PushPop | :decode_step679_tokens4    |
|      0.2 |      10,848,864 |         1 |  10,848,864.0 |  10,848,864.0 |  10,848,864 |  10,848,864 |         0.0 | PushPop | :decode_step529_tokens4    |
|      0.2 |      10,589,792 |         1 |  10,589,792.0 |  10,589,792.0 |  10,589,792 |  10,589,792 |         0.0 | PushPop | :decode_step754_tokens4    |
|      0.2 |      10,484,192 |         1 |  10,484,192.0 |  10,484,192.0 |  10,484,192 |  10,484,192 |         0.0 | PushPop | :decode_step379_tokens4    |
|      0.2 |      10,431,376 |         1 |  10,431,376.0 |  10,431,376.0 |  10,431,376 |  10,431,376 |         0.0 | PushPop | :decode_step1015_tokens4   |
|      0.2 |      10,062,752 |         1 |  10,062,752.0 |  10,062,752.0 |  10,062,752 |  10,062,752 |         0.0 | PushPop | :decode_step829_tokens4    |
|      0.2 |       9,978,784 |         1 |   9,978,784.0 |   9,978,784.0 |   9,978,784 |   9,978,784 |         0.0 | PushPop | :decode_step341_tokens4    |
|      0.2 |       9,626,192 |         1 |   9,626,192.0 |   9,626,192.0 |   9,626,192 |   9,626,192 |         0.0 | PushPop | :decode_step454_tokens4    |
|      0.2 |       9,531,248 |         1 |   9,531,248.0 |   9,531,248.0 |   9,531,248 |   9,531,248 |         0.0 | PushPop | :decode_step190_tokens4    |
|      0.2 |       9,368,528 |         1 |   9,368,528.0 |   9,368,528.0 |   9,368,528 |   9,368,528 |         0.0 | PushPop | :decode_step604_tokens4    |
|      0.2 |       8,940,592 |         1 |   8,940,592.0 |   8,940,592.0 |   8,940,592 |   8,940,592 |         0.0 | PushPop | :decode_step916_tokens4    |
|      0.1 |       8,849,360 |         1 |   8,849,360.0 |   8,849,360.0 |   8,849,360 |   8,849,360 |         0.0 | PushPop | :decode_step416_tokens4    |
|      0.1 |       8,807,728 |         1 |   8,807,728.0 |   8,807,728.0 |   8,807,728 |   8,807,728 |         0.0 | PushPop | :decode_step566_tokens4    |
|      0.1 |       8,807,024 |         1 |   8,807,024.0 |   8,807,024.0 |   8,807,024 |   8,807,024 |         0.0 | PushPop | :decode_step266_tokens4    |
|      0.1 |       8,667,184 |         1 |   8,667,184.0 |   8,667,184.0 |   8,667,184 |   8,667,184 |         0.0 | PushPop | :decode_step304_tokens4    |
|      0.1 |       8,302,528 |         1 |   8,302,528.0 |   8,302,528.0 |   8,302,528 |   8,302,528 |         0.0 | PushPop | :decode_step866_tokens4    |
|      0.1 |       8,031,264 |         1 |   8,031,264.0 |   8,031,264.0 |   8,031,264 |   8,031,264 |         0.0 | PushPop | :decode_step942_tokens4    |
|      0.1 |       7,695,152 |         1 |   7,695,152.0 |   7,695,152.0 |   7,695,152 |   7,695,152 |         0.0 | PushPop | :decode_step716_tokens4    |
|      0.1 |       7,545,232 |         1 |   7,545,232.0 |   7,545,232.0 |   7,545,232 |   7,545,232 |         0.0 | PushPop | :decode_step937_tokens4    |
|      0.1 |       7,391,968 |         1 |   7,391,968.0 |   7,391,968.0 |   7,391,968 |   7,391,968 |         0.0 | PushPop | :decode_step1016_tokens4   |
|      0.1 |       7,386,832 |         1 |   7,386,832.0 |   7,386,832.0 |   7,386,832 |   7,386,832 |         0.0 | PushPop | :decode_step867_tokens4    |
|      0.1 |       7,382,768 |         1 |   7,382,768.0 |   7,382,768.0 |   7,382,768 |   7,382,768 |         0.0 | PushPop | :decode_step680_tokens4    |
|      0.1 |       7,270,048 |         1 |   7,270,048.0 |   7,270,048.0 |   7,270,048 |   7,270,048 |         0.0 | PushPop | :decode_step567_tokens4    |
|      0.1 |       7,151,328 |         1 |   7,151,328.0 |   7,151,328.0 |   7,151,328 |   7,151,328 |         0.0 | PushPop | :decode_step755_tokens4    |
|      0.1 |       7,094,048 |         1 |   7,094,048.0 |   7,094,048.0 |   7,094,048 |   7,094,048 |         0.0 | PushPop | :decode_step605_tokens4    |
|      0.1 |       7,047,792 |         1 |   7,047,792.0 |   7,047,792.0 |   7,047,792 |   7,047,792 |         0.0 | PushPop | :decode_step380_tokens4    |
|      0.1 |       7,046,672 |         1 |   7,046,672.0 |   7,046,672.0 |   7,046,672 |   7,046,672 |         0.0 | PushPop | :decode_step191_tokens4    |
|      0.1 |       7,013,136 |         1 |   7,013,136.0 |   7,013,136.0 |   7,013,136 |   7,013,136 |         0.0 | PushPop | :decode_step267_tokens4    |
|      0.1 |       7,006,208 |         1 |   7,006,208.0 |   7,006,208.0 |   7,006,208 |   7,006,208 |         0.0 | PushPop | :decode_step979_tokens4    |
|      0.1 |       6,994,752 |         1 |   6,994,752.0 |   6,994,752.0 |   6,994,752 |   6,994,752 |         0.0 | PushPop | :decode_step229_tokens4    |
|      0.1 |       6,970,560 |         1 |   6,970,560.0 |   6,970,560.0 |   6,970,560 |   6,970,560 |         0.0 | PushPop | :decode_step417_tokens4    |
|      0.1 |       6,953,968 |         1 |   6,953,968.0 |   6,953,968.0 |   6,953,968 |   6,953,968 |         0.0 | PushPop | :decode_step530_tokens4    |
|      0.1 |       6,936,848 |         1 |   6,936,848.0 |   6,936,848.0 |   6,936,848 |   6,936,848 |         0.0 | PushPop | :decode_step455_tokens4    |
|      0.1 |       6,919,552 |         1 |   6,919,552.0 |   6,919,552.0 |   6,919,552 |   6,919,552 |         0.0 | PushPop | :decode_step461_tokens4    |
|      0.1 |       6,906,160 |         1 |   6,906,160.0 |   6,906,160.0 |   6,906,160 |   6,906,160 |         0.0 | PushPop | :decode_step717_tokens4    |
|      0.1 |       6,876,608 |         1 |   6,876,608.0 |   6,876,608.0 |   6,876,608 |   6,876,608 |         0.0 | PushPop | :decode_step418_tokens4    |
|      0.1 |       6,783,792 |         1 |   6,783,792.0 |   6,783,792.0 |   6,783,792 |   6,783,792 |         0.0 | PushPop | :decode_step830_tokens4    |
|      0.1 |       6,770,752 |         1 |   6,770,752.0 |   6,770,752.0 |   6,770,752 |   6,770,752 |         0.0 | PushPop | :decode_step688_tokens4    |
|      0.1 |       6,761,280 |         1 |   6,761,280.0 |   6,761,280.0 |   6,761,280 |   6,761,280 |         0.0 | PushPop | :decode_step645_tokens4    |
|      0.1 |       6,752,160 |         1 |   6,752,160.0 |   6,752,160.0 |   6,752,160 |   6,752,160 |         0.0 | PushPop | :decode_step872_tokens4    |
|      0.1 |       6,743,824 |         1 |   6,743,824.0 |   6,743,824.0 |   6,743,824 |   6,743,824 |         0.0 | PushPop | :decode_step153_tokens4    |
|      0.1 |       6,729,744 |         1 |   6,729,744.0 |   6,729,744.0 |   6,729,744 |   6,729,744 |         0.0 | PushPop | :decode_step994_tokens4    |
|      0.1 |       6,707,728 |         1 |   6,707,728.0 |   6,707,728.0 |   6,707,728 |   6,707,728 |         0.0 | PushPop | :decode_step342_tokens4    |
|      0.1 |       6,681,360 |         1 |   6,681,360.0 |   6,681,360.0 |   6,681,360 |   6,681,360 |         0.0 | PushPop | :decode_step419_tokens4    |
|      0.1 |       6,660,496 |         1 |   6,660,496.0 |   6,660,496.0 |   6,660,496 |   6,660,496 |         0.0 | PushPop | :decode_step799_tokens4    |
|      0.1 |       6,657,824 |         1 |   6,657,824.0 |   6,657,824.0 |   6,657,824 |   6,657,824 |         0.0 | PushPop | :decode_step568_tokens4    |
|      0.1 |       6,643,312 |         1 |   6,643,312.0 |   6,643,312.0 |   6,643,312 |   6,643,312 |         0.0 | PushPop | :decode_step496_tokens4    |
|      0.1 |       6,626,480 |         1 |   6,626,480.0 |   6,626,480.0 |   6,626,480 |   6,626,480 |         0.0 | PushPop | :decode_step908_tokens4    |
|      0.1 |       6,611,600 |         1 |   6,611,600.0 |   6,611,600.0 |   6,611,600 |   6,611,600 |         0.0 | PushPop | :decode_step607_tokens4    |
|      0.1 |       6,591,264 |         1 |   6,591,264.0 |   6,591,264.0 |   6,591,264 |   6,591,264 |         0.0 | PushPop | :decode_step457_tokens4    |
|      0.1 |       6,576,112 |         1 |   6,576,112.0 |   6,576,112.0 |   6,576,112 |   6,576,112 |         0.0 | PushPop | :decode_step574_tokens4    |
|      0.1 |       6,575,792 |         1 |   6,575,792.0 |   6,575,792.0 |   6,575,792 |   6,575,792 |         0.0 | PushPop | :decode_step772_tokens4    |
|      0.1 |       6,567,184 |         1 |   6,567,184.0 |   6,567,184.0 |   6,567,184 |   6,567,184 |         0.0 | PushPop | :decode_step757_tokens4    |
|      0.1 |       6,566,288 |         1 |   6,566,288.0 |   6,566,288.0 |   6,566,288 |   6,566,288 |         0.0 | PushPop | :decode_step861_tokens4    |
|      0.1 |       6,558,192 |         1 |   6,558,192.0 |   6,558,192.0 |   6,558,192 |   6,558,192 |         0.0 | PushPop | :decode_step643_tokens4    |
|      0.1 |       6,554,816 |         1 |   6,554,816.0 |   6,554,816.0 |   6,554,816 |   6,554,816 |         0.0 | PushPop | :decode_step984_tokens4    |
|      0.1 |       6,548,176 |         1 |   6,548,176.0 |   6,548,176.0 |   6,548,176 |   6,548,176 |         0.0 | PushPop | :decode_step726_tokens4    |
|      0.1 |       6,545,600 |         1 |   6,545,600.0 |   6,545,600.0 |   6,545,600 |   6,545,600 |         0.0 | PushPop | :decode_step600_tokens4    |
|      0.1 |       6,542,096 |         1 |   6,542,096.0 |   6,542,096.0 |   6,542,096 |   6,542,096 |         0.0 | PushPop | :decode_step571_tokens4    |
|      0.1 |       6,538,560 |         1 |   6,538,560.0 |   6,538,560.0 |   6,538,560 |   6,538,560 |         0.0 | PushPop | :decode_step966_tokens4    |
|      0.1 |       6,537,664 |         1 |   6,537,664.0 |   6,537,664.0 |   6,537,664 |   6,537,664 |         0.0 | PushPop | :decode_step458_tokens4    |
|      0.1 |       6,528,384 |         1 |   6,528,384.0 |   6,528,384.0 |   6,528,384 |   6,528,384 |         0.0 | PushPop | :decode_step532_tokens4    |
|      0.1 |       6,523,456 |         1 |   6,523,456.0 |   6,523,456.0 |   6,523,456 |   6,523,456 |         0.0 | PushPop | :decode_step672_tokens4    |
|      0.1 |       6,519,600 |         1 |   6,519,600.0 |   6,519,600.0 |   6,519,600 |   6,519,600 |         0.0 | PushPop | :decode_step766_tokens4    |
|      0.1 |       6,516,752 |         1 |   6,516,752.0 |   6,516,752.0 |   6,516,752 |   6,516,752 |         0.0 | PushPop | :decode_step909_tokens4    |
|      0.1 |       6,510,016 |         1 |   6,510,016.0 |   6,510,016.0 |   6,510,016 |   6,510,016 |         0.0 | PushPop | :decode_step833_tokens4    |
|      0.1 |       6,508,832 |         1 |   6,508,832.0 |   6,508,832.0 |   6,508,832 |   6,508,832 |         0.0 | PushPop | :decode_step494_tokens4    |
|      0.1 |       6,507,232 |         1 |   6,507,232.0 |   6,507,232.0 |   6,507,232 |   6,507,232 |         0.0 | PushPop | :decode_step569_tokens4    |
|      0.1 |       6,504,672 |         1 |   6,504,672.0 |   6,504,672.0 |   6,504,672 |   6,504,672 |         0.0 | PushPop | :decode_step388_tokens4    |
|      0.1 |       6,480,272 |         1 |   6,480,272.0 |   6,480,272.0 |   6,480,272 |   6,480,272 |         0.0 | PushPop | :decode_step956_tokens4    |
|      0.1 |       6,472,448 |         1 |   6,472,448.0 |   6,472,448.0 |   6,472,448 |   6,472,448 |         0.0 | PushPop | :decode_step882_tokens4    |
|      0.1 |       6,464,912 |         1 |   6,464,912.0 |   6,464,912.0 |   6,464,912 |   6,464,912 |         0.0 | PushPop | :decode_step1017_tokens4   |
|      0.1 |       6,464,848 |         1 |   6,464,848.0 |   6,464,848.0 |   6,464,848 |   6,464,848 |         0.0 | PushPop | :decode_step308_tokens4    |
|      0.1 |       6,461,424 |         1 |   6,461,424.0 |   6,461,424.0 |   6,461,424 |   6,461,424 |         0.0 | PushPop | :decode_step154_tokens4    |
|      0.1 |       6,459,424 |         1 |   6,459,424.0 |   6,459,424.0 |   6,459,424 |   6,459,424 |         0.0 | PushPop | :decode_step609_tokens4    |
|      0.1 |       6,458,160 |         1 |   6,458,160.0 |   6,458,160.0 |   6,458,160 |   6,458,160 |         0.0 | PushPop | :decode_step535_tokens4    |
|      0.1 |       6,457,520 |         1 |   6,457,520.0 |   6,457,520.0 |   6,457,520 |   6,457,520 |         0.0 | PushPop | :decode_step534_tokens4    |
|      0.1 |       6,452,032 |         1 |   6,452,032.0 |   6,452,032.0 |   6,452,032 |   6,452,032 |         0.0 | PushPop | :decode_step228_tokens4    |
|      0.1 |       6,443,568 |         1 |   6,443,568.0 |   6,443,568.0 |   6,443,568 |   6,443,568 |         0.0 | PushPop | :decode_step368_tokens4    |
|      0.1 |       6,420,272 |         1 |   6,420,272.0 |   6,420,272.0 |   6,420,272 |   6,420,272 |         0.0 | PushPop | :decode_step910_tokens4    |
|      0.1 |       6,417,136 |         1 |   6,417,136.0 |   6,417,136.0 |   6,417,136 |   6,417,136 |         0.0 | PushPop | :decode_step1006_tokens4   |
|      0.1 |       6,414,608 |         1 |   6,414,608.0 |   6,414,608.0 |   6,414,608 |   6,414,608 |         0.0 | PushPop | :decode_step493_tokens4    |
|      0.1 |       6,413,936 |         1 |   6,413,936.0 |   6,413,936.0 |   6,413,936 |   6,413,936 |         0.0 | PushPop | :decode_step1019_tokens4   |
|      0.1 |       6,412,144 |         1 |   6,412,144.0 |   6,412,144.0 |   6,412,144 |   6,412,144 |         0.0 | PushPop | :decode_step192_tokens4    |
|      0.1 |       6,403,648 |         1 |   6,403,648.0 |   6,403,648.0 |   6,403,648 |   6,403,648 |         0.0 | PushPop | :decode_step157_tokens4    |
|      0.1 |       6,402,144 |         1 |   6,402,144.0 |   6,402,144.0 |   6,402,144 |   6,402,144 |         0.0 | PushPop | :decode_step1025_tokens4   |
|      0.1 |       6,400,016 |         1 |   6,400,016.0 |   6,400,016.0 |   6,400,016 |   6,400,016 |         0.0 | PushPop | :decode_step531_tokens4    |
|      0.1 |       6,399,296 |         1 |   6,399,296.0 |   6,399,296.0 |   6,399,296 |   6,399,296 |         0.0 | PushPop | :decode_step464_tokens4    |
|      0.1 |       6,394,208 |         1 |   6,394,208.0 |   6,394,208.0 |   6,394,208 |   6,394,208 |         0.0 | PushPop | :decode_step876_tokens4    |
|      0.1 |       6,383,536 |         1 |   6,383,536.0 |   6,383,536.0 |   6,383,536 |   6,383,536 |         0.0 | PushPop | :decode_step511_tokens4    |
|      0.1 |       6,380,432 |         1 |   6,380,432.0 |   6,380,432.0 |   6,380,432 |   6,380,432 |         0.0 | PushPop | :decode_step383_tokens4    |
|      0.1 |       6,380,096 |         1 |   6,380,096.0 |   6,380,096.0 |   6,380,096 |   6,380,096 |         0.0 | PushPop | :decode_step912_tokens4    |
|      0.1 |       6,375,312 |         1 |   6,375,312.0 |   6,375,312.0 |   6,375,312 |   6,375,312 |         0.0 | PushPop | :decode_step542_tokens4    |
|      0.1 |       6,372,944 |         1 |   6,372,944.0 |   6,372,944.0 |   6,372,944 |   6,372,944 |         0.0 | PushPop | :decode_step502_tokens4    |
|      0.1 |       6,369,792 |         1 |   6,369,792.0 |   6,369,792.0 |   6,369,792 |   6,369,792 |         0.0 | PushPop | :decode_step15_tokens4     |
|      0.1 |       6,366,320 |         1 |   6,366,320.0 |   6,366,320.0 |   6,366,320 |   6,366,320 |         0.0 | PushPop | :decode_step648_tokens4    |
|      0.1 |       6,355,728 |         1 |   6,355,728.0 |   6,355,728.0 |   6,355,728 |   6,355,728 |         0.0 | PushPop | :decode_step1023_tokens4   |
|      0.1 |       6,350,320 |         1 |   6,350,320.0 |   6,350,320.0 |   6,350,320 |   6,350,320 |         0.0 | PushPop | :decode_step803_tokens4    |
|      0.1 |       6,344,496 |         1 |   6,344,496.0 |   6,344,496.0 |   6,344,496 |   6,344,496 |         0.0 | PushPop | :decode_step547_tokens4    |
|      0.1 |       6,336,000 |         1 |   6,336,000.0 |   6,336,000.0 |   6,336,000 |   6,336,000 |         0.0 | PushPop | :decode_step543_tokens4    |
|      0.1 |       6,335,616 |         1 |   6,335,616.0 |   6,335,616.0 |   6,335,616 |   6,335,616 |         0.0 | PushPop | :decode_step972_tokens4    |
|      0.1 |       6,334,688 |         1 |   6,334,688.0 |   6,334,688.0 |   6,334,688 |   6,334,688 |         0.0 | PushPop | :decode_step499_tokens4    |
|      0.1 |       6,330,416 |         1 |   6,330,416.0 |   6,330,416.0 |   6,330,416 |   6,330,416 |         0.0 | PushPop | :decode_step382_tokens4    |
|      0.1 |       6,327,728 |         1 |   6,327,728.0 |   6,327,728.0 |   6,327,728 |   6,327,728 |         0.0 | PushPop | :decode_step395_tokens4    |
|      0.1 |       6,324,288 |         1 |   6,324,288.0 |   6,324,288.0 |   6,324,288 |   6,324,288 |         0.0 | PushPop | :decode_step438_tokens4    |
|      0.1 |       6,319,184 |         1 |   6,319,184.0 |   6,319,184.0 |   6,319,184 |   6,319,184 |         0.0 | PushPop | :decode_step398_tokens4    |
|      0.1 |       6,316,864 |         1 |   6,316,864.0 |   6,316,864.0 |   6,316,864 |   6,316,864 |         0.0 | PushPop | :decode_step831_tokens4    |
|      0.1 |       6,316,144 |         1 |   6,316,144.0 |   6,316,144.0 |   6,316,144 |   6,316,144 |         0.0 | PushPop | :decode_step479_tokens4    |
|      0.1 |       6,313,760 |         1 |   6,313,760.0 |   6,313,760.0 |   6,313,760 |   6,313,760 |         0.0 | PushPop | :decode_step272_tokens4    |
|      0.1 |       6,313,200 |         1 |   6,313,200.0 |   6,313,200.0 |   6,313,200 |   6,313,200 |         0.0 | PushPop | :decode_step484_tokens4    |
|      0.1 |       6,311,328 |         1 |   6,311,328.0 |   6,311,328.0 |   6,311,328 |   6,311,328 |         0.0 | PushPop | :decode_step793_tokens4    |
|      0.1 |       6,300,848 |         1 |   6,300,848.0 |   6,300,848.0 |   6,300,848 |   6,300,848 |         0.0 | PushPop | :decode_step303_tokens4    |
|      0.1 |       6,292,416 |         1 |   6,292,416.0 |   6,292,416.0 |   6,292,416 |   6,292,416 |         0.0 | PushPop | :decode_step503_tokens4    |
|      0.1 |       6,291,104 |         1 |   6,291,104.0 |   6,291,104.0 |   6,291,104 |   6,291,104 |         0.0 | PushPop | :decode_step696_tokens4    |
|      0.1 |       6,291,104 |         1 |   6,291,104.0 |   6,291,104.0 |   6,291,104 |   6,291,104 |         0.0 | PushPop | :decode_step883_tokens4    |
|      0.1 |       6,289,456 |         1 |   6,289,456.0 |   6,289,456.0 |   6,289,456 |   6,289,456 |         0.0 | PushPop | :decode_step299_tokens4    |
|      0.1 |       6,288,192 |         1 |   6,288,192.0 |   6,288,192.0 |   6,288,192 |   6,288,192 |         0.0 | PushPop | :decode_step538_tokens4    |
|      0.1 |       6,285,840 |         1 |   6,285,840.0 |   6,285,840.0 |   6,285,840 |   6,285,840 |         0.0 | PushPop | :decode_step894_tokens4    |
|      0.1 |       6,276,320 |         1 |   6,276,320.0 |   6,276,320.0 |   6,276,320 |   6,276,320 |         0.0 | PushPop | :decode_step997_tokens4    |
|      0.1 |       6,268,656 |         1 |   6,268,656.0 |   6,268,656.0 |   6,268,656 |   6,268,656 |         0.0 | PushPop | :decode_step216_tokens4    |
|      0.1 |       6,267,344 |         1 |   6,267,344.0 |   6,267,344.0 |   6,267,344 |   6,267,344 |         0.0 | PushPop | :decode_step471_tokens4    |
|      0.1 |       6,262,384 |         1 |   6,262,384.0 |   6,262,384.0 |   6,262,384 |   6,262,384 |         0.0 | PushPop | :decode_step168_tokens4    |
|      0.1 |       6,259,776 |         1 |   6,259,776.0 |   6,259,776.0 |   6,259,776 |   6,259,776 |         0.0 | PushPop | :decode_step275_tokens4    |
|      0.1 |       6,257,488 |         1 |   6,257,488.0 |   6,257,488.0 |   6,257,488 |   6,257,488 |         0.0 | PushPop | :decode_step888_tokens4    |
|      0.1 |       6,256,336 |         1 |   6,256,336.0 |   6,256,336.0 |   6,256,336 |   6,256,336 |         0.0 | PushPop | :decode_step306_tokens4    |
|      0.1 |       6,252,976 |         1 |   6,252,976.0 |   6,252,976.0 |   6,252,976 |   6,252,976 |         0.0 | PushPop | :decode_step868_tokens4    |
|      0.1 |       6,248,976 |         1 |   6,248,976.0 |   6,248,976.0 |   6,248,976 |   6,248,976 |         0.0 | PushPop | :decode_step959_tokens4    |
|      0.1 |       6,246,048 |         1 |   6,246,048.0 |   6,246,048.0 |   6,246,048 |   6,246,048 |         0.0 | PushPop | :decode_step915_tokens4    |
|      0.1 |       6,245,712 |         1 |   6,245,712.0 |   6,245,712.0 |   6,245,712 |   6,245,712 |         0.0 | PushPop | :decode_step858_tokens4    |
|      0.1 |       6,245,152 |         1 |   6,245,152.0 |   6,245,152.0 |   6,245,152 |   6,245,152 |         0.0 | PushPop | :decode_step374_tokens4    |
|      0.1 |       6,243,456 |         1 |   6,243,456.0 |   6,243,456.0 |   6,243,456 |   6,243,456 |         0.0 | PushPop | :decode_step575_tokens4    |
|      0.1 |       6,242,288 |         1 |   6,242,288.0 |   6,242,288.0 |   6,242,288 |   6,242,288 |         0.0 | PushPop | :decode_step539_tokens4    |
|      0.1 |       6,238,976 |         1 |   6,238,976.0 |   6,238,976.0 |   6,238,976 |   6,238,976 |         0.0 | PushPop | :decode_step472_tokens4    |
|      0.1 |       6,238,704 |         1 |   6,238,704.0 |   6,238,704.0 |   6,238,704 |   6,238,704 |         0.0 | PushPop | :decode_step694_tokens4    |
|      0.1 |       6,235,664 |         1 |   6,235,664.0 |   6,235,664.0 |   6,235,664 |   6,235,664 |         0.0 | PushPop | :decode_step1000_tokens4   |
|      0.1 |       6,234,224 |         1 |   6,234,224.0 |   6,234,224.0 |   6,234,224 |   6,234,224 |         0.0 | PushPop | :decode_step974_tokens4    |
|      0.1 |       6,232,336 |         1 |   6,232,336.0 |   6,232,336.0 |   6,232,336 |   6,232,336 |         0.0 | PushPop | :decode_step943_tokens4    |
|      0.1 |       6,228,928 |         1 |   6,228,928.0 |   6,228,928.0 |   6,228,928 |   6,228,928 |         0.0 | PushPop | :decode_step462_tokens4    |
|      0.1 |       6,226,128 |         1 |   6,226,128.0 |   6,226,128.0 |   6,226,128 |   6,226,128 |         0.0 | PushPop | :decode_step401_tokens4    |
|      0.1 |       6,223,312 |         1 |   6,223,312.0 |   6,223,312.0 |   6,223,312 |   6,223,312 |         0.0 | PushPop | :decode_step649_tokens4    |
|      0.1 |       6,223,232 |         1 |   6,223,232.0 |   6,223,232.0 |   6,223,232 |   6,223,232 |         0.0 | PushPop | :decode_step873_tokens4    |
|      0.1 |       6,219,792 |         1 |   6,219,792.0 |   6,219,792.0 |   6,219,792 |   6,219,792 |         0.0 | PushPop | :decode_step898_tokens4    |
|      0.1 |       6,209,968 |         1 |   6,209,968.0 |   6,209,968.0 |   6,209,968 |   6,209,968 |         0.0 | PushPop | :decode_step276_tokens4    |
|      0.1 |       6,209,200 |         1 |   6,209,200.0 |   6,209,200.0 |   6,209,200 |   6,209,200 |         0.0 | PushPop | :decode_step545_tokens4    |
|      0.1 |       6,207,408 |         1 |   6,207,408.0 |   6,207,408.0 |   6,207,408 |   6,207,408 |         0.0 | PushPop | :decode_step880_tokens4    |
|      0.1 |       6,206,384 |         1 |   6,206,384.0 |   6,206,384.0 |   6,206,384 |   6,206,384 |         0.0 | PushPop | :decode_step718_tokens4    |
|      0.1 |       6,205,232 |         1 |   6,205,232.0 |   6,205,232.0 |   6,205,232 |   6,205,232 |         0.0 | PushPop | :decode_step608_tokens4    |
|      0.1 |       6,193,568 |         1 |   6,193,568.0 |   6,193,568.0 |   6,193,568 |   6,193,568 |         0.0 | PushPop | :decode_step466_tokens4    |
|      0.1 |       6,190,544 |         1 |   6,190,544.0 |   6,190,544.0 |   6,190,544 |   6,190,544 |         0.0 | PushPop | :decode_step508_tokens4    |
|      0.1 |       6,189,136 |         1 |   6,189,136.0 |   6,189,136.0 |   6,189,136 |   6,189,136 |         0.0 | PushPop | :decode_step1001_tokens4   |
|      0.1 |       6,183,568 |         1 |   6,183,568.0 |   6,183,568.0 |   6,183,568 |   6,183,568 |         0.0 | PushPop | :decode_step546_tokens4    |
|      0.1 |       6,183,280 |         1 |   6,183,280.0 |   6,183,280.0 |   6,183,280 |   6,183,280 |         0.0 | PushPop | :decode_step251_tokens4    |
|      0.1 |       6,181,744 |         1 |   6,181,744.0 |   6,181,744.0 |   6,181,744 |   6,181,744 |         0.0 | PushPop | :decode_step738_tokens4    |
|      0.1 |       6,178,144 |         1 |   6,178,144.0 |   6,178,144.0 |   6,178,144 |   6,178,144 |         0.0 | PushPop | :decode_step736_tokens4    |
|      0.1 |       6,177,952 |         1 |   6,177,952.0 |   6,177,952.0 |   6,177,952 |   6,177,952 |         0.0 | PushPop | :decode_step731_tokens4    |
|      0.1 |       6,176,256 |         1 |   6,176,256.0 |   6,176,256.0 |   6,176,256 |   6,176,256 |         0.0 | PushPop | :decode_step239_tokens4    |
|      0.1 |       6,172,480 |         1 |   6,172,480.0 |   6,172,480.0 |   6,172,480 |   6,172,480 |         0.0 | PushPop | :decode_step580_tokens4    |
|      0.1 |       6,169,216 |         1 |   6,169,216.0 |   6,169,216.0 |   6,169,216 |   6,169,216 |         0.0 | PushPop | :decode_step560_tokens4    |
|      0.1 |       6,168,576 |         1 |   6,168,576.0 |   6,168,576.0 |   6,168,576 |   6,168,576 |         0.0 | PushPop | :decode_step377_tokens4    |
|      0.1 |       6,161,888 |         1 |   6,161,888.0 |   6,161,888.0 |   6,161,888 |   6,161,888 |         0.0 | PushPop | :decode_step703_tokens4    |
|      0.1 |       6,155,680 |         1 |   6,155,680.0 |   6,155,680.0 |   6,155,680 |   6,155,680 |         0.0 | PushPop | :decode_step647_tokens4    |
|      0.1 |       6,150,256 |         1 |   6,150,256.0 |   6,150,256.0 |   6,150,256 |   6,150,256 |         0.0 | PushPop | :decode_step913_tokens4    |
|      0.1 |       6,149,008 |         1 |   6,149,008.0 |   6,149,008.0 |   6,149,008 |   6,149,008 |         0.0 | PushPop | :decode_step467_tokens4    |
|      0.1 |       6,141,504 |         1 |   6,141,504.0 |   6,141,504.0 |   6,141,504 |   6,141,504 |         0.0 | PushPop | :decode_step230_tokens4    |
|      0.1 |       6,140,400 |         1 |   6,140,400.0 |   6,140,400.0 |   6,140,400 |   6,140,400 |         0.0 | PushPop | :decode_step465_tokens4    |
|      0.1 |       6,138,160 |         1 |   6,138,160.0 |   6,138,160.0 |   6,138,160 |   6,138,160 |         0.0 | PushPop | :decode_step639_tokens4    |
|      0.1 |       6,134,352 |         1 |   6,134,352.0 |   6,134,352.0 |   6,134,352 |   6,134,352 |         0.0 | PushPop | :decode_step728_tokens4    |
|      0.1 |       6,133,216 |         1 |   6,133,216.0 |   6,133,216.0 |   6,133,216 |   6,133,216 |         0.0 | PushPop | :decode_step392_tokens4    |
|      0.1 |       6,132,432 |         1 |   6,132,432.0 |   6,132,432.0 |   6,132,432 |   6,132,432 |         0.0 | PushPop | :decode_step290_tokens4    |
|      0.1 |       6,128,608 |         1 |   6,128,608.0 |   6,128,608.0 |   6,128,608 |   6,128,608 |         0.0 | PushPop | :decode_step450_tokens4    |
|      0.1 |       6,128,048 |         1 |   6,128,048.0 |   6,128,048.0 |   6,128,048 |   6,128,048 |         0.0 | PushPop | :decode_step469_tokens4    |
|      0.1 |       6,127,120 |         1 |   6,127,120.0 |   6,127,120.0 |   6,127,120 |   6,127,120 |         0.0 | PushPop | :decode_step897_tokens4    |
|      0.1 |       6,126,944 |         1 |   6,126,944.0 |   6,126,944.0 |   6,126,944 |   6,126,944 |         0.0 | PushPop | :decode_step498_tokens4    |
|      0.1 |       6,123,728 |         1 |   6,123,728.0 |   6,123,728.0 |   6,123,728 |   6,123,728 |         0.0 | PushPop | :decode_step209_tokens4    |
|      0.1 |       6,121,232 |         1 |   6,121,232.0 |   6,121,232.0 |   6,121,232 |   6,121,232 |         0.0 | PushPop | :decode_step412_tokens4    |
|      0.1 |       6,121,120 |         1 |   6,121,120.0 |   6,121,120.0 |   6,121,120 |   6,121,120 |         0.0 | PushPop | :decode_step561_tokens4    |
|      0.1 |       6,107,808 |         1 |   6,107,808.0 |   6,107,808.0 |   6,107,808 |   6,107,808 |         0.0 | PushPop | :decode_step314_tokens4    |
|      0.1 |       6,106,352 |         1 |   6,106,352.0 |   6,106,352.0 |   6,106,352 |   6,106,352 |         0.0 | PushPop | :decode_step405_tokens4    |
|      0.1 |       6,104,576 |         1 |   6,104,576.0 |   6,104,576.0 |   6,104,576 |   6,104,576 |         0.0 | PushPop | :decode_step175_tokens4    |
|      0.1 |       6,103,824 |         1 |   6,103,824.0 |   6,103,824.0 |   6,103,824 |   6,103,824 |         0.0 | PushPop | :decode_step309_tokens4    |
|      0.1 |       6,102,656 |         1 |   6,102,656.0 |   6,102,656.0 |   6,102,656 |   6,102,656 |         0.0 | PushPop | :decode_step587_tokens4    |
|      0.1 |       6,102,640 |         1 |   6,102,640.0 |   6,102,640.0 |   6,102,640 |   6,102,640 |         0.0 | PushPop | :decode_step245_tokens4    |
|      0.1 |       6,094,048 |         1 |   6,094,048.0 |   6,094,048.0 |   6,094,048 |   6,094,048 |         0.0 | PushPop | :decode_step470_tokens4    |
|      0.1 |       6,093,104 |         1 |   6,093,104.0 |   6,093,104.0 |   6,093,104 |   6,093,104 |         0.0 | PushPop | :decode_step406_tokens4    |
|      0.1 |       6,089,312 |         1 |   6,089,312.0 |   6,089,312.0 |   6,089,312 |   6,089,312 |         0.0 | PushPop | :decode_step975_tokens4    |
|      0.1 |       6,089,088 |         1 |   6,089,088.0 |   6,089,088.0 |   6,089,088 |   6,089,088 |         0.0 | PushPop | :decode_step509_tokens4    |
|      0.1 |       6,087,920 |         1 |   6,087,920.0 |   6,087,920.0 |   6,087,920 |   6,087,920 |         0.0 | PushPop | :decode_step318_tokens4    |
|      0.1 |       6,087,632 |         1 |   6,087,632.0 |   6,087,632.0 |   6,087,632 |   6,087,632 |         0.0 | PushPop | :decode_step1028_tokens4   |
|      0.1 |       6,087,584 |         1 |   6,087,584.0 |   6,087,584.0 |   6,087,584 |   6,087,584 |         0.0 | PushPop | :decode_step552_tokens4    |
|      0.1 |       6,086,960 |         1 |   6,086,960.0 |   6,086,960.0 |   6,086,960 |   6,086,960 |         0.0 | PushPop | :decode_step460_tokens4    |
|      0.1 |       6,086,144 |         1 |   6,086,144.0 |   6,086,144.0 |   6,086,144 |   6,086,144 |         0.0 | PushPop | :decode_step533_tokens4    |
|      0.1 |       6,080,608 |         1 |   6,080,608.0 |   6,080,608.0 |   6,080,608 |   6,080,608 |         0.0 | PushPop | :decode_step500_tokens4    |
|      0.1 |       6,079,488 |         1 |   6,079,488.0 |   6,079,488.0 |   6,079,488 |   6,079,488 |         0.0 | PushPop | :decode_step650_tokens4    |
|      0.1 |       6,078,736 |         1 |   6,078,736.0 |   6,078,736.0 |   6,078,736 |   6,078,736 |         0.0 | PushPop | :decode_step550_tokens4    |
|      0.1 |       6,076,240 |         1 |   6,076,240.0 |   6,076,240.0 |   6,076,240 |   6,076,240 |         0.0 | PushPop | :decode_step732_tokens4    |
|      0.1 |       6,065,712 |         1 |   6,065,712.0 |   6,065,712.0 |   6,065,712 |   6,065,712 |         0.0 | PushPop | :decode_step328_tokens4    |
|      0.1 |       6,061,280 |         1 |   6,061,280.0 |   6,061,280.0 |   6,061,280 |   6,061,280 |         0.0 | PushPop | :decode_step946_tokens4    |
|      0.1 |       6,061,248 |         1 |   6,061,248.0 |   6,061,248.0 |   6,061,248 |   6,061,248 |         0.0 | PushPop | :decode_step742_tokens4    |
|      0.1 |       6,060,048 |         1 |   6,060,048.0 |   6,060,048.0 |   6,060,048 |   6,060,048 |         0.0 | PushPop | :decode_step393_tokens4    |
|      0.1 |       6,053,568 |         1 |   6,053,568.0 |   6,053,568.0 |   6,053,568 |   6,053,568 |         0.0 | PushPop | :decode_step592_tokens4    |
|      0.1 |       6,050,704 |         1 |   6,050,704.0 |   6,050,704.0 |   6,050,704 |   6,050,704 |         0.0 | PushPop | :decode_step305_tokens4    |
|      0.1 |       6,049,984 |         1 |   6,049,984.0 |   6,049,984.0 |   6,049,984 |   6,049,984 |         0.0 | PushPop | :decode_step490_tokens4    |
|      0.1 |       6,049,888 |         1 |   6,049,888.0 |   6,049,888.0 |   6,049,888 |   6,049,888 |         0.0 | PushPop | :decode_step252_tokens4    |
|      0.1 |       6,044,048 |         1 |   6,044,048.0 |   6,044,048.0 |   6,044,048 |   6,044,048 |         0.0 | PushPop | :decode_step551_tokens4    |
|      0.1 |       6,043,344 |         1 |   6,043,344.0 |   6,043,344.0 |   6,043,344 |   6,043,344 |         0.0 | PushPop | :decode_step892_tokens4    |
|      0.1 |       6,035,728 |         1 |   6,035,728.0 |   6,035,728.0 |   6,035,728 |   6,035,728 |         0.0 | PushPop | :decode_step564_tokens4    |
|      0.1 |       6,029,536 |         1 |   6,029,536.0 |   6,029,536.0 |   6,029,536 |   6,029,536 |         0.0 | PushPop | :decode_step206_tokens4    |
|      0.1 |       6,028,928 |         1 |   6,028,928.0 |   6,028,928.0 |   6,028,928 |   6,028,928 |         0.0 | PushPop | :decode_step396_tokens4    |
|      0.1 |       6,023,744 |         1 |   6,023,744.0 |   6,023,744.0 |   6,023,744 |   6,023,744 |         0.0 | PushPop | :decode_step706_tokens4    |
|      0.1 |       6,021,440 |         1 |   6,021,440.0 |   6,021,440.0 |   6,021,440 |   6,021,440 |         0.0 | PushPop | :decode_step673_tokens4    |
|      0.1 |       6,019,328 |         1 |   6,019,328.0 |   6,019,328.0 |   6,019,328 |   6,019,328 |         0.0 | PushPop | :decode_step404_tokens4    |
|      0.1 |       6,017,536 |         1 |   6,017,536.0 |   6,017,536.0 |   6,017,536 |   6,017,536 |         0.0 | PushPop | :decode_step559_tokens4    |
|      0.1 |       6,015,904 |         1 |   6,015,904.0 |   6,015,904.0 |   6,015,904 |   6,015,904 |         0.0 | PushPop | :decode_step773_tokens4    |
|      0.1 |       6,010,400 |         1 |   6,010,400.0 |   6,010,400.0 |   6,010,400 |   6,010,400 |         0.0 | PushPop | :decode_step324_tokens4    |
|      0.1 |       6,002,736 |         1 |   6,002,736.0 |   6,002,736.0 |   6,002,736 |   6,002,736 |         0.0 | PushPop | :decode_step603_tokens4    |
|      0.1 |       6,001,840 |         1 |   6,001,840.0 |   6,001,840.0 |   6,001,840 |   6,001,840 |         0.0 | PushPop | :decode_step554_tokens4    |
|      0.1 |       5,998,944 |         1 |   5,998,944.0 |   5,998,944.0 |   5,998,944 |   5,998,944 |         0.0 | PushPop | :decode_step895_tokens4    |
|      0.1 |       5,998,848 |         1 |   5,998,848.0 |   5,998,848.0 |   5,998,848 |   5,998,848 |         0.0 | PushPop | :decode_step322_tokens4    |
|      0.1 |       5,992,256 |         1 |   5,992,256.0 |   5,992,256.0 |   5,992,256 |   5,992,256 |         0.0 | PushPop | :decode_step864_tokens4    |
|      0.1 |       5,991,904 |         1 |   5,991,904.0 |   5,991,904.0 |   5,991,904 |   5,991,904 |         0.0 | PushPop | :decode_step413_tokens4    |
|      0.1 |       5,978,864 |         1 |   5,978,864.0 |   5,978,864.0 |   5,978,864 |   5,978,864 |         0.0 | PushPop | :decode_step298_tokens4    |
|      0.1 |       5,978,432 |         1 |   5,978,432.0 |   5,978,432.0 |   5,978,432 |   5,978,432 |         0.0 | PushPop | :decode_step333_tokens4    |
|      0.1 |       5,977,232 |         1 |   5,977,232.0 |   5,977,232.0 |   5,977,232 |   5,977,232 |         0.0 | PushPop | :decode_step745_tokens4    |
|      0.1 |       5,975,568 |         1 |   5,975,568.0 |   5,975,568.0 |   5,975,568 |   5,975,568 |         0.0 | PushPop | :decode_step289_tokens4    |
|      0.1 |       5,971,968 |         1 |   5,971,968.0 |   5,971,968.0 |   5,971,968 |   5,971,968 |         0.0 | PushPop | :decode_step256_tokens4    |
|      0.1 |       5,966,896 |         1 |   5,966,896.0 |   5,966,896.0 |   5,966,896 |   5,966,896 |         0.0 | PushPop | :decode_step278_tokens4    |
|      0.1 |       5,963,008 |         1 |   5,963,008.0 |   5,963,008.0 |   5,963,008 |   5,963,008 |         0.0 | PushPop | :decode_step606_tokens4    |
|      0.1 |       5,962,992 |         1 |   5,962,992.0 |   5,962,992.0 |   5,962,992 |   5,962,992 |         0.0 | PushPop | :decode_step1012_tokens4   |
|      0.1 |       5,955,568 |         1 |   5,955,568.0 |   5,955,568.0 |   5,955,568 |   5,955,568 |         0.0 | PushPop | :decode_step985_tokens4    |
|      0.1 |       5,954,416 |         1 |   5,954,416.0 |   5,954,416.0 |   5,954,416 |   5,954,416 |         0.0 | PushPop | :decode_step905_tokens4    |
|      0.1 |       5,952,512 |         1 |   5,952,512.0 |   5,952,512.0 |   5,952,512 |   5,952,512 |         0.0 | PushPop | :decode_step296_tokens4    |
|      0.1 |       5,949,472 |         1 |   5,949,472.0 |   5,949,472.0 |   5,949,472 |   5,949,472 |         0.0 | PushPop | :decode_step410_tokens4    |
|      0.1 |       5,949,456 |         1 |   5,949,456.0 |   5,949,456.0 |   5,949,456 |   5,949,456 |         0.0 | PushPop | :decode_step565_tokens4    |
|      0.1 |       5,946,752 |         1 |   5,946,752.0 |   5,946,752.0 |   5,946,752 |   5,946,752 |         0.0 | PushPop | :decode_step776_tokens4    |
|      0.1 |       5,941,648 |         1 |   5,941,648.0 |   5,941,648.0 |   5,941,648 |   5,941,648 |         0.0 | PushPop | :decode_step487_tokens4    |
|      0.1 |       5,939,616 |         1 |   5,939,616.0 |   5,939,616.0 |   5,939,616 |   5,939,616 |         0.0 | PushPop | :decode_step577_tokens4    |
|      0.1 |       5,938,000 |         1 |   5,938,000.0 |   5,938,000.0 |   5,938,000 |   5,938,000 |         0.0 | PushPop | :decode_step891_tokens4    |
|      0.1 |       5,932,048 |         1 |   5,932,048.0 |   5,932,048.0 |   5,932,048 |   5,932,048 |         0.0 | PushPop | :decode_step375_tokens4    |
|      0.1 |       5,926,112 |         1 |   5,926,112.0 |   5,926,112.0 |   5,926,112 |   5,926,112 |         0.0 | PushPop | :decode_step1009_tokens4   |
|      0.1 |       5,925,504 |         1 |   5,925,504.0 |   5,925,504.0 |   5,925,504 |   5,925,504 |         0.0 | PushPop | :decode_step556_tokens4    |
|      0.1 |       5,923,360 |         1 |   5,923,360.0 |   5,923,360.0 |   5,923,360 |   5,923,360 |         0.0 | PushPop | :decode_step681_tokens4    |
|      0.1 |       5,922,960 |         1 |   5,922,960.0 |   5,922,960.0 |   5,922,960 |   5,922,960 |         0.0 | PushPop | :decode_step746_tokens4    |
|      0.1 |       5,918,800 |         1 |   5,918,800.0 |   5,918,800.0 |   5,918,800 |   5,918,800 |         0.0 | PushPop | :decode_step709_tokens4    |
|      0.1 |       5,915,952 |         1 |   5,915,952.0 |   5,915,952.0 |   5,915,952 |   5,915,952 |         0.0 | PushPop | :decode_step283_tokens4    |
|      0.1 |       5,913,216 |         1 |   5,913,216.0 |   5,913,216.0 |   5,913,216 |   5,913,216 |         0.0 | PushPop | :decode_step741_tokens4    |
|      0.1 |       5,911,328 |         1 |   5,911,328.0 |   5,911,328.0 |   5,911,328 |   5,911,328 |         0.0 | PushPop | :decode_step899_tokens4    |
|      0.1 |       5,910,432 |         1 |   5,910,432.0 |   5,910,432.0 |   5,910,432 |   5,910,432 |         0.0 | PushPop | :decode_step302_tokens4    |
|      0.1 |       5,904,240 |         1 |   5,904,240.0 |   5,904,240.0 |   5,904,240 |   5,904,240 |         0.0 | PushPop | :decode_step544_tokens4    |
|      0.1 |       5,903,536 |         1 |   5,903,536.0 |   5,903,536.0 |   5,903,536 |   5,903,536 |         0.0 | PushPop | :decode_step900_tokens4    |
|      0.1 |       5,901,808 |         1 |   5,901,808.0 |   5,901,808.0 |   5,901,808 |   5,901,808 |         0.0 | PushPop | :decode_step411_tokens4    |
|      0.1 |       5,876,944 |         1 |   5,876,944.0 |   5,876,944.0 |   5,876,944 |   5,876,944 |         0.0 | PushPop | :decode_step902_tokens4    |
|      0.1 |       5,873,168 |         1 |   5,873,168.0 |   5,873,168.0 |   5,873,168 |   5,873,168 |         0.0 | PushPop | :decode_step248_tokens4    |
|      0.1 |       5,873,088 |         1 |   5,873,088.0 |   5,873,088.0 |   5,873,088 |   5,873,088 |         0.0 | PushPop | :decode_step301_tokens4    |
|      0.1 |       5,868,352 |         1 |   5,868,352.0 |   5,868,352.0 |   5,868,352 |   5,868,352 |         0.0 | PushPop | :decode_step415_tokens4    |
|      0.1 |       5,867,632 |         1 |   5,867,632.0 |   5,867,632.0 |   5,867,632 |   5,867,632 |         0.0 | PushPop | :decode_step201_tokens4    |
|      0.1 |       5,860,928 |         1 |   5,860,928.0 |   5,860,928.0 |   5,860,928 |   5,860,928 |         0.0 | PushPop | :decode_step473_tokens4    |
|      0.1 |       5,859,184 |         1 |   5,859,184.0 |   5,859,184.0 |   5,859,184 |   5,859,184 |         0.0 | PushPop | :decode_step548_tokens4    |
|      0.1 |       5,843,360 |         1 |   5,843,360.0 |   5,843,360.0 |   5,843,360 |   5,843,360 |         0.0 | PushPop | :decode_step399_tokens4    |
|      0.1 |       5,829,584 |         1 |   5,829,584.0 |   5,829,584.0 |   5,829,584 |   5,829,584 |         0.0 | PushPop | :decode_step218_tokens4    |
|      0.1 |       5,827,136 |         1 |   5,827,136.0 |   5,827,136.0 |   5,827,136 |   5,827,136 |         0.0 | PushPop | :decode_step222_tokens4    |
|      0.1 |       5,826,592 |         1 |   5,826,592.0 |   5,826,592.0 |   5,826,592 |   5,826,592 |         0.0 | PushPop | :decode_step563_tokens4    |
|      0.1 |       5,824,576 |         1 |   5,824,576.0 |   5,824,576.0 |   5,824,576 |   5,824,576 |         0.0 | PushPop | :decode_step178_tokens4    |
|      0.1 |       5,818,880 |         1 |   5,818,880.0 |   5,818,880.0 |   5,818,880 |   5,818,880 |         0.0 | PushPop | :decode_step901_tokens4    |
|      0.1 |       5,811,392 |         1 |   5,811,392.0 |   5,811,392.0 |   5,811,392 |   5,811,392 |         0.0 | PushPop | :decode_step589_tokens4    |
|      0.1 |       5,809,888 |         1 |   5,809,888.0 |   5,809,888.0 |   5,809,888 |   5,809,888 |         0.0 | PushPop | :decode_step171_tokens4    |
|      0.1 |       5,806,848 |         1 |   5,806,848.0 |   5,806,848.0 |   5,806,848 |   5,806,848 |         0.0 | PushPop | :decode_step287_tokens4    |
|      0.1 |       5,804,224 |         1 |   5,804,224.0 |   5,804,224.0 |   5,804,224 |   5,804,224 |         0.0 | PushPop | :decode_step456_tokens4    |
|      0.1 |       5,795,680 |         1 |   5,795,680.0 |   5,795,680.0 |   5,795,680 |   5,795,680 |         0.0 | PushPop | :decode_step835_tokens4    |
|      0.1 |       5,793,072 |         1 |   5,793,072.0 |   5,793,072.0 |   5,793,072 |   5,793,072 |         0.0 | PushPop | :decode_step947_tokens4    |
|      0.1 |       5,780,512 |         1 |   5,780,512.0 |   5,780,512.0 |   5,780,512 |   5,780,512 |         0.0 | PushPop | :decode_step260_tokens4    |
|      0.1 |       5,772,160 |         1 |   5,772,160.0 |   5,772,160.0 |   5,772,160 |   5,772,160 |         0.0 | PushPop | :decode_step917_tokens4    |
|      0.1 |       5,746,432 |         1 |   5,746,432.0 |   5,746,432.0 |   5,746,432 |   5,746,432 |         0.0 | PushPop | :decode_step407_tokens4    |
|      0.1 |       5,727,968 |         1 |   5,727,968.0 |   5,727,968.0 |   5,727,968 |   5,727,968 |         0.0 | PushPop | :decode_step791_tokens4    |
|      0.1 |       5,697,936 |         1 |   5,697,936.0 |   5,697,936.0 |   5,697,936 |   5,697,936 |         0.0 | PushPop | :decode_step980_tokens4    |
|      0.1 |       5,692,944 |         1 |   5,692,944.0 |   5,692,944.0 |   5,692,944 |   5,692,944 |         0.0 | PushPop | :decode_step414_tokens4    |
|      0.1 |       5,662,272 |         1 |   5,662,272.0 |   5,662,272.0 |   5,662,272 |   5,662,272 |         0.0 | PushPop | :decode_step945_tokens4    |
|      0.1 |       5,634,416 |         1 |   5,634,416.0 |   5,634,416.0 |   5,634,416 |   5,634,416 |         0.0 | PushPop | :decode_step700_tokens4    |
|      0.1 |       5,631,120 |         1 |   5,631,120.0 |   5,631,120.0 |   5,631,120 |   5,631,120 |         0.0 | PushPop | :decode_step1002_tokens4   |
|      0.1 |       5,605,584 |         1 |   5,605,584.0 |   5,605,584.0 |   5,605,584 |   5,605,584 |         0.0 | PushPop | :decode_step756_tokens4    |
|      0.1 |       5,593,712 |         1 |   5,593,712.0 |   5,593,712.0 |   5,593,712 |   5,593,712 |         0.0 | PushPop | :decode_step944_tokens4    |
|      0.1 |       5,587,152 |         1 |   5,587,152.0 |   5,587,152.0 |   5,587,152 |   5,587,152 |         0.0 | PushPop | :decode_step928_tokens4    |
|      0.1 |       5,577,952 |         1 |   5,577,952.0 |   5,577,952.0 |   5,577,952 |   5,577,952 |         0.0 | PushPop | :decode_step986_tokens4    |
|      0.1 |       5,559,280 |         1 |   5,559,280.0 |   5,559,280.0 |   5,559,280 |   5,559,280 |         0.0 | PushPop | :decode_step562_tokens4    |
|      0.1 |       5,556,976 |         1 |   5,556,976.0 |   5,556,976.0 |   5,556,976 |   5,556,976 |         0.0 | PushPop | :decode_step948_tokens4    |
|      0.1 |       5,503,808 |         1 |   5,503,808.0 |   5,503,808.0 |   5,503,808 |   5,503,808 |         0.0 | PushPop | :decode_step920_tokens4    |
|      0.1 |       5,487,920 |         1 |   5,487,920.0 |   5,487,920.0 |   5,487,920 |   5,487,920 |         0.0 | PushPop | :decode_step952_tokens4    |
|      0.1 |       5,451,200 |         1 |   5,451,200.0 |   5,451,200.0 |   5,451,200 |   5,451,200 |         0.0 | PushPop | :decode_step918_tokens4    |
|      0.1 |       5,440,336 |         1 |   5,440,336.0 |   5,440,336.0 |   5,440,336 |   5,440,336 |         0.0 | PushPop | :decode_step1018_tokens4   |
|      0.1 |       5,409,184 |         1 |   5,409,184.0 |   5,409,184.0 |   5,409,184 |   5,409,184 |         0.0 | PushPop | :decode_step202_tokens4    |
|      0.1 |       5,353,088 |         1 |   5,353,088.0 |   5,353,088.0 |   5,353,088 |   5,353,088 |         0.0 | PushPop | :decode_step921_tokens4    |
|      0.1 |       5,270,160 |         1 |   5,270,160.0 |   5,270,160.0 |   5,270,160 |   5,270,160 |         0.0 | PushPop | :decode_step199_tokens4    |
|      0.1 |       5,247,040 |         1 |   5,247,040.0 |   5,247,040.0 |   5,247,040 |   5,247,040 |         0.0 | PushPop | :decode_step832_tokens4    |
|      0.1 |       5,240,048 |         1 |   5,240,048.0 |   5,240,048.0 |   5,240,048 |   5,240,048 |         0.0 | PushPop | :decode_step200_tokens4    |
|      0.1 |       5,219,552 |         1 |   5,219,552.0 |   5,219,552.0 |   5,219,552 |   5,219,552 |         0.0 | PushPop | :decode_step836_tokens4    |
|      0.1 |       5,210,208 |         1 |   5,210,208.0 |   5,210,208.0 |   5,210,208 |   5,210,208 |         0.0 | PushPop | :decode_step268_tokens4    |
|      0.1 |       5,204,064 |         1 |   5,204,064.0 |   5,204,064.0 |   5,204,064 |   5,204,064 |         0.0 | PushPop | :decode_step949_tokens4    |
|      0.1 |       5,203,056 |         1 |   5,203,056.0 |   5,203,056.0 |   5,203,056 |   5,203,056 |         0.0 | PushPop | :decode_step381_tokens4    |
|      0.1 |       5,186,640 |         1 |   5,186,640.0 |   5,186,640.0 |   5,186,640 |   5,186,640 |         0.0 | PushPop | :decode_step987_tokens4    |
|      0.1 |       5,181,888 |         1 |   5,181,888.0 |   5,181,888.0 |   5,181,888 |   5,181,888 |         0.0 | PushPop | :decode_step343_tokens4    |
|      0.1 |       5,181,408 |         1 |   5,181,408.0 |   5,181,408.0 |   5,181,408 |   5,181,408 |         0.0 | PushPop | :decode_step193_tokens4    |
|      0.1 |       5,152,864 |         1 |   5,152,864.0 |   5,152,864.0 |   5,152,864 |   5,152,864 |         0.0 | PushPop | :decode_step929_tokens4    |
|      0.1 |       5,150,992 |         1 |   5,150,992.0 |   5,150,992.0 |   5,150,992 |   5,150,992 |         0.0 | PushPop | :decode_step936_tokens4    |
|      0.1 |       5,132,176 |         1 |   5,132,176.0 |   5,132,176.0 |   5,132,176 |   5,132,176 |         0.0 | PushPop | :decode_step991_tokens4    |
|      0.1 |       5,100,672 |         1 |   5,100,672.0 |   5,100,672.0 |   5,100,672 |   5,100,672 |         0.0 | PushPop | :decode_step950_tokens4    |
|      0.1 |       5,099,376 |         1 |   5,099,376.0 |   5,099,376.0 |   5,099,376 |   5,099,376 |         0.0 | PushPop | :decode_step919_tokens4    |
|      0.1 |       5,076,048 |         1 |   5,076,048.0 |   5,076,048.0 |   5,076,048 |   5,076,048 |         0.0 | PushPop | :decode_step951_tokens4    |
|      0.1 |       5,073,760 |         1 |   5,073,760.0 |   5,073,760.0 |   5,073,760 |   5,073,760 |         0.0 | PushPop | :decode_step953_tokens4    |
|      0.1 |       5,044,208 |         1 |   5,044,208.0 |   5,044,208.0 |   5,044,208 |   5,044,208 |         0.0 | PushPop | :decode_step675_tokens4    |
|      0.1 |       5,030,368 |         1 |   5,030,368.0 |   5,030,368.0 |   5,030,368 |   5,030,368 |         0.0 | PushPop | :decode_step990_tokens4    |
|      0.1 |       5,029,520 |         1 |   5,029,520.0 |   5,029,520.0 |   5,029,520 |   5,029,520 |         0.0 | PushPop | :decode_step719_tokens4    |
|      0.1 |       5,017,568 |         1 |   5,017,568.0 |   5,017,568.0 |   5,017,568 |   5,017,568 |         0.0 | PushPop | :decode_step940_tokens4    |
|      0.1 |       5,013,200 |         1 |   5,013,200.0 |   5,013,200.0 |   5,013,200 |   5,013,200 |         0.0 | PushPop | :decode_step644_tokens4    |
|      0.1 |       4,998,736 |         1 |   4,998,736.0 |   4,998,736.0 |   4,998,736 |   4,998,736 |         0.0 | PushPop | :decode_step869_tokens4    |
|      0.1 |       4,967,744 |         1 |   4,967,744.0 |   4,967,744.0 |   4,967,744 |   4,967,744 |         0.0 | PushPop | :decode_step837_tokens4    |
|      0.1 |       4,960,576 |         1 |   4,960,576.0 |   4,960,576.0 |   4,960,576 |   4,960,576 |         0.0 | PushPop | :decode_step354_tokens4    |
|      0.1 |       4,956,352 |         1 |   4,956,352.0 |   4,956,352.0 |   4,956,352 |   4,956,352 |         0.0 | PushPop | :decode_step925_tokens4    |
|      0.1 |       4,953,248 |         1 |   4,953,248.0 |   4,953,248.0 |   4,953,248 |   4,953,248 |         0.0 | PushPop | :decode_step934_tokens4    |
|      0.1 |       4,932,736 |         1 |   4,932,736.0 |   4,932,736.0 |   4,932,736 |   4,932,736 |         0.0 | PushPop | :decode_step155_tokens4    |
|      0.1 |       4,919,232 |         1 |   4,919,232.0 |   4,919,232.0 |   4,919,232 |   4,919,232 |         0.0 | PushPop | :decode_step927_tokens4    |
|      0.1 |       4,919,040 |         1 |   4,919,040.0 |   4,919,040.0 |   4,919,040 |   4,919,040 |         0.0 | PushPop | :decode_step870_tokens4    |
|      0.1 |       4,917,952 |         1 |   4,917,952.0 |   4,917,952.0 |   4,917,952 |   4,917,952 |         0.0 | PushPop | :decode_step682_tokens4    |
|      0.1 |       4,916,768 |         1 |   4,916,768.0 |   4,916,768.0 |   4,916,768 |   4,916,768 |         0.0 | PushPop | :decode_step794_tokens4    |
|      0.1 |       4,885,952 |         1 |   4,885,952.0 |   4,885,952.0 |   4,885,952 |   4,885,952 |         0.0 | PushPop | :decode_step938_tokens4    |
|      0.1 |       4,877,920 |         1 |   4,877,920.0 |   4,877,920.0 |   4,877,920 |   4,877,920 |         0.0 | PushPop | :decode_step491_tokens4    |
|      0.1 |       4,850,080 |         1 |   4,850,080.0 |   4,850,080.0 |   4,850,080 |   4,850,080 |         0.0 | PushPop | :decode_step363_tokens4    |
|      0.1 |       4,848,128 |         1 |   4,848,128.0 |   4,848,128.0 |   4,848,128 |   4,848,128 |         0.0 | PushPop | :decode_step992_tokens4    |
|      0.1 |       4,837,184 |         1 |   4,837,184.0 |   4,837,184.0 |   4,837,184 |   4,837,184 |         0.0 | PushPop | :decode_step906_tokens4    |
|      0.1 |       4,829,680 |         1 |   4,829,680.0 |   4,829,680.0 |   4,829,680 |   4,829,680 |         0.0 | PushPop | :decode_step924_tokens4    |
|      0.1 |       4,796,400 |         1 |   4,796,400.0 |   4,796,400.0 |   4,796,400 |   4,796,400 |         0.0 | PushPop | :decode_step269_tokens4    |
|      0.1 |       4,795,280 |         1 |   4,795,280.0 |   4,795,280.0 |   4,795,280 |   4,795,280 |         0.0 | PushPop | :decode_step362_tokens4    |
|      0.1 |       4,790,608 |         1 |   4,790,608.0 |   4,790,608.0 |   4,790,608 |   4,790,608 |         0.0 | PushPop | :decode_step570_tokens4    |
|      0.1 |       4,789,200 |         1 |   4,789,200.0 |   4,789,200.0 |   4,789,200 |   4,789,200 |         0.0 | PushPop | :decode_step932_tokens4    |
|      0.1 |       4,784,848 |         1 |   4,784,848.0 |   4,784,848.0 |   4,784,848 |   4,784,848 |         0.0 | PushPop | :decode_step384_tokens4    |
|      0.1 |       4,766,080 |         1 |   4,766,080.0 |   4,766,080.0 |   4,766,080 |   4,766,080 |         0.0 | PushPop | :decode_step231_tokens4    |
|      0.1 |       4,764,064 |         1 |   4,764,064.0 |   4,764,064.0 |   4,764,064 |   4,764,064 |         0.0 | PushPop | :decode_step939_tokens4    |
|      0.1 |       4,762,432 |         1 |   4,762,432.0 |   4,762,432.0 |   4,762,432 |   4,762,432 |         0.0 | PushPop | :decode_step203_tokens4    |
|      0.1 |       4,744,528 |         1 |   4,744,528.0 |   4,744,528.0 |   4,744,528 |   4,744,528 |         0.0 | PushPop | :decode_step923_tokens4    |
|      0.1 |       4,738,512 |         1 |   4,738,512.0 |   4,738,512.0 |   4,738,512 |   4,738,512 |         0.0 | PushPop | :decode_step353_tokens4    |
|      0.1 |       4,729,056 |         1 |   4,729,056.0 |   4,729,056.0 |   4,729,056 |   4,729,056 |         0.0 | PushPop | :decode_step922_tokens4    |
|      0.1 |       4,717,680 |         1 |   4,717,680.0 |   4,717,680.0 |   4,717,680 |   4,717,680 |         0.0 | PushPop | :decode_step930_tokens4    |
|      0.1 |       4,712,016 |         1 |   4,712,016.0 |   4,712,016.0 |   4,712,016 |   4,712,016 |         0.0 | PushPop | :decode_step1003_tokens4   |
|      0.1 |       4,701,104 |         1 |   4,701,104.0 |   4,701,104.0 |   4,701,104 |   4,701,104 |         0.0 | PushPop | :decode_step686_tokens4    |
|      0.1 |       4,653,808 |         1 |   4,653,808.0 |   4,653,808.0 |   4,653,808 |   4,653,808 |         0.0 | PushPop | :decode_step198_tokens4    |
|      0.1 |       4,643,120 |         1 |   4,643,120.0 |   4,643,120.0 |   4,643,120 |   4,643,120 |         0.0 | PushPop | :decode_step685_tokens4    |
|      0.1 |       4,636,528 |         1 |   4,636,528.0 |   4,636,528.0 |   4,636,528 |   4,636,528 |         0.0 | PushPop | :decode_step838_tokens4    |
|      0.1 |       4,635,648 |         1 |   4,635,648.0 |   4,635,648.0 |   4,635,648 |   4,635,648 |         0.0 | PushPop | :decode_step981_tokens4    |
|      0.1 |       4,631,200 |         1 |   4,631,200.0 |   4,631,200.0 |   4,631,200 |   4,631,200 |         0.0 | PushPop | :decode_step514_tokens4    |
|      0.1 |       4,629,808 |         1 |   4,629,808.0 |   4,629,808.0 |   4,629,808 |   4,629,808 |         0.0 | PushPop | :decode_step270_tokens4    |
|      0.1 |       4,628,448 |         1 |   4,628,448.0 |   4,628,448.0 |   4,628,448 |   4,628,448 |         0.0 | PushPop | :decode_step156_tokens4    |
|      0.1 |       4,616,960 |         1 |   4,616,960.0 |   4,616,960.0 |   4,616,960 |   4,616,960 |         0.0 | PushPop | :decode_step420_tokens4    |
|      0.1 |       4,614,384 |         1 |   4,614,384.0 |   4,614,384.0 |   4,614,384 |   4,614,384 |         0.0 | PushPop | :decode_step687_tokens4    |
|      0.1 |       4,610,464 |         1 |   4,610,464.0 |   4,610,464.0 |   4,610,464 |   4,610,464 |         0.0 | PushPop | :decode_step933_tokens4    |
|      0.1 |       4,591,184 |         1 |   4,591,184.0 |   4,591,184.0 |   4,591,184 |   4,591,184 |         0.0 | PushPop | :decode_step896_tokens4    |
|      0.1 |       4,581,264 |         1 |   4,581,264.0 |   4,581,264.0 |   4,581,264 |   4,581,264 |         0.0 | PushPop | :decode_step579_tokens4    |
|      0.1 |       4,577,872 |         1 |   4,577,872.0 |   4,577,872.0 |   4,577,872 |   4,577,872 |         0.0 | PushPop | :decode_step993_tokens4    |
|      0.1 |       4,577,344 |         1 |   4,577,344.0 |   4,577,344.0 |   4,577,344 |   4,577,344 |         0.0 | PushPop | :decode_step834_tokens4    |
|      0.1 |       4,562,048 |         1 |   4,562,048.0 |   4,562,048.0 |   4,562,048 |   4,562,048 |         0.0 | PushPop | :decode_step194_tokens4    |
|      0.1 |       4,551,312 |         1 |   4,551,312.0 |   4,551,312.0 |   4,551,312 |   4,551,312 |         0.0 | PushPop | :decode_step926_tokens4    |
|      0.1 |       4,544,320 |         1 |   4,544,320.0 |   4,544,320.0 |   4,544,320 |   4,544,320 |         0.0 | PushPop | :decode_step344_tokens4    |
|      0.1 |       4,529,680 |         1 |   4,529,680.0 |   4,529,680.0 |   4,529,680 |   4,529,680 |         0.0 | PushPop | :decode_step935_tokens4    |
|      0.1 |       4,528,064 |         1 |   4,528,064.0 |   4,528,064.0 |   4,528,064 |   4,528,064 |         0.0 | PushPop | :decode_step536_tokens4    |
|      0.1 |       4,527,440 |         1 |   4,527,440.0 |   4,527,440.0 |   4,527,440 |   4,527,440 |         0.0 | PushPop | :decode_step578_tokens4    |
|      0.1 |       4,506,000 |         1 |   4,506,000.0 |   4,506,000.0 |   4,506,000 |   4,506,000 |         0.0 | PushPop | :decode_step232_tokens4    |
|      0.1 |       4,490,912 |         1 |   4,490,912.0 |   4,490,912.0 |   4,490,912 |   4,490,912 |         0.0 | PushPop | :decode_step310_tokens4    |
|      0.1 |       4,490,544 |         1 |   4,490,544.0 |   4,490,544.0 |   4,490,544 |   4,490,544 |         0.0 | PushPop | :decode_step540_tokens4    |
|      0.1 |       4,489,808 |         1 |   4,489,808.0 |   4,489,808.0 |   4,489,808 |   4,489,808 |         0.0 | PushPop | :decode_step233_tokens4    |
|      0.1 |       4,488,480 |         1 |   4,488,480.0 |   4,488,480.0 |   4,488,480 |   4,488,480 |         0.0 | PushPop | :decode_step989_tokens4    |
|      0.1 |       4,472,544 |         1 |   4,472,544.0 |   4,472,544.0 |   4,472,544 |   4,472,544 |         0.0 | PushPop | :decode_step646_tokens4    |
|      0.1 |       4,471,600 |         1 |   4,471,600.0 |   4,471,600.0 |   4,471,600 |   4,471,600 |         0.0 | PushPop | :decode_step576_tokens4    |
|      0.1 |       4,466,304 |         1 |   4,466,304.0 |   4,466,304.0 |   4,466,304 |   4,466,304 |         0.0 | PushPop | :decode_step931_tokens4    |
|      0.1 |       4,464,592 |         1 |   4,464,592.0 |   4,464,592.0 |   4,464,592 |   4,464,592 |         0.0 | PushPop | :decode_step762_tokens4    |
|      0.1 |       4,462,704 |         1 |   4,462,704.0 |   4,462,704.0 |   4,462,704 |   4,462,704 |         0.0 | PushPop | :decode_step188_tokens4    |
|      0.1 |       4,458,512 |         1 |   4,458,512.0 |   4,458,512.0 |   4,458,512 |   4,458,512 |         0.0 | PushPop | :decode_step841_tokens4    |
|      0.1 |       4,457,712 |         1 |   4,457,712.0 |   4,457,712.0 |   4,457,712 |   4,457,712 |         0.0 | PushPop | :decode_step1024_tokens4   |
|      0.1 |       4,454,384 |         1 |   4,454,384.0 |   4,454,384.0 |   4,454,384 |   4,454,384 |         0.0 | PushPop | :decode_step889_tokens4    |
|      0.1 |       4,423,488 |         1 |   4,423,488.0 |   4,423,488.0 |   4,423,488 |   4,423,488 |         0.0 | PushPop | :decode_step795_tokens4    |
|      0.1 |       4,419,072 |         1 |   4,419,072.0 |   4,419,072.0 |   4,419,072 |   4,419,072 |         0.0 | PushPop | :decode_step204_tokens4    |
|      0.1 |       4,406,064 |         1 |   4,406,064.0 |   4,406,064.0 |   4,406,064 |   4,406,064 |         0.0 | PushPop | :decode_step573_tokens4    |
|      0.1 |       4,403,888 |         1 |   4,403,888.0 |   4,403,888.0 |   4,403,888 |   4,403,888 |         0.0 | PushPop | :decode_step195_tokens4    |
|      0.1 |       4,397,312 |         1 |   4,397,312.0 |   4,397,312.0 |   4,397,312 |   4,397,312 |         0.0 | PushPop | :decode_step352_tokens4    |
|      0.1 |       4,391,792 |         1 |   4,391,792.0 |   4,391,792.0 |   4,391,792 |   4,391,792 |         0.0 | PushPop | :decode_step463_tokens4    |
|      0.1 |       4,391,456 |         1 |   4,391,456.0 |   4,391,456.0 |   4,391,456 |   4,391,456 |         0.0 | PushPop | :decode_step235_tokens4    |
|      0.1 |       4,388,832 |         1 |   4,388,832.0 |   4,388,832.0 |   4,388,832 |   4,388,832 |         0.0 | PushPop | :decode_step720_tokens4    |
|      0.1 |       4,383,360 |         1 |   4,383,360.0 |   4,383,360.0 |   4,383,360 |   4,383,360 |         0.0 | PushPop | :decode_step674_tokens4    |
|      0.1 |       4,382,208 |         1 |   4,382,208.0 |   4,382,208.0 |   4,382,208 |   4,382,208 |         0.0 | PushPop | :decode_step485_tokens4    |
|      0.1 |       4,381,936 |         1 |   4,381,936.0 |   4,381,936.0 |   4,381,936 |   4,381,936 |         0.0 | PushPop | :decode_step397_tokens4    |
|      0.1 |       4,377,424 |         1 |   4,377,424.0 |   4,377,424.0 |   4,377,424 |   4,377,424 |         0.0 | PushPop | :decode_step348_tokens4    |
|      0.1 |       4,376,768 |         1 |   4,376,768.0 |   4,376,768.0 |   4,376,768 |   4,376,768 |         0.0 | PushPop | :decode_step510_tokens4    |
|      0.1 |       4,370,704 |         1 |   4,370,704.0 |   4,370,704.0 |   4,370,704 |   4,370,704 |         0.0 | PushPop | :decode_step572_tokens4    |
|      0.1 |       4,367,280 |         1 |   4,367,280.0 |   4,367,280.0 |   4,367,280 |   4,367,280 |         0.0 | PushPop | :decode_step114_tokens4    |
|      0.1 |       4,367,184 |         1 |   4,367,184.0 |   4,367,184.0 |   4,367,184 |   4,367,184 |         0.0 | PushPop | :decode_step758_tokens4    |
|      0.1 |       4,366,832 |         1 |   4,366,832.0 |   4,366,832.0 |   4,366,832 |   4,366,832 |         0.0 | PushPop | :decode_step743_tokens4    |
|      0.1 |       4,358,832 |         1 |   4,358,832.0 |   4,358,832.0 |   4,358,832 |   4,358,832 |         0.0 | PushPop | :decode_step689_tokens4    |
|      0.1 |       4,355,728 |         1 |   4,355,728.0 |   4,355,728.0 |   4,355,728 |   4,355,728 |         0.0 | PushPop | :decode_step197_tokens4    |
|      0.1 |       4,355,168 |         1 |   4,355,168.0 |   4,355,168.0 |   4,355,168 |   4,355,168 |         0.0 | PushPop | :decode_step881_tokens4    |
|      0.1 |       4,351,712 |         1 |   4,351,712.0 |   4,351,712.0 |   4,351,712 |   4,351,712 |         0.0 | PushPop | :decode_step678_tokens4    |
|      0.1 |       4,350,800 |         1 |   4,350,800.0 |   4,350,800.0 |   4,350,800 |   4,350,800 |         0.0 | PushPop | :decode_step325_tokens4    |
|      0.1 |       4,343,280 |         1 |   4,343,280.0 |   4,343,280.0 |   4,343,280 |   4,343,280 |         0.0 | PushPop | :decode_step767_tokens4    |
|      0.1 |       4,342,416 |         1 |   4,342,416.0 |   4,342,416.0 |   4,342,416 |   4,342,416 |         0.0 | PushPop | :decode_step1004_tokens4   |
|      0.1 |       4,338,928 |         1 |   4,338,928.0 |   4,338,928.0 |   4,338,928 |   4,338,928 |         0.0 | PushPop | :decode_step862_tokens4    |
|      0.1 |       4,338,464 |         1 |   4,338,464.0 |   4,338,464.0 |   4,338,464 |   4,338,464 |         0.0 | PushPop | :decode_step683_tokens4    |
|      0.1 |       4,337,968 |         1 |   4,337,968.0 |   4,337,968.0 |   4,337,968 |   4,337,968 |         0.0 | PushPop | :decode_step800_tokens4    |
|      0.1 |       4,334,960 |         1 |   4,334,960.0 |   4,334,960.0 |   4,334,960 |   4,334,960 |         0.0 | PushPop | :decode_step874_tokens4    |
|      0.1 |       4,334,080 |         1 |   4,334,080.0 |   4,334,080.0 |   4,334,080 |   4,334,080 |         0.0 | PushPop | :decode_step504_tokens4    |
|      0.1 |       4,329,504 |         1 |   4,329,504.0 |   4,329,504.0 |   4,329,504 |   4,329,504 |         0.0 | PushPop | :decode_step729_tokens4    |
|      0.1 |       4,328,928 |         1 |   4,328,928.0 |   4,328,928.0 |   4,328,928 |   4,328,928 |         0.0 | PushPop | :decode_step839_tokens4    |
|      0.1 |       4,328,448 |         1 |   4,328,448.0 |   4,328,448.0 |   4,328,448 |   4,328,448 |         0.0 | PushPop | :decode_step707_tokens4    |
|      0.1 |       4,327,984 |         1 |   4,327,984.0 |   4,327,984.0 |   4,327,984 |   4,327,984 |         0.0 | PushPop | :decode_step995_tokens4    |
|      0.1 |       4,326,816 |         1 |   4,326,816.0 |   4,326,816.0 |   4,326,816 |   4,326,816 |         0.0 | PushPop | :decode_step733_tokens4    |
|      0.1 |       4,326,048 |         1 |   4,326,048.0 |   4,326,048.0 |   4,326,048 |   4,326,048 |         0.0 | PushPop | :decode_step721_tokens4    |
|      0.1 |       4,322,208 |         1 |   4,322,208.0 |   4,322,208.0 |   4,322,208 |   4,322,208 |         0.0 | PushPop | :decode_step695_tokens4    |
|      0.1 |       4,310,928 |         1 |   4,310,928.0 |   4,310,928.0 |   4,310,928 |   4,310,928 |         0.0 | PushPop | :decode_step345_tokens4    |
|      0.1 |       4,309,872 |         1 |   4,309,872.0 |   4,309,872.0 |   4,309,872 |   4,309,872 |         0.0 | PushPop | :decode_step988_tokens4    |
|      0.1 |       4,309,792 |         1 |   4,309,792.0 |   4,309,792.0 |   4,309,792 |   4,309,792 |         0.0 | PushPop | :decode_step722_tokens4    |
|      0.1 |       4,304,544 |         1 |   4,304,544.0 |   4,304,544.0 |   4,304,544 |   4,304,544 |         0.0 | PushPop | :decode_step349_tokens4    |
|      0.1 |       4,301,936 |         1 |   4,301,936.0 |   4,301,936.0 |   4,301,936 |   4,301,936 |         0.0 | PushPop | :decode_step763_tokens4    |
|      0.1 |       4,300,816 |         1 |   4,300,816.0 |   4,300,816.0 |   4,300,816 |   4,300,816 |         0.0 | PushPop | :decode_step618_tokens4    |
|      0.1 |       4,298,304 |         1 |   4,298,304.0 |   4,298,304.0 |   4,298,304 |   4,298,304 |         0.0 | PushPop | :decode_step425_tokens4    |
|      0.1 |       4,297,280 |         1 |   4,297,280.0 |   4,297,280.0 |   4,297,280 |   4,297,280 |         0.0 | PushPop | :decode_step515_tokens4    |
|      0.1 |       4,294,960 |         1 |   4,294,960.0 |   4,294,960.0 |   4,294,960 |   4,294,960 |         0.0 | PushPop | :decode_step597_tokens4    |
|      0.1 |       4,293,696 |         1 |   4,293,696.0 |   4,293,696.0 |   4,293,696 |   4,293,696 |         0.0 | PushPop | :decode_step76_tokens4     |
|      0.1 |       4,292,896 |         1 |   4,292,896.0 |   4,292,896.0 |   4,292,896 |   4,292,896 |         0.0 | PushPop | :decode_step652_tokens4    |
|      0.1 |       4,292,144 |         1 |   4,292,144.0 |   4,292,144.0 |   4,292,144 |   4,292,144 |         0.0 | PushPop | :decode_step205_tokens4    |
|      0.1 |       4,290,560 |         1 |   4,290,560.0 |   4,290,560.0 |   4,290,560 |   4,290,560 |         0.0 | PushPop | :decode_step877_tokens4    |
|      0.1 |       4,287,024 |         1 |   4,287,024.0 |   4,287,024.0 |   4,287,024 |   4,287,024 |         0.0 | PushPop | :decode_step495_tokens4    |
|      0.1 |       4,286,800 |         1 |   4,286,800.0 |   4,286,800.0 |   4,286,800 |   4,286,800 |         0.0 | PushPop | :decode_step307_tokens4    |
|      0.1 |       4,283,776 |         1 |   4,283,776.0 |   4,283,776.0 |   4,283,776 |   4,283,776 |         0.0 | PushPop | :decode_step520_tokens4    |
|      0.1 |       4,282,816 |         1 |   4,282,816.0 |   4,282,816.0 |   4,282,816 |   4,282,816 |         0.0 | PushPop | :decode_step291_tokens4    |
|      0.1 |       4,277,936 |         1 |   4,277,936.0 |   4,277,936.0 |   4,277,936 |   4,277,936 |         0.0 | PushPop | :decode_step1010_tokens4   |
|      0.1 |       4,265,824 |         1 |   4,265,824.0 |   4,265,824.0 |   4,265,824 |   4,265,824 |         0.0 | PushPop | :decode_step697_tokens4    |
|      0.1 |       4,265,424 |         1 |   4,265,424.0 |   4,265,424.0 |   4,265,424 |   4,265,424 |         0.0 | PushPop | :decode_step459_tokens4    |
|      0.1 |       4,264,400 |         1 |   4,264,400.0 |   4,264,400.0 |   4,264,400 |   4,264,400 |         0.0 | PushPop | :decode_step907_tokens4    |
|      0.1 |       4,263,872 |         1 |   4,263,872.0 |   4,263,872.0 |   4,263,872 |   4,263,872 |         0.0 | PushPop | :decode_step346_tokens4    |
|      0.1 |       4,263,248 |         1 |   4,263,248.0 |   4,263,248.0 |   4,263,248 |   4,263,248 |         0.0 | PushPop | :decode_step326_tokens4    |
|      0.1 |       4,261,216 |         1 |   4,261,216.0 |   4,261,216.0 |   4,261,216 |   4,261,216 |         0.0 | PushPop | :decode_step1005_tokens4   |
|      0.1 |       4,261,056 |         1 |   4,261,056.0 |   4,261,056.0 |   4,261,056 |   4,261,056 |         0.0 | PushPop | :decode_step1030_tokens4   |
|      0.1 |       4,256,768 |         1 |   4,256,768.0 |   4,256,768.0 |   4,256,768 |   4,256,768 |         0.0 | PushPop | :decode_step651_tokens4    |
|      0.1 |       4,254,640 |         1 |   4,254,640.0 |   4,254,640.0 |   4,254,640 |   4,254,640 |         0.0 | PushPop | :decode_step976_tokens4    |
|      0.1 |       4,254,144 |         1 |   4,254,144.0 |   4,254,144.0 |   4,254,144 |   4,254,144 |         0.0 | PushPop | :decode_step849_tokens4    |
|      0.1 |       4,251,104 |         1 |   4,251,104.0 |   4,251,104.0 |   4,251,104 |   4,251,104 |         0.0 | PushPop | :decode_step957_tokens4    |
|      0.1 |       4,250,576 |         1 |   4,250,576.0 |   4,250,576.0 |   4,250,576 |   4,250,576 |         0.0 | PushPop | :decode_step255_tokens4    |
|      0.1 |       4,246,400 |         1 |   4,246,400.0 |   4,246,400.0 |   4,246,400 |   4,246,400 |         0.0 | PushPop | :decode_step386_tokens4    |
|      0.1 |       4,246,256 |         1 |   4,246,256.0 |   4,246,256.0 |   4,246,256 |   4,246,256 |         0.0 | PushPop | :decode_step517_tokens4    |
|      0.1 |       4,242,736 |         1 |   4,242,736.0 |   4,242,736.0 |   4,242,736 |   4,242,736 |         0.0 | PushPop | :decode_step523_tokens4    |
|      0.1 |       4,242,576 |         1 |   4,242,576.0 |   4,242,576.0 |   4,242,576 |   4,242,576 |         0.0 | PushPop | :decode_step355_tokens4    |
|      0.1 |       4,241,856 |         1 |   4,241,856.0 |   4,241,856.0 |   4,241,856 |   4,241,856 |         0.0 | PushPop | :decode_step370_tokens4    |
|      0.1 |       4,241,200 |         1 |   4,241,200.0 |   4,241,200.0 |   4,241,200 |   4,241,200 |         0.0 | PushPop | :decode_step364_tokens4    |
|      0.1 |       4,239,616 |         1 |   4,239,616.0 |   4,239,616.0 |   4,239,616 |   4,239,616 |         0.0 | PushPop | :decode_step219_tokens4    |
|      0.1 |       4,236,128 |         1 |   4,236,128.0 |   4,236,128.0 |   4,236,128 |   4,236,128 |         0.0 | PushPop | :decode_step684_tokens4    |
|      0.1 |       4,235,680 |         1 |   4,235,680.0 |   4,235,680.0 |   4,235,680 |   4,235,680 |         0.0 | PushPop | :decode_step507_tokens4    |
|      0.1 |       4,233,744 |         1 |   4,233,744.0 |   4,233,744.0 |   4,233,744 |   4,233,744 |         0.0 | PushPop | :decode_step982_tokens4    |
|      0.1 |       4,228,320 |         1 |   4,228,320.0 |   4,228,320.0 |   4,228,320 |   4,228,320 |         0.0 | PushPop | :decode_step654_tokens4    |
|      0.1 |       4,225,136 |         1 |   4,225,136.0 |   4,225,136.0 |   4,225,136 |   4,225,136 |         0.0 | PushPop | :decode_step541_tokens4    |
|      0.1 |       4,220,992 |         1 |   4,220,992.0 |   4,220,992.0 |   4,220,992 |   4,220,992 |         0.0 | PushPop | :decode_step253_tokens4    |
|      0.1 |       4,220,864 |         1 |   4,220,864.0 |   4,220,864.0 |   4,220,864 |   4,220,864 |         0.0 | PushPop | :decode_step158_tokens4    |
|      0.1 |       4,220,624 |         1 |   4,220,624.0 |   4,220,624.0 |   4,220,624 |   4,220,624 |         0.0 | PushPop | :decode_step497_tokens4    |
|      0.1 |       4,218,976 |         1 |   4,218,976.0 |   4,218,976.0 |   4,218,976 |   4,218,976 |         0.0 | PushPop | :decode_step914_tokens4    |
|      0.1 |       4,214,928 |         1 |   4,214,928.0 |   4,214,928.0 |   4,214,928 |   4,214,928 |         0.0 | PushPop | :decode_step521_tokens4    |
|      0.1 |       4,212,624 |         1 |   4,212,624.0 |   4,212,624.0 |   4,212,624 |   4,212,624 |         0.0 | PushPop | :decode_step690_tokens4    |
|      0.1 |       4,207,568 |         1 |   4,207,568.0 |   4,207,568.0 |   4,207,568 |   4,207,568 |         0.0 | PushPop | :decode_step172_tokens4    |
|      0.1 |       4,203,792 |         1 |   4,203,792.0 |   4,203,792.0 |   4,203,792 |   4,203,792 |         0.0 | PushPop | :decode_step522_tokens4    |
|      0.1 |       4,203,136 |         1 |   4,203,136.0 |   4,203,136.0 |   4,203,136 |   4,203,136 |         0.0 | PushPop | :decode_step421_tokens4    |
|      0.1 |       4,202,240 |         1 |   4,202,240.0 |   4,202,240.0 |   4,202,240 |   4,202,240 |         0.0 | PushPop | :decode_step804_tokens4    |
|      0.1 |       4,201,136 |         1 |   4,201,136.0 |   4,201,136.0 |   4,201,136 |   4,201,136 |         0.0 | PushPop | :decode_step196_tokens4    |
|      0.1 |       4,200,960 |         1 |   4,200,960.0 |   4,200,960.0 |   4,200,960 |   4,200,960 |         0.0 | PushPop | :decode_step358_tokens4    |
|      0.1 |       4,199,056 |         1 |   4,199,056.0 |   4,199,056.0 |   4,199,056 |   4,199,056 |         0.0 | PushPop | :decode_step271_tokens4    |
|      0.1 |       4,198,096 |         1 |   4,198,096.0 |   4,198,096.0 |   4,198,096 |   4,198,096 |         0.0 | PushPop | :decode_step699_tokens4    |
|      0.1 |       4,196,416 |         1 |   4,196,416.0 |   4,196,416.0 |   4,196,416 |   4,196,416 |         0.0 | PushPop | :decode_step207_tokens4    |
|      0.1 |       4,191,984 |         1 |   4,191,984.0 |   4,191,984.0 |   4,191,984 |   4,191,984 |         0.0 | PushPop | :decode_step237_tokens4    |
|      0.1 |       4,185,920 |         1 |   4,185,920.0 |   4,185,920.0 |   4,185,920 |   4,185,920 |         0.0 | PushPop | :decode_step385_tokens4    |
|      0.1 |       4,185,536 |         1 |   4,185,536.0 |   4,185,536.0 |   4,185,536 |   4,185,536 |         0.0 | PushPop | :decode_step468_tokens4    |
|      0.1 |       4,184,656 |         1 |   4,184,656.0 |   4,184,656.0 |   4,184,656 |   4,184,656 |         0.0 | PushPop | :decode_step315_tokens4    |
|      0.1 |       4,184,320 |         1 |   4,184,320.0 |   4,184,320.0 |   4,184,320 |   4,184,320 |         0.0 | PushPop | :decode_step501_tokens4    |
|      0.1 |       4,184,208 |         1 |   4,184,208.0 |   4,184,208.0 |   4,184,208 |   4,184,208 |         0.0 | PushPop | :decode_step711_tokens4    |
|      0.1 |       4,181,200 |         1 |   4,181,200.0 |   4,181,200.0 |   4,181,200 |   4,181,200 |         0.0 | PushPop | :decode_step347_tokens4    |
|      0.1 |       4,178,160 |         1 |   4,178,160.0 |   4,178,160.0 |   4,178,160 |   4,178,160 |         0.0 | PushPop | :decode_step737_tokens4    |
|      0.1 |       4,178,144 |         1 |   4,178,144.0 |   4,178,144.0 |   4,178,144 |   4,178,144 |         0.0 | PushPop | :decode_step408_tokens4    |
|      0.1 |       4,175,264 |         1 |   4,175,264.0 |   4,175,264.0 |   4,175,264 |   4,175,264 |         0.0 | PushPop | :decode_step423_tokens4    |
|      0.1 |       4,171,568 |         1 |   4,171,568.0 |   4,171,568.0 |   4,171,568 |   4,171,568 |         0.0 | PushPop | :decode_step859_tokens4    |
|      0.1 |       4,171,328 |         1 |   4,171,328.0 |   4,171,328.0 |   4,171,328 |   4,171,328 |         0.0 | PushPop | :decode_step617_tokens4    |
|      0.1 |       4,170,368 |         1 |   4,170,368.0 |   4,170,368.0 |   4,170,368 |   4,170,368 |         0.0 | PushPop | :decode_step727_tokens4    |
|      0.1 |       4,170,304 |         1 |   4,170,304.0 |   4,170,304.0 |   4,170,304 |   4,170,304 |         0.0 | PushPop | :decode_step871_tokens4    |
|      0.1 |       4,170,272 |         1 |   4,170,272.0 |   4,170,272.0 |   4,170,272 |   4,170,272 |         0.0 | PushPop | :decode_step701_tokens4    |
|      0.1 |       4,166,320 |         1 |   4,166,320.0 |   4,166,320.0 |   4,166,320 |   4,166,320 |         0.0 | PushPop | :decode_step486_tokens4    |
|      0.1 |       4,164,432 |         1 |   4,164,432.0 |   4,164,432.0 |   4,164,432 |   4,164,432 |         0.0 | PushPop | :decode_step583_tokens4    |
|      0.1 |       4,161,744 |         1 |   4,161,744.0 |   4,161,744.0 |   4,161,744 |   4,161,744 |         0.0 | PushPop | :decode_step581_tokens4    |
|      0.1 |       4,158,128 |         1 |   4,158,128.0 |   4,158,128.0 |   4,158,128 |   4,158,128 |         0.0 | PushPop | :decode_step584_tokens4    |
|      0.1 |       4,152,192 |         1 |   4,152,192.0 |   4,152,192.0 |   4,152,192 |   4,152,192 |         0.0 | PushPop | :decode_step884_tokens4    |
|      0.1 |       4,151,360 |         1 |   4,151,360.0 |   4,151,360.0 |   4,151,360 |   4,151,360 |         0.0 | PushPop | :decode_step761_tokens4    |
|      0.1 |       4,150,720 |         1 |   4,150,720.0 |   4,150,720.0 |   4,150,720 |   4,150,720 |         0.0 | PushPop | :decode_step516_tokens4    |
|      0.1 |       4,149,776 |         1 |   4,149,776.0 |   4,149,776.0 |   4,149,776 |   4,149,776 |         0.0 | PushPop | :decode_step179_tokens4    |
|      0.1 |       4,149,632 |         1 |   4,149,632.0 |   4,149,632.0 |   4,149,632 |   4,149,632 |         0.0 | PushPop | :decode_step210_tokens4    |
|      0.1 |       4,149,248 |         1 |   4,149,248.0 |   4,149,248.0 |   4,149,248 |   4,149,248 |         0.0 | PushPop | :decode_step744_tokens4    |
|      0.1 |       4,148,864 |         1 |   4,148,864.0 |   4,148,864.0 |   4,148,864 |   4,148,864 |         0.0 | PushPop | :decode_step427_tokens4    |
|      0.1 |       4,148,544 |         1 |   4,148,544.0 |   4,148,544.0 |   4,148,544 |   4,148,544 |         0.0 | PushPop | :decode_step1027_tokens4   |
|      0.1 |       4,147,328 |         1 |   4,147,328.0 |   4,147,328.0 |   4,147,328 |   4,147,328 |         0.0 | PushPop | :decode_step234_tokens4    |
|      0.1 |       4,147,264 |         1 |   4,147,264.0 |   4,147,264.0 |   4,147,264 |   4,147,264 |         0.0 | PushPop | :decode_step911_tokens4    |
|      0.1 |       4,146,016 |         1 |   4,146,016.0 |   4,146,016.0 |   4,146,016 |   4,146,016 |         0.0 | PushPop | :decode_step903_tokens4    |
|      0.1 |       4,145,392 |         1 |   4,145,392.0 |   4,145,392.0 |   4,145,392 |   4,145,392 |         0.0 | PushPop | :decode_step983_tokens4    |
|      0.1 |       4,142,176 |         1 |   4,142,176.0 |   4,142,176.0 |   4,142,176 |   4,142,176 |         0.0 | PushPop | :decode_step797_tokens4    |
|      0.1 |       4,141,584 |         1 |   4,141,584.0 |   4,141,584.0 |   4,141,584 |   4,141,584 |         0.0 | PushPop | :decode_step424_tokens4    |
|      0.1 |       4,140,528 |         1 |   4,140,528.0 |   4,140,528.0 |   4,140,528 |   4,140,528 |         0.0 | PushPop | :decode_step621_tokens4    |
|      0.1 |       4,136,448 |         1 |   4,136,448.0 |   4,136,448.0 |   4,136,448 |   4,136,448 |         0.0 | PushPop | :decode_step705_tokens4    |
|      0.1 |       4,136,208 |         1 |   4,136,208.0 |   4,136,208.0 |   4,136,208 |   4,136,208 |         0.0 | PushPop | :decode_step431_tokens4    |
|      0.1 |       4,134,944 |         1 |   4,134,944.0 |   4,134,944.0 |   4,134,944 |   4,134,944 |         0.0 | PushPop | :decode_step588_tokens4    |
|      0.1 |       4,128,976 |         1 |   4,128,976.0 |   4,128,976.0 |   4,128,976 |   4,128,976 |         0.0 | PushPop | :decode_step676_tokens4    |
|      0.1 |       4,125,952 |         1 |   4,125,952.0 |   4,125,952.0 |   4,125,952 |   4,125,952 |         0.0 | PushPop | :decode_step389_tokens4    |
|      0.1 |       4,125,360 |         1 |   4,125,360.0 |   4,125,360.0 |   4,125,360 |   4,125,360 |         0.0 | PushPop | :decode_step653_tokens4    |
|      0.1 |       4,125,216 |         1 |   4,125,216.0 |   4,125,216.0 |   4,125,216 |   4,125,216 |         0.0 | PushPop | :decode_step376_tokens4    |
|      0.1 |       4,124,528 |         1 |   4,124,528.0 |   4,124,528.0 |   4,124,528 |   4,124,528 |         0.0 | PushPop | :decode_step798_tokens4    |
|      0.1 |       4,124,048 |         1 |   4,124,048.0 |   4,124,048.0 |   4,124,048 |   4,124,048 |         0.0 | PushPop | :decode_step612_tokens4    |
|      0.1 |       4,123,264 |         1 |   4,123,264.0 |   4,123,264.0 |   4,123,264 |   4,123,264 |         0.0 | PushPop | :decode_step217_tokens4    |
|      0.1 |       4,121,520 |         1 |   4,121,520.0 |   4,121,520.0 |   4,121,520 |   4,121,520 |         0.0 | PushPop | :decode_step161_tokens4    |
|      0.1 |       4,121,472 |         1 |   4,121,472.0 |   4,121,472.0 |   4,121,472 |   4,121,472 |         0.0 | PushPop | :decode_step724_tokens4    |
|      0.1 |       4,120,912 |         1 |   4,120,912.0 |   4,120,912.0 |   4,120,912 |   4,120,912 |         0.0 | PushPop | :decode_step357_tokens4    |
|      0.1 |       4,120,000 |         1 |   4,120,000.0 |   4,120,000.0 |   4,120,000 |   4,120,000 |         0.0 | PushPop | :decode_step1007_tokens4   |
|      0.1 |       4,119,504 |         1 |   4,119,504.0 |   4,119,504.0 |   4,119,504 |   4,119,504 |         0.0 | PushPop | :decode_step409_tokens4    |
|      0.1 |       4,117,968 |         1 |   4,117,968.0 |   4,117,968.0 |   4,117,968 |   4,117,968 |         0.0 | PushPop | :decode_step240_tokens4    |
|      0.1 |       4,116,048 |         1 |   4,116,048.0 |   4,116,048.0 |   4,116,048 |   4,116,048 |         0.0 | PushPop | :decode_step1026_tokens4   |
|      0.1 |       4,115,296 |         1 |   4,115,296.0 |   4,115,296.0 |   4,115,296 |   4,115,296 |         0.0 | PushPop | :decode_step537_tokens4    |
|      0.1 |       4,113,584 |         1 |   4,113,584.0 |   4,113,584.0 |   4,113,584 |   4,113,584 |         0.0 | PushPop | :decode_step730_tokens4    |
|      0.1 |       4,109,856 |         1 |   4,109,856.0 |   4,109,856.0 |   4,109,856 |   4,109,856 |         0.0 | PushPop | :decode_step334_tokens4    |
|      0.1 |       4,106,592 |         1 |   4,106,592.0 |   4,106,592.0 |   4,106,592 |   4,106,592 |         0.0 | PushPop | :decode_step478_tokens4    |
|      0.1 |       4,105,120 |         1 |   4,105,120.0 |   4,105,120.0 |   4,105,120 |   4,105,120 |         0.0 | PushPop | :decode_step693_tokens4    |
|      0.1 |       4,104,224 |         1 |   4,104,224.0 |   4,104,224.0 |   4,104,224 |   4,104,224 |         0.0 | PushPop | :decode_step189_tokens4    |
|      0.1 |       4,102,608 |         1 |   4,102,608.0 |   4,102,608.0 |   4,102,608 |   4,102,608 |         0.0 | PushPop | :decode_step313_tokens4    |
|      0.1 |       4,102,320 |         1 |   4,102,320.0 |   4,102,320.0 |   4,102,320 |   4,102,320 |         0.0 | PushPop | :decode_step893_tokens4    |
|      0.1 |       4,099,104 |         1 |   4,099,104.0 |   4,099,104.0 |   4,099,104 |   4,099,104 |         0.0 | PushPop | :decode_step842_tokens4    |
|      0.1 |       4,098,512 |         1 |   4,098,512.0 |   4,098,512.0 |   4,098,512 |   4,098,512 |         0.0 | PushPop | :decode_step402_tokens4    |
|      0.1 |       4,097,376 |         1 |   4,097,376.0 |   4,097,376.0 |   4,097,376 |   4,097,376 |         0.0 | PushPop | :decode_step751_tokens4    |
|      0.1 |       4,096,800 |         1 |   4,096,800.0 |   4,096,800.0 |   4,096,800 |   4,096,800 |         0.0 | PushPop | :decode_step159_tokens4    |
|      0.1 |       4,095,104 |         1 |   4,095,104.0 |   4,095,104.0 |   4,095,104 |   4,095,104 |         0.0 | PushPop | :decode_step875_tokens4    |
|      0.1 |       4,094,432 |         1 |   4,094,432.0 |   4,094,432.0 |   4,094,432 |   4,094,432 |         0.0 | PushPop | :decode_step356_tokens4    |
|      0.1 |       4,092,560 |         1 |   4,092,560.0 |   4,092,560.0 |   4,092,560 |   4,092,560 |         0.0 | PushPop | :decode_step488_tokens4    |
|      0.1 |       4,091,376 |         1 |   4,091,376.0 |   4,091,376.0 |   4,091,376 |   4,091,376 |         0.0 | PushPop | :decode_step765_tokens4    |
|      0.1 |       4,091,120 |         1 |   4,091,120.0 |   4,091,120.0 |   4,091,120 |   4,091,120 |         0.0 | PushPop | :decode_step277_tokens4    |
|      0.1 |       4,090,736 |         1 |   4,090,736.0 |   4,090,736.0 |   4,090,736 |   4,090,736 |         0.0 | PushPop | :decode_step764_tokens4    |
|      0.1 |       4,089,328 |         1 |   4,089,328.0 |   4,089,328.0 |   4,089,328 |   4,089,328 |         0.0 | PushPop | :decode_step759_tokens4    |
|      0.1 |       4,089,056 |         1 |   4,089,056.0 |   4,089,056.0 |   4,089,056 |   4,089,056 |         0.0 | PushPop | :decode_step739_tokens4    |
|      0.1 |       4,082,368 |         1 |   4,082,368.0 |   4,082,368.0 |   4,082,368 |   4,082,368 |         0.0 | PushPop | :decode_step274_tokens4    |
|      0.1 |       4,081,840 |         1 |   4,081,840.0 |   4,081,840.0 |   4,081,840 |   4,081,840 |         0.0 | PushPop | :decode_step524_tokens4    |
|      0.1 |       4,079,760 |         1 |   4,079,760.0 |   4,079,760.0 |   4,079,760 |   4,079,760 |         0.0 | PushPop | :decode_step327_tokens4    |
|      0.1 |       4,078,288 |         1 |   4,078,288.0 |   4,078,288.0 |   4,078,288 |   4,078,288 |         0.0 | PushPop | :decode_step960_tokens4    |
|      0.1 |       4,078,016 |         1 |   4,078,016.0 |   4,078,016.0 |   4,078,016 |   4,078,016 |         0.0 | PushPop | :decode_step211_tokens4    |
|      0.1 |       4,077,712 |         1 |   4,077,712.0 |   4,077,712.0 |   4,077,712 |   4,077,712 |         0.0 | PushPop | :decode_step777_tokens4    |
|      0.1 |       4,077,696 |         1 |   4,077,696.0 |   4,077,696.0 |   4,077,696 |   4,077,696 |         0.0 | PushPop | :decode_step852_tokens4    |
|      0.1 |       4,075,568 |         1 |   4,075,568.0 |   4,075,568.0 |   4,075,568 |   4,075,568 |         0.0 | PushPop | :decode_step394_tokens4    |
|      0.1 |       4,073,584 |         1 |   4,073,584.0 |   4,073,584.0 |   4,073,584 |   4,073,584 |         0.0 | PushPop | :decode_step367_tokens4    |
|      0.1 |       4,072,400 |         1 |   4,072,400.0 |   4,072,400.0 |   4,072,400 |   4,072,400 |         0.0 | PushPop | :decode_step840_tokens4    |
|      0.1 |       4,071,184 |         1 |   4,071,184.0 |   4,071,184.0 |   4,071,184 |   4,071,184 |         0.0 | PushPop | :decode_step247_tokens4    |
|      0.1 |       4,070,080 |         1 |   4,070,080.0 |   4,070,080.0 |   4,070,080 |   4,070,080 |         0.0 | PushPop | :decode_step236_tokens4    |
|      0.1 |       4,069,184 |         1 |   4,069,184.0 |   4,069,184.0 |   4,069,184 |   4,069,184 |         0.0 | PushPop | :decode_step628_tokens4    |
|      0.1 |       4,068,880 |         1 |   4,068,880.0 |   4,068,880.0 |   4,068,880 |   4,068,880 |         0.0 | PushPop | :decode_step422_tokens4    |
|      0.1 |       4,066,528 |         1 |   4,066,528.0 |   4,066,528.0 |   4,066,528 |   4,066,528 |         0.0 | PushPop | :decode_step311_tokens4    |
|      0.1 |       4,066,480 |         1 |   4,066,480.0 |   4,066,480.0 |   4,066,480 |   4,066,480 |         0.0 | PushPop | :decode_step518_tokens4    |
|      0.1 |       4,066,464 |         1 |   4,066,464.0 |   4,066,464.0 |   4,066,464 |   4,066,464 |         0.0 | PushPop | :decode_step611_tokens4    |
|      0.1 |       4,063,840 |         1 |   4,063,840.0 |   4,063,840.0 |   4,063,840 |   4,063,840 |         0.0 | PushPop | :decode_step657_tokens4    |
|      0.1 |       4,061,888 |         1 |   4,061,888.0 |   4,061,888.0 |   4,061,888 |   4,061,888 |         0.0 | PushPop | :decode_step160_tokens4    |
|      0.1 |       4,061,824 |         1 |   4,061,824.0 |   4,061,824.0 |   4,061,824 |   4,061,824 |         0.0 | PushPop | :decode_step860_tokens4    |
|      0.1 |       4,061,680 |         1 |   4,061,680.0 |   4,061,680.0 |   4,061,680 |   4,061,680 |         0.0 | PushPop | :decode_step879_tokens4    |
|      0.1 |       4,059,264 |         1 |   4,059,264.0 |   4,059,264.0 |   4,059,264 |   4,059,264 |         0.0 | PushPop | :decode_step802_tokens4    |
|      0.1 |       4,056,080 |         1 |   4,056,080.0 |   4,056,080.0 |   4,056,080 |   4,056,080 |         0.0 | PushPop | :decode_step555_tokens4    |
|      0.1 |       4,055,280 |         1 |   4,055,280.0 |   4,055,280.0 |   4,055,280 |   4,055,280 |         0.0 | PushPop | :decode_step967_tokens4    |
|      0.1 |       4,049,392 |         1 |   4,049,392.0 |   4,049,392.0 |   4,049,392 |   4,049,392 |         0.0 | PushPop | :decode_step512_tokens4    |
|      0.1 |       4,049,264 |         1 |   4,049,264.0 |   4,049,264.0 |   4,049,264 |   4,049,264 |         0.0 | PushPop | :decode_step692_tokens4    |
|      0.1 |       4,049,072 |         1 |   4,049,072.0 |   4,049,072.0 |   4,049,072 |   4,049,072 |         0.0 | PushPop | :decode_step365_tokens4    |
|      0.1 |       4,049,008 |         1 |   4,049,008.0 |   4,049,008.0 |   4,049,008 |   4,049,008 |         0.0 | PushPop | :decode_step582_tokens4    |
|      0.1 |       4,048,496 |         1 |   4,048,496.0 |   4,048,496.0 |   4,048,496 |   4,048,496 |         0.0 | PushPop | :decode_step878_tokens4    |
|      0.1 |       4,047,584 |         1 |   4,047,584.0 |   4,047,584.0 |   4,047,584 |   4,047,584 |         0.0 | PushPop | :decode_step768_tokens4    |
|      0.1 |       4,046,128 |         1 |   4,046,128.0 |   4,046,128.0 |   4,046,128 |   4,046,128 |         0.0 | PushPop | :decode_step774_tokens4    |
|      0.1 |       4,044,048 |         1 |   4,044,048.0 |   4,044,048.0 |   4,044,048 |   4,044,048 |         0.0 | PushPop | :decode_step778_tokens4    |
|      0.1 |       4,041,488 |         1 |   4,041,488.0 |   4,041,488.0 |   4,041,488 |   4,041,488 |         0.0 | PushPop | :decode_step476_tokens4    |
|      0.1 |       4,039,408 |         1 |   4,039,408.0 |   4,039,408.0 |   4,039,408 |   4,039,408 |         0.0 | PushPop | :decode_step655_tokens4    |
|      0.1 |       4,038,240 |         1 |   4,038,240.0 |   4,038,240.0 |   4,038,240 |   4,038,240 |         0.0 | PushPop | :decode_step664_tokens4    |
|      0.1 |       4,036,992 |         1 |   4,036,992.0 |   4,036,992.0 |   4,036,992 |   4,036,992 |         0.0 | PushPop | :decode_step549_tokens4    |
|      0.1 |       4,034,992 |         1 |   4,034,992.0 |   4,034,992.0 |   4,034,992 |   4,034,992 |         0.0 | PushPop | :decode_step996_tokens4    |
|      0.1 |       4,034,768 |         1 |   4,034,768.0 |   4,034,768.0 |   4,034,768 |   4,034,768 |         0.0 | PushPop | :decode_step1029_tokens4   |
|      0.1 |       4,032,256 |         1 |   4,032,256.0 |   4,032,256.0 |   4,032,256 |   4,032,256 |         0.0 | PushPop | :decode_step163_tokens4    |
|      0.1 |       4,031,312 |         1 |   4,031,312.0 |   4,031,312.0 |   4,031,312 |   4,031,312 |         0.0 | PushPop | :decode_step954_tokens4    |
|      0.1 |       4,030,256 |         1 |   4,030,256.0 |   4,030,256.0 |   4,030,256 |   4,030,256 |         0.0 | PushPop | :decode_step176_tokens4    |
|      0.1 |       4,029,648 |         1 |   4,029,648.0 |   4,029,648.0 |   4,029,648 |   4,029,648 |         0.0 | PushPop | :decode_step489_tokens4    |
|      0.1 |       4,029,392 |         1 |   4,029,392.0 |   4,029,392.0 |   4,029,392 |   4,029,392 |         0.0 | PushPop | :decode_step843_tokens4    |
|      0.1 |       4,028,640 |         1 |   4,028,640.0 |   4,028,640.0 |   4,028,640 |   4,028,640 |         0.0 | PushPop | :decode_step958_tokens4    |
|      0.1 |       4,027,152 |         1 |   4,027,152.0 |   4,027,152.0 |   4,027,152 |   4,027,152 |         0.0 | PushPop | :decode_step1021_tokens4   |
|      0.1 |       4,026,336 |         1 |   4,026,336.0 |   4,026,336.0 |   4,026,336 |   4,026,336 |         0.0 | PushPop | :decode_step1022_tokens4   |
|      0.1 |       4,025,952 |         1 |   4,025,952.0 |   4,025,952.0 |   4,025,952 |   4,025,952 |         0.0 | PushPop | :decode_step526_tokens4    |
|      0.1 |       4,025,664 |         1 |   4,025,664.0 |   4,025,664.0 |   4,025,664 |   4,025,664 |         0.0 | PushPop | :decode_step177_tokens4    |
|      0.1 |       4,025,584 |         1 |   4,025,584.0 |   4,025,584.0 |   4,025,584 |   4,025,584 |         0.0 | PushPop | :decode_step998_tokens4    |
|      0.1 |       4,020,944 |         1 |   4,020,944.0 |   4,020,944.0 |   4,020,944 |   4,020,944 |         0.0 | PushPop | :decode_step734_tokens4    |
|      0.1 |       4,020,096 |         1 |   4,020,096.0 |   4,020,096.0 |   4,020,096 |   4,020,096 |         0.0 | PushPop | :decode_step249_tokens4    |
|      0.1 |       4,018,640 |         1 |   4,018,640.0 |   4,018,640.0 |   4,018,640 |   4,018,640 |         0.0 | PushPop | :decode_step805_tokens4    |
|      0.1 |       4,018,272 |         1 |   4,018,272.0 |   4,018,272.0 |   4,018,272 |   4,018,272 |         0.0 | PushPop | :decode_step801_tokens4    |
|      0.1 |       4,015,088 |         1 |   4,015,088.0 |   4,015,088.0 |   4,015,088 |   4,015,088 |         0.0 | PushPop | :decode_step169_tokens4    |
|      0.1 |       4,011,424 |         1 |   4,011,424.0 |   4,011,424.0 |   4,011,424 |   4,011,424 |         0.0 | PushPop | :decode_step400_tokens4    |
|      0.1 |       4,010,256 |         1 |   4,010,256.0 |   4,010,256.0 |   4,010,256 |   4,010,256 |         0.0 | PushPop | :decode_step1014_tokens4   |
|      0.1 |       4,003,888 |         1 |   4,003,888.0 |   4,003,888.0 |   4,003,888 |   4,003,888 |         0.0 | PushPop | :decode_step663_tokens4    |
|      0.1 |       3,997,840 |         1 |   3,997,840.0 |   3,997,840.0 |   3,997,840 |   3,997,840 |         0.0 | PushPop | :decode_step257_tokens4    |
|      0.1 |       3,997,760 |         1 |   3,997,760.0 |   3,997,760.0 |   3,997,760 |   3,997,760 |         0.0 | PushPop | :decode_step999_tokens4    |
|      0.1 |       3,995,840 |         1 |   3,995,840.0 |   3,995,840.0 |   3,995,840 |   3,995,840 |         0.0 | PushPop | :decode_step760_tokens4    |
|      0.1 |       3,991,872 |         1 |   3,991,872.0 |   3,991,872.0 |   3,991,872 |   3,991,872 |         0.0 | PushPop | :decode_step691_tokens4    |
|      0.1 |       3,990,240 |         1 |   3,990,240.0 |   3,990,240.0 |   3,990,240 |   3,990,240 |         0.0 | PushPop | :decode_step824_tokens4    |
|      0.1 |       3,989,264 |         1 |   3,989,264.0 |   3,989,264.0 |   3,989,264 |   3,989,264 |         0.0 | PushPop | :decode_step220_tokens4    |
|      0.1 |       3,988,960 |         1 |   3,988,960.0 |   3,988,960.0 |   3,988,960 |   3,988,960 |         0.0 | PushPop | :decode_step865_tokens4    |
|      0.1 |       3,988,592 |         1 |   3,988,592.0 |   3,988,592.0 |   3,988,592 |   3,988,592 |         0.0 | PushPop | :decode_step1034_tokens4   |
|      0.1 |       3,986,624 |         1 |   3,986,624.0 |   3,986,624.0 |   3,986,624 |   3,986,624 |         0.0 | PushPop | :decode_step451_tokens4    |
|      0.1 |       3,983,968 |         1 |   3,983,968.0 |   3,983,968.0 |   3,983,968 |   3,983,968 |         0.0 | PushPop | :decode_step292_tokens4    |
|      0.1 |       3,980,272 |         1 |   3,980,272.0 |   3,980,272.0 |   3,980,272 |   3,980,272 |         0.0 | PushPop | :decode_step735_tokens4    |
|      0.1 |       3,975,072 |         1 |   3,975,072.0 |   3,975,072.0 |   3,975,072 |   3,975,072 |         0.0 | PushPop | :decode_step387_tokens4    |
|      0.1 |       3,973,472 |         1 |   3,973,472.0 |   3,973,472.0 |   3,973,472 |   3,973,472 |         0.0 | PushPop | :decode_step1020_tokens4   |
|      0.1 |       3,968,464 |         1 |   3,968,464.0 |   3,968,464.0 |   3,968,464 |   3,968,464 |         0.0 | PushPop | :decode_step439_tokens4    |
|      0.1 |       3,968,336 |         1 |   3,968,336.0 |   3,968,336.0 |   3,968,336 |   3,968,336 |         0.0 | PushPop | :decode_step970_tokens4    |
|      0.1 |       3,967,568 |         1 |   3,967,568.0 |   3,967,568.0 |   3,967,568 |   3,967,568 |         0.0 | PushPop | :decode_step595_tokens4    |
|      0.1 |       3,967,488 |         1 |   3,967,488.0 |   3,967,488.0 |   3,967,488 |   3,967,488 |         0.0 | PushPop | :decode_step238_tokens4    |
|      0.1 |       3,966,848 |         1 |   3,966,848.0 |   3,966,848.0 |   3,966,848 |   3,966,848 |         0.0 | PushPop | :decode_step183_tokens4    |
|      0.1 |       3,966,032 |         1 |   3,966,032.0 |   3,966,032.0 |   3,966,032 |   3,966,032 |         0.0 | PushPop | :decode_step390_tokens4    |
|      0.1 |       3,965,424 |         1 |   3,965,424.0 |   3,965,424.0 |   3,965,424 |   3,965,424 |         0.0 | PushPop | :decode_step725_tokens4    |
|      0.1 |       3,965,248 |         1 |   3,965,248.0 |   3,965,248.0 |   3,965,248 |   3,965,248 |         0.0 | PushPop | :decode_step273_tokens4    |
|      0.1 |       3,963,424 |         1 |   3,963,424.0 |   3,963,424.0 |   3,963,424 |   3,963,424 |         0.0 | PushPop | :decode_step369_tokens4    |
|      0.1 |       3,961,136 |         1 |   3,961,136.0 |   3,961,136.0 |   3,961,136 |   3,961,136 |         0.0 | PushPop | :decode_step782_tokens4    |
|      0.1 |       3,960,352 |         1 |   3,960,352.0 |   3,960,352.0 |   3,960,352 |   3,960,352 |         0.0 | PushPop | :decode_step208_tokens4    |
|      0.1 |       3,960,080 |         1 |   3,960,080.0 |   3,960,080.0 |   3,960,080 |   3,960,080 |         0.0 | PushPop | :decode_step162_tokens4    |
|      0.1 |       3,959,472 |         1 |   3,959,472.0 |   3,959,472.0 |   3,959,472 |   3,959,472 |         0.0 | PushPop | :decode_step1033_tokens4   |
|      0.1 |       3,957,824 |         1 |   3,957,824.0 |   3,957,824.0 |   3,957,824 |   3,957,824 |         0.0 | PushPop | :decode_step434_tokens4    |
|      0.1 |       3,957,328 |         1 |   3,957,328.0 |   3,957,328.0 |   3,957,328 |   3,957,328 |         0.0 | PushPop | :decode_step610_tokens4    |
|      0.1 |       3,956,192 |         1 |   3,956,192.0 |   3,956,192.0 |   3,956,192 |   3,956,192 |         0.0 | PushPop | :decode_step557_tokens4    |
|      0.1 |       3,955,872 |         1 |   3,955,872.0 |   3,955,872.0 |   3,955,872 |   3,955,872 |         0.0 | PushPop | :decode_step613_tokens4    |
|      0.1 |       3,955,664 |         1 |   3,955,664.0 |   3,955,664.0 |   3,955,664 |   3,955,664 |         0.0 | PushPop | :decode_step378_tokens4    |
|      0.1 |       3,955,616 |         1 |   3,955,616.0 |   3,955,616.0 |   3,955,616 |   3,955,616 |         0.0 | PushPop | :decode_step320_tokens4    |
|      0.1 |       3,954,720 |         1 |   3,954,720.0 |   3,954,720.0 |   3,954,720 |   3,954,720 |         0.0 | PushPop | :decode_step887_tokens4    |
|      0.1 |       3,954,448 |         1 |   3,954,448.0 |   3,954,448.0 |   3,954,448 |   3,954,448 |         0.0 | PushPop | :decode_step300_tokens4    |
|      0.1 |       3,953,728 |         1 |   3,953,728.0 |   3,953,728.0 |   3,953,728 |   3,953,728 |         0.0 | PushPop | :decode_step638_tokens4    |
|      0.1 |       3,949,152 |         1 |   3,949,152.0 |   3,949,152.0 |   3,949,152 |   3,949,152 |         0.0 | PushPop | :decode_step619_tokens4    |
|      0.1 |       3,944,480 |         1 |   3,944,480.0 |   3,944,480.0 |   3,944,480 |   3,944,480 |         0.0 | PushPop | :decode_step519_tokens4    |
|      0.1 |       3,944,288 |         1 |   3,944,288.0 |   3,944,288.0 |   3,944,288 |   3,944,288 |         0.0 | PushPop | :decode_step262_tokens4    |
|      0.1 |       3,943,584 |         1 |   3,943,584.0 |   3,943,584.0 |   3,943,584 |   3,943,584 |         0.0 | PushPop | :decode_step769_tokens4    |
|      0.1 |       3,943,536 |         1 |   3,943,536.0 |   3,943,536.0 |   3,943,536 |   3,943,536 |         0.0 | PushPop | :decode_step616_tokens4    |
|      0.1 |       3,942,736 |         1 |   3,942,736.0 |   3,942,736.0 |   3,942,736 |   3,942,736 |         0.0 | PushPop | :decode_step351_tokens4    |
|      0.1 |       3,942,320 |         1 |   3,942,320.0 |   3,942,320.0 |   3,942,320 |   3,942,320 |         0.0 | PushPop | :decode_step506_tokens4    |
|      0.1 |       3,940,928 |         1 |   3,940,928.0 |   3,940,928.0 |   3,940,928 |   3,940,928 |         0.0 | PushPop | :decode_step885_tokens4    |
|      0.1 |       3,939,120 |         1 |   3,939,120.0 |   3,939,120.0 |   3,939,120 |   3,939,120 |         0.0 | PushPop | :decode_step366_tokens4    |
|      0.1 |       3,938,624 |         1 |   3,938,624.0 |   3,938,624.0 |   3,938,624 |   3,938,624 |         0.0 | PushPop | :decode_step601_tokens4    |
|      0.1 |       3,938,416 |         1 |   3,938,416.0 |   3,938,416.0 |   3,938,416 |   3,938,416 |         0.0 | PushPop | :decode_step614_tokens4    |
|      0.1 |       3,938,240 |         1 |   3,938,240.0 |   3,938,240.0 |   3,938,240 |   3,938,240 |         0.0 | PushPop | :decode_step961_tokens4    |
|      0.1 |       3,938,032 |         1 |   3,938,032.0 |   3,938,032.0 |   3,938,032 |   3,938,032 |         0.0 | PushPop | :decode_step723_tokens4    |
|      0.1 |       3,937,664 |         1 |   3,937,664.0 |   3,937,664.0 |   3,937,664 |   3,937,664 |         0.0 | PushPop | :decode_step250_tokens4    |
|      0.1 |       3,936,368 |         1 |   3,936,368.0 |   3,936,368.0 |   3,936,368 |   3,936,368 |         0.0 | PushPop | :decode_step752_tokens4    |
|      0.1 |       3,936,160 |         1 |   3,936,160.0 |   3,936,160.0 |   3,936,160 |   3,936,160 |         0.0 | PushPop | :decode_step714_tokens4    |
|      0.1 |       3,936,048 |         1 |   3,936,048.0 |   3,936,048.0 |   3,936,048 |   3,936,048 |         0.0 | PushPop | :decode_step440_tokens4    |
|      0.1 |       3,935,824 |         1 |   3,935,824.0 |   3,935,824.0 |   3,935,824 |   3,935,824 |         0.0 | PushPop | :decode_step330_tokens4    |
|      0.1 |       3,935,440 |         1 |   3,935,440.0 |   3,935,440.0 |   3,935,440 |   3,935,440 |         0.0 | PushPop | :decode_step430_tokens4    |
|      0.1 |       3,933,264 |         1 |   3,933,264.0 |   3,933,264.0 |   3,933,264 |   3,933,264 |         0.0 | PushPop | :decode_step284_tokens4    |
|      0.1 |       3,929,632 |         1 |   3,929,632.0 |   3,929,632.0 |   3,929,632 |   3,929,632 |         0.0 | PushPop | :decode_step747_tokens4    |
|      0.1 |       3,928,080 |         1 |   3,928,080.0 |   3,928,080.0 |   3,928,080 |   3,928,080 |         0.0 | PushPop | :decode_step553_tokens4    |
|      0.1 |       3,926,528 |         1 |   3,926,528.0 |   3,926,528.0 |   3,926,528 |   3,926,528 |         0.0 | PushPop | :decode_step590_tokens4    |
|      0.1 |       3,925,248 |         1 |   3,925,248.0 |   3,925,248.0 |   3,925,248 |   3,925,248 |         0.0 | PushPop | :decode_step482_tokens4    |
|      0.1 |       3,922,976 |         1 |   3,922,976.0 |   3,922,976.0 |   3,922,976 |   3,922,976 |         0.0 | PushPop | :decode_step779_tokens4    |
|      0.1 |       3,922,944 |         1 |   3,922,944.0 |   3,922,944.0 |   3,922,944 |   3,922,944 |         0.0 | PushPop | :decode_step890_tokens4    |
|      0.1 |       3,922,240 |         1 |   3,922,240.0 |   3,922,240.0 |   3,922,240 |   3,922,240 |         0.0 | PushPop | :decode_step371_tokens4    |
|      0.1 |       3,922,128 |         1 |   3,922,128.0 |   3,922,128.0 |   3,922,128 |   3,922,128 |         0.0 | PushPop | :decode_step857_tokens4    |
|      0.1 |       3,921,056 |         1 |   3,921,056.0 |   3,921,056.0 |   3,921,056 |   3,921,056 |         0.0 | PushPop | :decode_step213_tokens4    |
|      0.1 |       3,920,432 |         1 |   3,920,432.0 |   3,920,432.0 |   3,920,432 |   3,920,432 |         0.0 | PushPop | :decode_step969_tokens4    |
|      0.1 |       3,920,368 |         1 |   3,920,368.0 |   3,920,368.0 |   3,920,368 |   3,920,368 |         0.0 | PushPop | :decode_step258_tokens4    |
|      0.1 |       3,919,488 |         1 |   3,919,488.0 |   3,919,488.0 |   3,919,488 |   3,919,488 |         0.0 | PushPop | :decode_step312_tokens4    |
|      0.1 |       3,915,808 |         1 |   3,915,808.0 |   3,915,808.0 |   3,915,808 |   3,915,808 |         0.0 | PushPop | :decode_step748_tokens4    |
|      0.1 |       3,915,664 |         1 |   3,915,664.0 |   3,915,664.0 |   3,915,664 |   3,915,664 |         0.0 | PushPop | :decode_step525_tokens4    |
|      0.1 |       3,913,072 |         1 |   3,913,072.0 |   3,913,072.0 |   3,913,072 |   3,913,072 |         0.0 | PushPop | :decode_step558_tokens4    |
|      0.1 |       3,913,072 |         1 |   3,913,072.0 |   3,913,072.0 |   3,913,072 |   3,913,072 |         0.0 | PushPop | :decode_step661_tokens4    |
|      0.1 |       3,912,912 |         1 |   3,912,912.0 |   3,912,912.0 |   3,912,912 |   3,912,912 |         0.0 | PushPop | :decode_step968_tokens4    |
|      0.1 |       3,912,896 |         1 |   3,912,896.0 |   3,912,896.0 |   3,912,896 |   3,912,896 |         0.0 | PushPop | :decode_step845_tokens4    |
|      0.1 |       3,912,320 |         1 |   3,912,320.0 |   3,912,320.0 |   3,912,320 |   3,912,320 |         0.0 | PushPop | :decode_step784_tokens4    |
|      0.1 |       3,911,424 |         1 |   3,911,424.0 |   3,911,424.0 |   3,911,424 |   3,911,424 |         0.0 | PushPop | :decode_step288_tokens4    |
|      0.1 |       3,911,104 |         1 |   3,911,104.0 |   3,911,104.0 |   3,911,104 |   3,911,104 |         0.0 | PushPop | :decode_step319_tokens4    |
|      0.1 |       3,911,072 |         1 |   3,911,072.0 |   3,911,072.0 |   3,911,072 |   3,911,072 |         0.0 | PushPop | :decode_step620_tokens4    |
|      0.1 |       3,908,080 |         1 |   3,908,080.0 |   3,908,080.0 |   3,908,080 |   3,908,080 |         0.0 | PushPop | :decode_step279_tokens4    |
|      0.1 |       3,908,016 |         1 |   3,908,016.0 |   3,908,016.0 |   3,908,016 |   3,908,016 |         0.0 | PushPop | :decode_step656_tokens4    |
|      0.1 |       3,907,632 |         1 |   3,907,632.0 |   3,907,632.0 |   3,907,632 |   3,907,632 |         0.0 | PushPop | :decode_step428_tokens4    |
|      0.1 |       3,906,912 |         1 |   3,906,912.0 |   3,906,912.0 |   3,906,912 |   3,906,912 |         0.0 | PushPop | :decode_step373_tokens4    |
|      0.1 |       3,903,328 |         1 |   3,903,328.0 |   3,903,328.0 |   3,903,328 |   3,903,328 |         0.0 | PushPop | :decode_step359_tokens4    |
|      0.1 |       3,902,144 |         1 |   3,902,144.0 |   3,902,144.0 |   3,902,144 |   3,902,144 |         0.0 | PushPop | :decode_step622_tokens4    |
|      0.1 |       3,900,528 |         1 |   3,900,528.0 |   3,900,528.0 |   3,900,528 |   3,900,528 |         0.0 | PushPop | :decode_step1013_tokens4   |
|      0.1 |       3,898,304 |         1 |   3,898,304.0 |   3,898,304.0 |   3,898,304 |   3,898,304 |         0.0 | PushPop | :decode_step853_tokens4    |
|      0.1 |       3,897,648 |         1 |   3,897,648.0 |   3,897,648.0 |   3,897,648 |   3,897,648 |         0.0 | PushPop | :decode_step973_tokens4    |
|      0.1 |       3,895,856 |         1 |   3,895,856.0 |   3,895,856.0 |   3,895,856 |   3,895,856 |         0.0 | PushPop | :decode_step403_tokens4    |
|      0.1 |       3,894,288 |         1 |   3,894,288.0 |   3,894,288.0 |   3,894,288 |   3,894,288 |         0.0 | PushPop | :decode_step261_tokens4    |
|      0.1 |       3,892,640 |         1 |   3,892,640.0 |   3,892,640.0 |   3,892,640 |   3,892,640 |         0.0 | PushPop | :decode_step704_tokens4    |
|      0.1 |       3,891,568 |         1 |   3,891,568.0 |   3,891,568.0 |   3,891,568 |   3,891,568 |         0.0 | PushPop | :decode_step886_tokens4    |
|      0.1 |       3,890,896 |         1 |   3,890,896.0 |   3,890,896.0 |   3,890,896 |   3,890,896 |         0.0 | PushPop | :decode_step702_tokens4    |
|      0.1 |       3,890,864 |         1 |   3,890,864.0 |   3,890,864.0 |   3,890,864 |   3,890,864 |         0.0 | PushPop | :decode_step615_tokens4    |
|      0.1 |       3,882,688 |         1 |   3,882,688.0 |   3,882,688.0 |   3,882,688 |   3,882,688 |         0.0 | PushPop | :decode_step505_tokens4    |
|      0.1 |       3,880,688 |         1 |   3,880,688.0 |   3,880,688.0 |   3,880,688 |   3,880,688 |         0.0 | PushPop | :decode_step293_tokens4    |
|      0.1 |       3,879,744 |         1 |   3,879,744.0 |   3,879,744.0 |   3,879,744 |   3,879,744 |         0.0 | PushPop | :decode_step796_tokens4    |
|      0.1 |       3,879,040 |         1 |   3,879,040.0 |   3,879,040.0 |   3,879,040 |   3,879,040 |         0.0 | PushPop | :decode_step244_tokens4    |
|      0.1 |       3,877,888 |         1 |   3,877,888.0 |   3,877,888.0 |   3,877,888 |   3,877,888 |         0.0 | PushPop | :decode_step806_tokens4    |
|      0.1 |       3,877,824 |         1 |   3,877,824.0 |   3,877,824.0 |   3,877,824 |   3,877,824 |         0.0 | PushPop | :decode_step593_tokens4    |
|      0.1 |       3,874,096 |         1 |   3,874,096.0 |   3,874,096.0 |   3,874,096 |   3,874,096 |         0.0 | PushPop | :decode_step677_tokens4    |
|      0.1 |       3,872,256 |         1 |   3,872,256.0 |   3,872,256.0 |   3,872,256 |   3,872,256 |         0.0 | PushPop | :decode_step350_tokens4    |
|      0.1 |       3,871,856 |         1 |   3,871,856.0 |   3,871,856.0 |   3,871,856 |   3,871,856 |         0.0 | PushPop | :decode_step527_tokens4    |
|      0.1 |       3,869,760 |         1 |   3,869,760.0 |   3,869,760.0 |   3,869,760 |   3,869,760 |         0.0 | PushPop | :decode_step1031_tokens4   |
|      0.1 |       3,867,744 |         1 |   3,867,744.0 |   3,867,744.0 |   3,867,744 |   3,867,744 |         0.0 | PushPop | :decode_step1011_tokens4   |
|      0.1 |       3,867,232 |         1 |   3,867,232.0 |   3,867,232.0 |   3,867,232 |   3,867,232 |         0.0 | PushPop | :decode_step851_tokens4    |
|      0.1 |       3,866,624 |         1 |   3,866,624.0 |   3,866,624.0 |   3,866,624 |   3,866,624 |         0.0 | PushPop | :decode_step474_tokens4    |
|      0.1 |       3,865,904 |         1 |   3,865,904.0 |   3,865,904.0 |   3,865,904 |   3,865,904 |         0.0 | PushPop | :decode_step174_tokens4    |
|      0.1 |       3,863,840 |         1 |   3,863,840.0 |   3,863,840.0 |   3,863,840 |   3,863,840 |         0.0 | PushPop | :decode_step671_tokens4    |
|      0.1 |       3,861,632 |         1 |   3,861,632.0 |   3,861,632.0 |   3,861,632 |   3,861,632 |         0.0 | PushPop | :decode_step1008_tokens4   |
|      0.1 |       3,861,616 |         1 |   3,861,616.0 |   3,861,616.0 |   3,861,616 |   3,861,616 |         0.0 | PushPop | :decode_step844_tokens4    |
|      0.1 |       3,861,312 |         1 |   3,861,312.0 |   3,861,312.0 |   3,861,312 |   3,861,312 |         0.0 | PushPop | :decode_step226_tokens4    |
|      0.1 |       3,860,624 |         1 |   3,860,624.0 |   3,860,624.0 |   3,860,624 |   3,860,624 |         0.0 | PushPop | :decode_step808_tokens4    |
|      0.1 |       3,858,928 |         1 |   3,858,928.0 |   3,858,928.0 |   3,858,928 |   3,858,928 |         0.0 | PushPop | :decode_step429_tokens4    |
|      0.1 |       3,856,544 |         1 |   3,856,544.0 |   3,856,544.0 |   3,856,544 |   3,856,544 |         0.0 | PushPop | :decode_step180_tokens4    |
|      0.1 |       3,855,808 |         1 |   3,855,808.0 |   3,855,808.0 |   3,855,808 |   3,855,808 |         0.0 | PushPop | :decode_step223_tokens4    |
|      0.1 |       3,851,664 |         1 |   3,851,664.0 |   3,851,664.0 |   3,851,664 |   3,851,664 |         0.0 | PushPop | :decode_step1032_tokens4   |
|      0.1 |       3,850,480 |         1 |   3,850,480.0 |   3,850,480.0 |   3,850,480 |   3,850,480 |         0.0 | PushPop | :decode_step863_tokens4    |
|      0.1 |       3,850,320 |         1 |   3,850,320.0 |   3,850,320.0 |   3,850,320 |   3,850,320 |         0.0 | PushPop | :decode_step625_tokens4    |
|      0.1 |       3,842,816 |         1 |   3,842,816.0 |   3,842,816.0 |   3,842,816 |   3,842,816 |         0.0 | PushPop | :decode_step807_tokens4    |
|      0.1 |       3,840,736 |         1 |   3,840,736.0 |   3,840,736.0 |   3,840,736 |   3,840,736 |         0.0 | PushPop | :decode_step965_tokens4    |
|      0.1 |       3,836,896 |         1 |   3,836,896.0 |   3,836,896.0 |   3,836,896 |   3,836,896 |         0.0 | PushPop | :decode_step181_tokens4    |
|      0.1 |       3,836,144 |         1 |   3,836,144.0 |   3,836,144.0 |   3,836,144 |   3,836,144 |         0.0 | PushPop | :decode_step809_tokens4    |
|      0.1 |       3,835,008 |         1 |   3,835,008.0 |   3,835,008.0 |   3,835,008 |   3,835,008 |         0.0 | PushPop | :decode_step815_tokens4    |
|      0.1 |       3,830,096 |         1 |   3,830,096.0 |   3,830,096.0 |   3,830,096 |   3,830,096 |         0.0 | PushPop | :decode_step812_tokens4    |
|      0.1 |       3,827,456 |         1 |   3,827,456.0 |   3,827,456.0 |   3,827,456 |   3,827,456 |         0.0 | PushPop | :decode_step659_tokens4    |
|      0.1 |       3,827,376 |         1 |   3,827,376.0 |   3,827,376.0 |   3,827,376 |   3,827,376 |         0.0 | PushPop | :decode_step340_tokens4    |
|      0.1 |       3,824,864 |         1 |   3,824,864.0 |   3,824,864.0 |   3,824,864 |   3,824,864 |         0.0 | PushPop | :decode_step594_tokens4    |
|      0.1 |       3,824,736 |         1 |   3,824,736.0 |   3,824,736.0 |   3,824,736 |   3,824,736 |         0.0 | PushPop | :decode_step480_tokens4    |
|      0.1 |       3,824,624 |         1 |   3,824,624.0 |   3,824,624.0 |   3,824,624 |   3,824,624 |         0.0 | PushPop | :decode_step212_tokens4    |
|      0.1 |       3,823,440 |         1 |   3,823,440.0 |   3,823,440.0 |   3,823,440 |   3,823,440 |         0.0 | PushPop | :decode_step332_tokens4    |
|      0.1 |       3,822,624 |         1 |   3,822,624.0 |   3,822,624.0 |   3,822,624 |   3,822,624 |         0.0 | PushPop | :decode_step441_tokens4    |
|      0.1 |       3,822,000 |         1 |   3,822,000.0 |   3,822,000.0 |   3,822,000 |   3,822,000 |         0.0 | PushPop | :decode_step828_tokens4    |
|      0.1 |       3,821,168 |         1 |   3,821,168.0 |   3,821,168.0 |   3,821,168 |   3,821,168 |         0.0 | PushPop | :decode_step814_tokens4    |
|      0.1 |       3,819,024 |         1 |   3,819,024.0 |   3,819,024.0 |   3,819,024 |   3,819,024 |         0.0 | PushPop | :decode_step360_tokens4    |
|      0.1 |       3,818,400 |         1 |   3,818,400.0 |   3,818,400.0 |   3,818,400 |   3,818,400 |         0.0 | PushPop | :decode_step640_tokens4    |
|      0.1 |       3,818,080 |         1 |   3,818,080.0 |   3,818,080.0 |   3,818,080 |   3,818,080 |         0.0 | PushPop | :decode_step624_tokens4    |
|      0.1 |       3,817,744 |         1 |   3,817,744.0 |   3,817,744.0 |   3,817,744 |   3,817,744 |         0.0 | PushPop | :decode_step780_tokens4    |
|      0.1 |       3,816,416 |         1 |   3,816,416.0 |   3,816,416.0 |   3,816,416 |   3,816,416 |         0.0 | PushPop | :decode_step477_tokens4    |
|      0.1 |       3,815,392 |         1 |   3,815,392.0 |   3,815,392.0 |   3,815,392 |   3,815,392 |         0.0 | PushPop | :decode_step241_tokens4    |
|      0.1 |       3,812,896 |         1 |   3,812,896.0 |   3,812,896.0 |   3,812,896 |   3,812,896 |         0.0 | PushPop | :decode_step335_tokens4    |
|      0.1 |       3,810,576 |         1 |   3,810,576.0 |   3,810,576.0 |   3,810,576 |   3,810,576 |         0.0 | PushPop | :decode_step955_tokens4    |
|      0.1 |       3,810,480 |         1 |   3,810,480.0 |   3,810,480.0 |   3,810,480 |   3,810,480 |         0.0 | PushPop | :decode_step453_tokens4    |
|      0.1 |       3,810,416 |         1 |   3,810,416.0 |   3,810,416.0 |   3,810,416 |   3,810,416 |         0.0 | PushPop | :decode_step848_tokens4    |
|      0.1 |       3,810,384 |         1 |   3,810,384.0 |   3,810,384.0 |   3,810,384 |   3,810,384 |         0.0 | PushPop | :decode_step1035_tokens4   |
|      0.1 |       3,809,296 |         1 |   3,809,296.0 |   3,809,296.0 |   3,809,296 |   3,809,296 |         0.0 | PushPop | :decode_step259_tokens4    |
|      0.1 |       3,807,184 |         1 |   3,807,184.0 |   3,807,184.0 |   3,807,184 |   3,807,184 |         0.0 | PushPop | :decode_step846_tokens4    |
|      0.1 |       3,803,376 |         1 |   3,803,376.0 |   3,803,376.0 |   3,803,376 |   3,803,376 |         0.0 | PushPop | :decode_step426_tokens4    |
|      0.1 |       3,802,880 |         1 |   3,802,880.0 |   3,802,880.0 |   3,802,880 |   3,802,880 |         0.0 | PushPop | :decode_step596_tokens4    |
|      0.1 |       3,802,192 |         1 |   3,802,192.0 |   3,802,192.0 |   3,802,192 |   3,802,192 |         0.0 | PushPop | :decode_step586_tokens4    |
|      0.1 |       3,801,856 |         1 |   3,801,856.0 |   3,801,856.0 |   3,801,856 |   3,801,856 |         0.0 | PushPop | :decode_step481_tokens4    |
|      0.1 |       3,800,896 |         1 |   3,800,896.0 |   3,800,896.0 |   3,800,896 |   3,800,896 |         0.0 | PushPop | :decode_step710_tokens4    |
|      0.1 |       3,797,584 |         1 |   3,797,584.0 |   3,797,584.0 |   3,797,584 |   3,797,584 |         0.0 | PushPop | :decode_step658_tokens4    |
|      0.1 |       3,795,920 |         1 |   3,795,920.0 |   3,795,920.0 |   3,795,920 |   3,795,920 |         0.0 | PushPop | :decode_step170_tokens4    |
|      0.1 |       3,794,720 |         1 |   3,794,720.0 |   3,794,720.0 |   3,794,720 |   3,794,720 |         0.0 | PushPop | :decode_step635_tokens4    |
|      0.1 |       3,792,384 |         1 |   3,792,384.0 |   3,792,384.0 |   3,792,384 |   3,792,384 |         0.0 | PushPop | :decode_step224_tokens4    |
|      0.1 |       3,791,936 |         1 |   3,791,936.0 |   3,791,936.0 |   3,791,936 |   3,791,936 |         0.0 | PushPop | :decode_step323_tokens4    |
|      0.1 |       3,790,608 |         1 |   3,790,608.0 |   3,790,608.0 |   3,790,608 |   3,790,608 |         0.0 | PushPop | :decode_step749_tokens4    |
|      0.1 |       3,788,448 |         1 |   3,788,448.0 |   3,788,448.0 |   3,788,448 |   3,788,448 |         0.0 | PushPop | :decode_step449_tokens4    |
|      0.1 |       3,785,856 |         1 |   3,785,856.0 |   3,785,856.0 |   3,785,856 |   3,785,856 |         0.0 | PushPop | :decode_step442_tokens4    |
|      0.1 |       3,785,760 |         1 |   3,785,760.0 |   3,785,760.0 |   3,785,760 |   3,785,760 |         0.0 | PushPop | :decode_step475_tokens4    |
|      0.1 |       3,785,680 |         1 |   3,785,680.0 |   3,785,680.0 |   3,785,680 |   3,785,680 |         0.0 | PushPop | :decode_step280_tokens4    |
|      0.1 |       3,785,664 |         1 |   3,785,664.0 |   3,785,664.0 |   3,785,664 |   3,785,664 |         0.0 | PushPop | :decode_step591_tokens4    |
|      0.1 |       3,782,896 |         1 |   3,782,896.0 |   3,782,896.0 |   3,782,896 |   3,782,896 |         0.0 | PushPop | :decode_step698_tokens4    |
|      0.1 |       3,781,168 |         1 |   3,781,168.0 |   3,781,168.0 |   3,781,168 |   3,781,168 |         0.0 | PushPop | :decode_step623_tokens4    |
|      0.1 |       3,780,096 |         1 |   3,780,096.0 |   3,780,096.0 |   3,780,096 |   3,780,096 |         0.0 | PushPop | :decode_step186_tokens4    |
|      0.1 |       3,777,248 |         1 |   3,777,248.0 |   3,777,248.0 |   3,777,248 |   3,777,248 |         0.0 | PushPop | :decode_step432_tokens4    |
|      0.1 |       3,777,248 |         1 |   3,777,248.0 |   3,777,248.0 |   3,777,248 |   3,777,248 |         0.0 | PushPop | :decode_step585_tokens4    |
|      0.1 |       3,777,104 |         1 |   3,777,104.0 |   3,777,104.0 |   3,777,104 |   3,777,104 |         0.0 | PushPop | :decode_step265_tokens4    |
|      0.1 |       3,774,944 |         1 |   3,774,944.0 |   3,774,944.0 |   3,774,944 |   3,774,944 |         0.0 | PushPop | :decode_step185_tokens4    |
|      0.1 |       3,768,064 |         1 |   3,768,064.0 |   3,768,064.0 |   3,768,064 |   3,768,064 |         0.0 | PushPop | :decode_step528_tokens4    |
|      0.1 |       3,766,256 |         1 |   3,766,256.0 |   3,766,256.0 |   3,766,256 |   3,766,256 |         0.0 | PushPop | :decode_step329_tokens4    |
|      0.1 |       3,764,864 |         1 |   3,764,864.0 |   3,764,864.0 |   3,764,864 |   3,764,864 |         0.0 | PushPop | :decode_step708_tokens4    |
|      0.1 |       3,763,504 |         1 |   3,763,504.0 |   3,763,504.0 |   3,763,504 |   3,763,504 |         0.0 | PushPop | :decode_step225_tokens4    |
|      0.1 |       3,763,376 |         1 |   3,763,376.0 |   3,763,376.0 |   3,763,376 |   3,763,376 |         0.0 | PushPop | :decode_step447_tokens4    |
|      0.1 |       3,763,104 |         1 |   3,763,104.0 |   3,763,104.0 |   3,763,104 |   3,763,104 |         0.0 | PushPop | :decode_step775_tokens4    |
|      0.1 |       3,762,512 |         1 |   3,762,512.0 |   3,762,512.0 |   3,762,512 |   3,762,512 |         0.0 | PushPop | :decode_step221_tokens4    |
|      0.1 |       3,755,792 |         1 |   3,755,792.0 |   3,755,792.0 |   3,755,792 |   3,755,792 |         0.0 | PushPop | :decode_step295_tokens4    |
|      0.1 |       3,755,696 |         1 |   3,755,696.0 |   3,755,696.0 |   3,755,696 |   3,755,696 |         0.0 | PushPop | :decode_step361_tokens4    |
|      0.1 |       3,754,064 |         1 |   3,754,064.0 |   3,754,064.0 |   3,754,064 |   3,754,064 |         0.0 | PushPop | :decode_step445_tokens4    |
|      0.1 |       3,752,464 |         1 |   3,752,464.0 |   3,752,464.0 |   3,752,464 |   3,752,464 |         0.0 | PushPop | :decode_step452_tokens4    |
|      0.1 |       3,751,712 |         1 |   3,751,712.0 |   3,751,712.0 |   3,751,712 |   3,751,712 |         0.0 | PushPop | :decode_step964_tokens4    |
|      0.1 |       3,748,256 |         1 |   3,748,256.0 |   3,748,256.0 |   3,748,256 |   3,748,256 |         0.0 | PushPop | :decode_step740_tokens4    |
|      0.1 |       3,746,096 |         1 |   3,746,096.0 |   3,746,096.0 |   3,746,096 |   3,746,096 |         0.0 | PushPop | :decode_step165_tokens4    |
|      0.1 |       3,746,064 |         1 |   3,746,064.0 |   3,746,064.0 |   3,746,064 |   3,746,064 |         0.0 | PushPop | :decode_step164_tokens4    |
|      0.1 |       3,744,960 |         1 |   3,744,960.0 |   3,744,960.0 |   3,744,960 |   3,744,960 |         0.0 | PushPop | :decode_step750_tokens4    |
|      0.1 |       3,744,736 |         1 |   3,744,736.0 |   3,744,736.0 |   3,744,736 |   3,744,736 |         0.0 | PushPop | :decode_step850_tokens4    |
|      0.1 |       3,742,192 |         1 |   3,742,192.0 |   3,742,192.0 |   3,742,192 |   3,742,192 |         0.0 | PushPop | :decode_step317_tokens4    |
|      0.1 |       3,740,736 |         1 |   3,740,736.0 |   3,740,736.0 |   3,740,736 |   3,740,736 |         0.0 | PushPop | :decode_step813_tokens4    |
|      0.1 |       3,739,856 |         1 |   3,739,856.0 |   3,739,856.0 |   3,739,856 |   3,739,856 |         0.0 | PushPop | :decode_step166_tokens4    |
|      0.1 |       3,738,960 |         1 |   3,738,960.0 |   3,738,960.0 |   3,738,960 |   3,738,960 |         0.0 | PushPop | :decode_step16_tokens4     |
|      0.1 |       3,736,816 |         1 |   3,736,816.0 |   3,736,816.0 |   3,736,816 |   3,736,816 |         0.0 | PushPop | :decode_step770_tokens4    |
|      0.1 |       3,734,496 |         1 |   3,734,496.0 |   3,734,496.0 |   3,734,496 |   3,734,496 |         0.0 | PushPop | :decode_step242_tokens4    |
|      0.1 |       3,733,488 |         1 |   3,733,488.0 |   3,733,488.0 |   3,733,488 |   3,733,488 |         0.0 | PushPop | :decode_step391_tokens4    |
|      0.1 |       3,732,672 |         1 |   3,732,672.0 |   3,732,672.0 |   3,732,672 |   3,732,672 |         0.0 | PushPop | :decode_step963_tokens4    |
|      0.1 |       3,732,432 |         1 |   3,732,432.0 |   3,732,432.0 |   3,732,432 |   3,732,432 |         0.0 | PushPop | :decode_step281_tokens4    |
|      0.1 |       3,729,200 |         1 |   3,729,200.0 |   3,729,200.0 |   3,729,200 |   3,729,200 |         0.0 | PushPop | :decode_step602_tokens4    |
|      0.1 |       3,722,672 |         1 |   3,722,672.0 |   3,722,672.0 |   3,722,672 |   3,722,672 |         0.0 | PushPop | :decode_step660_tokens4    |
|      0.1 |       3,721,216 |         1 |   3,721,216.0 |   3,721,216.0 |   3,721,216 |   3,721,216 |         0.0 | PushPop | :decode_step626_tokens4    |
|      0.1 |       3,720,032 |         1 |   3,720,032.0 |   3,720,032.0 |   3,720,032 |   3,720,032 |         0.0 | PushPop | :decode_step854_tokens4    |
|      0.1 |       3,717,184 |         1 |   3,717,184.0 |   3,717,184.0 |   3,717,184 |   3,717,184 |         0.0 | PushPop | :decode_step316_tokens4    |
|      0.1 |       3,716,480 |         1 |   3,716,480.0 |   3,716,480.0 |   3,716,480 |   3,716,480 |         0.0 | PushPop | :decode_step254_tokens4    |
|      0.1 |       3,716,000 |         1 |   3,716,000.0 |   3,716,000.0 |   3,716,000 |   3,716,000 |         0.0 | PushPop | :decode_step339_tokens4    |
|      0.1 |       3,714,336 |         1 |   3,714,336.0 |   3,714,336.0 |   3,714,336 |   3,714,336 |         0.0 | PushPop | :decode_step286_tokens4    |
|      0.1 |       3,714,192 |         1 |   3,714,192.0 |   3,714,192.0 |   3,714,192 |   3,714,192 |         0.0 | PushPop | :decode_step847_tokens4    |
|      0.1 |       3,713,088 |         1 |   3,713,088.0 |   3,713,088.0 |   3,713,088 |   3,713,088 |         0.0 | PushPop | :decode_step811_tokens4    |
|      0.1 |       3,712,176 |         1 |   3,712,176.0 |   3,712,176.0 |   3,712,176 |   3,712,176 |         0.0 | PushPop | :decode_step243_tokens4    |
|      0.1 |       3,710,368 |         1 |   3,710,368.0 |   3,710,368.0 |   3,710,368 |   3,710,368 |         0.0 | PushPop | :decode_step187_tokens4    |
|      0.1 |       3,709,376 |         1 |   3,709,376.0 |   3,709,376.0 |   3,709,376 |   3,709,376 |         0.0 | PushPop | :decode_step337_tokens4    |
|      0.1 |       3,707,216 |         1 |   3,707,216.0 |   3,707,216.0 |   3,707,216 |   3,707,216 |         0.0 | PushPop | :decode_step263_tokens4    |
|      0.1 |       3,705,520 |         1 |   3,705,520.0 |   3,705,520.0 |   3,705,520 |   3,705,520 |         0.0 | PushPop | :decode_step771_tokens4    |
|      0.1 |       3,703,504 |         1 |   3,703,504.0 |   3,703,504.0 |   3,703,504 |   3,703,504 |         0.0 | PushPop | :decode_step816_tokens4    |
|      0.1 |       3,695,712 |         1 |   3,695,712.0 |   3,695,712.0 |   3,695,712 |   3,695,712 |         0.0 | PushPop | :decode_step627_tokens4    |
|      0.1 |       3,695,504 |         1 |   3,695,504.0 |   3,695,504.0 |   3,695,504 |   3,695,504 |         0.0 | PushPop | :decode_step669_tokens4    |
|      0.1 |       3,695,296 |         1 |   3,695,296.0 |   3,695,296.0 |   3,695,296 |   3,695,296 |         0.0 | PushPop | :decode_step331_tokens4    |
|      0.1 |       3,690,912 |         1 |   3,690,912.0 |   3,690,912.0 |   3,690,912 |   3,690,912 |         0.0 | PushPop | :decode_step641_tokens4    |
|      0.1 |       3,690,544 |         1 |   3,690,544.0 |   3,690,544.0 |   3,690,544 |   3,690,544 |         0.0 | PushPop | :decode_step783_tokens4    |
|      0.1 |       3,690,064 |         1 |   3,690,064.0 |   3,690,064.0 |   3,690,064 |   3,690,064 |         0.0 | PushPop | :decode_step790_tokens4    |
|      0.1 |       3,687,696 |         1 |   3,687,696.0 |   3,687,696.0 |   3,687,696 |   3,687,696 |         0.0 | PushPop | :decode_step962_tokens4    |
|      0.1 |       3,686,112 |         1 |   3,686,112.0 |   3,686,112.0 |   3,686,112 |   3,686,112 |         0.0 | PushPop | :decode_step827_tokens4    |
|      0.1 |       3,684,032 |         1 |   3,684,032.0 |   3,684,032.0 |   3,684,032 |   3,684,032 |         0.0 | PushPop | :decode_step321_tokens4    |
|      0.1 |       3,681,632 |         1 |   3,681,632.0 |   3,681,632.0 |   3,681,632 |   3,681,632 |         0.0 | PushPop | :decode_step599_tokens4    |
|      0.1 |       3,681,088 |         1 |   3,681,088.0 |   3,681,088.0 |   3,681,088 |   3,681,088 |         0.0 | PushPop | :decode_step977_tokens4    |
|      0.1 |       3,679,312 |         1 |   3,679,312.0 |   3,679,312.0 |   3,679,312 |   3,679,312 |         0.0 | PushPop | :decode_step855_tokens4    |
|      0.1 |       3,679,280 |         1 |   3,679,280.0 |   3,679,280.0 |   3,679,280 |   3,679,280 |         0.0 | PushPop | :decode_step448_tokens4    |
|      0.1 |       3,679,072 |         1 |   3,679,072.0 |   3,679,072.0 |   3,679,072 |   3,679,072 |         0.0 | PushPop | :decode_step184_tokens4    |
|      0.1 |       3,678,912 |         1 |   3,678,912.0 |   3,678,912.0 |   3,678,912 |   3,678,912 |         0.0 | PushPop | :decode_step433_tokens4    |
|      0.1 |       3,673,056 |         1 |   3,673,056.0 |   3,673,056.0 |   3,673,056 |   3,673,056 |         0.0 | PushPop | :decode_step670_tokens4    |
|      0.1 |       3,669,584 |         1 |   3,669,584.0 |   3,669,584.0 |   3,669,584 |   3,669,584 |         0.0 | PushPop | :decode_step173_tokens4    |
|      0.1 |       3,665,392 |         1 |   3,665,392.0 |   3,665,392.0 |   3,665,392 |   3,665,392 |         0.0 | PushPop | :decode_step810_tokens4    |
|      0.1 |       3,662,960 |         1 |   3,662,960.0 |   3,662,960.0 |   3,662,960 |   3,662,960 |         0.0 | PushPop | :decode_step443_tokens4    |
|      0.1 |       3,662,224 |         1 |   3,662,224.0 |   3,662,224.0 |   3,662,224 |   3,662,224 |         0.0 | PushPop | :decode_step513_tokens4    |
|      0.1 |       3,660,592 |         1 |   3,660,592.0 |   3,660,592.0 |   3,660,592 |   3,660,592 |         0.0 | PushPop | :decode_step598_tokens4    |
|      0.1 |       3,660,256 |         1 |   3,660,256.0 |   3,660,256.0 |   3,660,256 |   3,660,256 |         0.0 | PushPop | :decode_step215_tokens4    |
|      0.1 |       3,658,448 |         1 |   3,658,448.0 |   3,658,448.0 |   3,658,448 |   3,658,448 |         0.0 | PushPop | :decode_step662_tokens4    |
|      0.1 |       3,656,096 |         1 |   3,656,096.0 |   3,656,096.0 |   3,656,096 |   3,656,096 |         0.0 | PushPop | :decode_step437_tokens4    |
|      0.1 |       3,651,632 |         1 |   3,651,632.0 |   3,651,632.0 |   3,651,632 |   3,651,632 |         0.0 | PushPop | :decode_step753_tokens4    |
|      0.1 |       3,649,008 |         1 |   3,649,008.0 |   3,649,008.0 |   3,649,008 |   3,649,008 |         0.0 | PushPop | :decode_step182_tokens4    |
|      0.1 |       3,648,448 |         1 |   3,648,448.0 |   3,648,448.0 |   3,648,448 |   3,648,448 |         0.0 | PushPop | :decode_step214_tokens4    |
|      0.1 |       3,643,952 |         1 |   3,643,952.0 |   3,643,952.0 |   3,643,952 |   3,643,952 |         0.0 | PushPop | :decode_step483_tokens4    |
|      0.1 |       3,642,384 |         1 |   3,642,384.0 |   3,642,384.0 |   3,642,384 |   3,642,384 |         0.0 | PushPop | :decode_step787_tokens4    |
|      0.1 |       3,638,848 |         1 |   3,638,848.0 |   3,638,848.0 |   3,638,848 |   3,638,848 |         0.0 | PushPop | :decode_step297_tokens4    |
|      0.1 |       3,638,832 |         1 |   3,638,832.0 |   3,638,832.0 |   3,638,832 |   3,638,832 |         0.0 | PushPop | :decode_step820_tokens4    |
|      0.1 |       3,637,024 |         1 |   3,637,024.0 |   3,637,024.0 |   3,637,024 |   3,637,024 |         0.0 | PushPop | :decode_step665_tokens4    |
|      0.1 |       3,635,168 |         1 |   3,635,168.0 |   3,635,168.0 |   3,635,168 |   3,635,168 |         0.0 | PushPop | :decode_step285_tokens4    |
|      0.1 |       3,631,504 |         1 |   3,631,504.0 |   3,631,504.0 |   3,631,504 |   3,631,504 |         0.0 | PushPop | :decode_step446_tokens4    |
|      0.1 |       3,625,312 |         1 |   3,625,312.0 |   3,625,312.0 |   3,625,312 |   3,625,312 |         0.0 | PushPop | :decode_step633_tokens4    |
|      0.1 |       3,625,168 |         1 |   3,625,168.0 |   3,625,168.0 |   3,625,168 |   3,625,168 |         0.0 | PushPop | :decode_step712_tokens4    |
|      0.1 |       3,624,240 |         1 |   3,624,240.0 |   3,624,240.0 |   3,624,240 |   3,624,240 |         0.0 | PushPop | :decode_step372_tokens4    |
|      0.1 |       3,620,416 |         1 |   3,620,416.0 |   3,620,416.0 |   3,620,416 |   3,620,416 |         0.0 | PushPop | :decode_step436_tokens4    |
|      0.1 |       3,619,600 |         1 |   3,619,600.0 |   3,619,600.0 |   3,619,600 |   3,619,600 |         0.0 | PushPop | :decode_step781_tokens4    |
|      0.1 |       3,619,120 |         1 |   3,619,120.0 |   3,619,120.0 |   3,619,120 |   3,619,120 |         0.0 | PushPop | :decode_step336_tokens4    |
|      0.1 |       3,616,800 |         1 |   3,616,800.0 |   3,616,800.0 |   3,616,800 |   3,616,800 |         0.0 | PushPop | :decode_step294_tokens4    |
|      0.1 |       3,610,320 |         1 |   3,610,320.0 |   3,610,320.0 |   3,610,320 |   3,610,320 |         0.0 | PushPop | :decode_step818_tokens4    |
|      0.1 |       3,609,488 |         1 |   3,609,488.0 |   3,609,488.0 |   3,609,488 |   3,609,488 |         0.0 | PushPop | :decode_step856_tokens4    |
|      0.1 |       3,608,880 |         1 |   3,608,880.0 |   3,608,880.0 |   3,608,880 |   3,608,880 |         0.0 | PushPop | :decode_step667_tokens4    |
|      0.1 |       3,604,944 |         1 |   3,604,944.0 |   3,604,944.0 |   3,604,944 |   3,604,944 |         0.0 | PushPop | :decode_step444_tokens4    |
|      0.1 |       3,604,128 |         1 |   3,604,128.0 |   3,604,128.0 |   3,604,128 |   3,604,128 |         0.0 | PushPop | :decode_step167_tokens4    |
|      0.1 |       3,599,520 |         1 |   3,599,520.0 |   3,599,520.0 |   3,599,520 |   3,599,520 |         0.0 | PushPop | :decode_step632_tokens4    |
|      0.1 |       3,586,320 |         1 |   3,586,320.0 |   3,586,320.0 |   3,586,320 |   3,586,320 |         0.0 | PushPop | :decode_step227_tokens4    |
|      0.1 |       3,581,744 |         1 |   3,581,744.0 |   3,581,744.0 |   3,581,744 |   3,581,744 |         0.0 | PushPop | :decode_step631_tokens4    |
|      0.1 |       3,580,848 |         1 |   3,580,848.0 |   3,580,848.0 |   3,580,848 |   3,580,848 |         0.0 | PushPop | :decode_step817_tokens4    |
|      0.1 |       3,576,256 |         1 |   3,576,256.0 |   3,576,256.0 |   3,576,256 |   3,576,256 |         0.0 | PushPop | :decode_step668_tokens4    |
|      0.1 |       3,575,584 |         1 |   3,575,584.0 |   3,575,584.0 |   3,575,584 |   3,575,584 |         0.0 | PushPop | :decode_step338_tokens4    |
|      0.1 |       3,573,536 |         1 |   3,573,536.0 |   3,573,536.0 |   3,573,536 |   3,573,536 |         0.0 | PushPop | :decode_step819_tokens4    |
|      0.1 |       3,569,152 |         1 |   3,569,152.0 |   3,569,152.0 |   3,569,152 |   3,569,152 |         0.0 | PushPop | :decode_step971_tokens4    |
|      0.1 |       3,568,224 |         1 |   3,568,224.0 |   3,568,224.0 |   3,568,224 |   3,568,224 |         0.0 | PushPop | :decode_step823_tokens4    |
|      0.1 |       3,567,744 |         1 |   3,567,744.0 |   3,567,744.0 |   3,567,744 |   3,567,744 |         0.0 | PushPop | :decode_step634_tokens4    |
|      0.1 |       3,567,264 |         1 |   3,567,264.0 |   3,567,264.0 |   3,567,264 |   3,567,264 |         0.0 | PushPop | :decode_step785_tokens4    |
|      0.1 |       3,564,416 |         1 |   3,564,416.0 |   3,564,416.0 |   3,564,416 |   3,564,416 |         0.0 | PushPop | :decode_step637_tokens4    |
|      0.1 |       3,559,632 |         1 |   3,559,632.0 |   3,559,632.0 |   3,559,632 |   3,559,632 |         0.0 | PushPop | :decode_step666_tokens4    |
|      0.1 |       3,557,264 |         1 |   3,557,264.0 |   3,557,264.0 |   3,557,264 |   3,557,264 |         0.0 | PushPop | :decode_step786_tokens4    |
|      0.1 |       3,550,832 |         1 |   3,550,832.0 |   3,550,832.0 |   3,550,832 |   3,550,832 |         0.0 | PushPop | :decode_step826_tokens4    |
|      0.1 |       3,550,160 |         1 |   3,550,160.0 |   3,550,160.0 |   3,550,160 |   3,550,160 |         0.0 | PushPop | :decode_step282_tokens4    |
|      0.1 |       3,547,056 |         1 |   3,547,056.0 |   3,547,056.0 |   3,547,056 |   3,547,056 |         0.0 | PushPop | :decode_step822_tokens4    |
|      0.1 |       3,546,432 |         1 |   3,546,432.0 |   3,546,432.0 |   3,546,432 |   3,546,432 |         0.0 | PushPop | :decode_step630_tokens4    |
|      0.1 |       3,546,000 |         1 |   3,546,000.0 |   3,546,000.0 |   3,546,000 |   3,546,000 |         0.0 | PushPop | :decode_step789_tokens4    |
|      0.1 |       3,543,520 |         1 |   3,543,520.0 |   3,543,520.0 |   3,543,520 |   3,543,520 |         0.0 | PushPop | :decode_step715_tokens4    |
|      0.1 |       3,536,848 |         1 |   3,536,848.0 |   3,536,848.0 |   3,536,848 |   3,536,848 |         0.0 | PushPop | :decode_step713_tokens4    |
|      0.1 |       3,534,128 |         1 |   3,534,128.0 |   3,534,128.0 |   3,534,128 |   3,534,128 |         0.0 | PushPop | :decode_step788_tokens4    |
|      0.1 |       3,530,240 |         1 |   3,530,240.0 |   3,530,240.0 |   3,530,240 |   3,530,240 |         0.0 | PushPop | :decode_step435_tokens4    |
|      0.1 |       3,526,416 |         1 |   3,526,416.0 |   3,526,416.0 |   3,526,416 |   3,526,416 |         0.0 | PushPop | :decode_step629_tokens4    |
|      0.1 |       3,511,504 |         1 |   3,511,504.0 |   3,511,504.0 |   3,511,504 |   3,511,504 |         0.0 | PushPop | :decode_step264_tokens4    |
|      0.1 |       3,501,344 |         1 |   3,501,344.0 |   3,501,344.0 |   3,501,344 |   3,501,344 |         0.0 | PushPop | :decode_step821_tokens4    |
|      0.1 |       3,494,912 |         1 |   3,494,912.0 |   3,494,912.0 |   3,494,912 |   3,494,912 |         0.0 | PushPop | :decode_step825_tokens4    |
|      0.1 |       3,492,912 |         1 |   3,492,912.0 |   3,492,912.0 |   3,492,912 |   3,492,912 |         0.0 | PushPop | :decode_step246_tokens4    |
|      0.1 |       3,477,520 |         1 |   3,477,520.0 |   3,477,520.0 |   3,477,520 |   3,477,520 |         0.0 | PushPop | :decode_step636_tokens4    |
|      0.1 |       3,141,744 |         1 |   3,141,744.0 |   3,141,744.0 |   3,141,744 |   3,141,744 |         0.0 | PushPop | :decode_step86_tokens4     |
|      0.1 |       3,138,080 |         1 |   3,138,080.0 |   3,138,080.0 |   3,138,080 |   3,138,080 |         0.0 | PushPop | :decode_step18_tokens4     |
|      0.1 |       3,094,144 |         1 |   3,094,144.0 |   3,094,144.0 |   3,094,144 |   3,094,144 |         0.0 | PushPop | :decode_step83_tokens4     |
|      0.1 |       3,087,168 |         1 |   3,087,168.0 |   3,087,168.0 |   3,087,168 |   3,087,168 |         0.0 | PushPop | :decode_step17_tokens4     |
|      0.1 |       3,061,792 |         1 |   3,061,792.0 |   3,061,792.0 |   3,061,792 |   3,061,792 |         0.0 | PushPop | :decode_step117_tokens4    |
|      0.1 |       3,020,688 |         1 |   3,020,688.0 |   3,020,688.0 |   3,020,688 |   3,020,688 |         0.0 | PushPop | :decode_step29_tokens4     |
|      0.0 |       2,949,872 |         1 |   2,949,872.0 |   2,949,872.0 |   2,949,872 |   2,949,872 |         0.0 | PushPop | :decode_step57_tokens4     |
|      0.0 |       2,848,656 |         1 |   2,848,656.0 |   2,848,656.0 |   2,848,656 |   2,848,656 |         0.0 | PushPop | :decode_step73_tokens4     |
|      0.0 |       2,848,368 |         1 |   2,848,368.0 |   2,848,368.0 |   2,848,368 |   2,848,368 |         0.0 | PushPop | :decode_step84_tokens4     |
|      0.0 |       2,806,144 |         1 |   2,806,144.0 |   2,806,144.0 |   2,806,144 |   2,806,144 |         0.0 | PushPop | :decode_step82_tokens4     |
|      0.0 |       2,798,944 |         1 |   2,798,944.0 |   2,798,944.0 |   2,798,944 |   2,798,944 |         0.0 | PushPop | :decode_step30_tokens4     |
|      0.0 |       2,782,416 |         1 |   2,782,416.0 |   2,782,416.0 |   2,782,416 |   2,782,416 |         0.0 | PushPop | :decode_step50_tokens4     |
|      0.0 |       2,781,904 |         1 |   2,781,904.0 |   2,781,904.0 |   2,781,904 |   2,781,904 |         0.0 | PushPop | :decode_step22_tokens4     |
|      0.0 |       2,768,800 |         1 |   2,768,800.0 |   2,768,800.0 |   2,768,800 |   2,768,800 |         0.0 | PushPop | :decode_step52_tokens4     |
|      0.0 |       2,762,112 |         1 |   2,762,112.0 |   2,762,112.0 |   2,762,112 |   2,762,112 |         0.0 | PushPop | :decode_step115_tokens4    |
|      0.0 |       2,756,512 |         1 |   2,756,512.0 |   2,756,512.0 |   2,756,512 |   2,756,512 |         0.0 | PushPop | :decode_step45_tokens4     |
|      0.0 |       2,747,520 |         1 |   2,747,520.0 |   2,747,520.0 |   2,747,520 |   2,747,520 |         0.0 | PushPop | :decode_step36_tokens4     |
|      0.0 |       2,724,784 |         1 |   2,724,784.0 |   2,724,784.0 |   2,724,784 |   2,724,784 |         0.0 | PushPop | :decode_step96_tokens4     |
|      0.0 |       2,722,880 |         1 |   2,722,880.0 |   2,722,880.0 |   2,722,880 |   2,722,880 |         0.0 | PushPop | :decode_step20_tokens4     |
|      0.0 |       2,700,992 |         1 |   2,700,992.0 |   2,700,992.0 |   2,700,992 |   2,700,992 |         0.0 | PushPop | :decode_step85_tokens4     |
|      0.0 |       2,700,384 |         1 |   2,700,384.0 |   2,700,384.0 |   2,700,384 |   2,700,384 |         0.0 | PushPop | :decode_step37_tokens4     |
|      0.0 |       2,699,424 |         1 |   2,699,424.0 |   2,699,424.0 |   2,699,424 |   2,699,424 |         0.0 | PushPop | :decode_step116_tokens4    |
|      0.0 |       2,698,336 |         1 |   2,698,336.0 |   2,698,336.0 |   2,698,336 |   2,698,336 |         0.0 | PushPop | :decode_step28_tokens4     |
|      0.0 |       2,697,952 |         1 |   2,697,952.0 |   2,697,952.0 |   2,697,952 |   2,697,952 |         0.0 | PushPop | :decode_step78_tokens4     |
|      0.0 |       2,678,912 |         1 |   2,678,912.0 |   2,678,912.0 |   2,678,912 |   2,678,912 |         0.0 | PushPop | :decode_step24_tokens4     |
|      0.0 |       2,678,720 |         1 |   2,678,720.0 |   2,678,720.0 |   2,678,720 |   2,678,720 |         0.0 | PushPop | :decode_step32_tokens4     |
|      0.0 |       2,677,008 |         1 |   2,677,008.0 |   2,677,008.0 |   2,677,008 |   2,677,008 |         0.0 | PushPop | :decode_step81_tokens4     |
|      0.0 |       2,668,144 |         1 |   2,668,144.0 |   2,668,144.0 |   2,668,144 |   2,668,144 |         0.0 | PushPop | :decode_step77_tokens4     |
|      0.0 |       2,667,520 |         1 |   2,667,520.0 |   2,667,520.0 |   2,667,520 |   2,667,520 |         0.0 | PushPop | :decode_step23_tokens4     |
|      0.0 |       2,665,408 |         1 |   2,665,408.0 |   2,665,408.0 |   2,665,408 |   2,665,408 |         0.0 | PushPop | :decode_step131_tokens4    |
|      0.0 |       2,663,072 |         1 |   2,663,072.0 |   2,663,072.0 |   2,663,072 |   2,663,072 |         0.0 | PushPop | :decode_step25_tokens4     |
|      0.0 |       2,660,672 |         1 |   2,660,672.0 |   2,660,672.0 |   2,660,672 |   2,660,672 |         0.0 | PushPop | :decode_step48_tokens4     |
|      0.0 |       2,656,720 |         1 |   2,656,720.0 |   2,656,720.0 |   2,656,720 |   2,656,720 |         0.0 | PushPop | :decode_step53_tokens4     |
|      0.0 |       2,645,104 |         1 |   2,645,104.0 |   2,645,104.0 |   2,645,104 |   2,645,104 |         0.0 | PushPop | :decode_step80_tokens4     |
|      0.0 |       2,642,544 |         1 |   2,642,544.0 |   2,642,544.0 |   2,642,544 |   2,642,544 |         0.0 | PushPop | :decode_step34_tokens4     |
|      0.0 |       2,639,008 |         1 |   2,639,008.0 |   2,639,008.0 |   2,639,008 |   2,639,008 |         0.0 | PushPop | :decode_step87_tokens4     |
|      0.0 |       2,626,928 |         1 |   2,626,928.0 |   2,626,928.0 |   2,626,928 |   2,626,928 |         0.0 | PushPop | :decode_step39_tokens4     |
|      0.0 |       2,623,968 |         1 |   2,623,968.0 |   2,623,968.0 |   2,623,968 |   2,623,968 |         0.0 | PushPop | :decode_step46_tokens4     |
|      0.0 |       2,623,072 |         1 |   2,623,072.0 |   2,623,072.0 |   2,623,072 |   2,623,072 |         0.0 | PushPop | :decode_step21_tokens4     |
|      0.0 |       2,619,232 |         1 |   2,619,232.0 |   2,619,232.0 |   2,619,232 |   2,619,232 |         0.0 | PushPop | :decode_step129_tokens4    |
|      0.0 |       2,619,216 |         1 |   2,619,216.0 |   2,619,216.0 |   2,619,216 |   2,619,216 |         0.0 | PushPop | :decode_step41_tokens4     |
|      0.0 |       2,617,872 |         1 |   2,617,872.0 |   2,617,872.0 |   2,617,872 |   2,617,872 |         0.0 | PushPop | :decode_step26_tokens4     |
|      0.0 |       2,614,976 |         1 |   2,614,976.0 |   2,614,976.0 |   2,614,976 |   2,614,976 |         0.0 | PushPop | :decode_step33_tokens4     |
|      0.0 |       2,609,744 |         1 |   2,609,744.0 |   2,609,744.0 |   2,609,744 |   2,609,744 |         0.0 | PushPop | :decode_step121_tokens4    |
|      0.0 |       2,608,720 |         1 |   2,608,720.0 |   2,608,720.0 |   2,608,720 |   2,608,720 |         0.0 | PushPop | :decode_step147_tokens4    |
|      0.0 |       2,607,216 |         1 |   2,607,216.0 |   2,607,216.0 |   2,607,216 |   2,607,216 |         0.0 | PushPop | :decode_step62_tokens4     |
|      0.0 |       2,605,536 |         1 |   2,605,536.0 |   2,605,536.0 |   2,605,536 |   2,605,536 |         0.0 | PushPop | :decode_step124_tokens4    |
|      0.0 |       2,599,296 |         1 |   2,599,296.0 |   2,599,296.0 |   2,599,296 |   2,599,296 |         0.0 | PushPop | :decode_step31_tokens4     |
|      0.0 |       2,596,368 |         1 |   2,596,368.0 |   2,596,368.0 |   2,596,368 |   2,596,368 |         0.0 | PushPop | :decode_step51_tokens4     |
|      0.0 |       2,591,792 |         1 |   2,591,792.0 |   2,591,792.0 |   2,591,792 |   2,591,792 |         0.0 | PushPop | :decode_step35_tokens4     |
|      0.0 |       2,591,664 |         1 |   2,591,664.0 |   2,591,664.0 |   2,591,664 |   2,591,664 |         0.0 | PushPop | :decode_step47_tokens4     |
|      0.0 |       2,590,768 |         1 |   2,590,768.0 |   2,590,768.0 |   2,590,768 |   2,590,768 |         0.0 | PushPop | :decode_step79_tokens4     |
|      0.0 |       2,587,424 |         1 |   2,587,424.0 |   2,587,424.0 |   2,587,424 |   2,587,424 |         0.0 | PushPop | :decode_step56_tokens4     |
|      0.0 |       2,582,944 |         1 |   2,582,944.0 |   2,582,944.0 |   2,582,944 |   2,582,944 |         0.0 | PushPop | :decode_step103_tokens4    |
|      0.0 |       2,578,128 |         1 |   2,578,128.0 |   2,578,128.0 |   2,578,128 |   2,578,128 |         0.0 | PushPop | :decode_step54_tokens4     |
|      0.0 |       2,576,688 |         1 |   2,576,688.0 |   2,576,688.0 |   2,576,688 |   2,576,688 |         0.0 | PushPop | :decode_step38_tokens4     |
|      0.0 |       2,571,872 |         1 |   2,571,872.0 |   2,571,872.0 |   2,571,872 |   2,571,872 |         0.0 | PushPop | :decode_step127_tokens4    |
|      0.0 |       2,567,824 |         1 |   2,567,824.0 |   2,567,824.0 |   2,567,824 |   2,567,824 |         0.0 | PushPop | :decode_step27_tokens4     |
|      0.0 |       2,564,208 |         1 |   2,564,208.0 |   2,564,208.0 |   2,564,208 |   2,564,208 |         0.0 | PushPop | :decode_step101_tokens4    |
|      0.0 |       2,561,152 |         1 |   2,561,152.0 |   2,561,152.0 |   2,561,152 |   2,561,152 |         0.0 | PushPop | :decode_step65_tokens4     |
|      0.0 |       2,560,000 |         1 |   2,560,000.0 |   2,560,000.0 |   2,560,000 |   2,560,000 |         0.0 | PushPop | :decode_step141_tokens4    |
|      0.0 |       2,559,232 |         1 |   2,559,232.0 |   2,559,232.0 |   2,559,232 |   2,559,232 |         0.0 | PushPop | :decode_step67_tokens4     |
|      0.0 |       2,558,848 |         1 |   2,558,848.0 |   2,558,848.0 |   2,558,848 |   2,558,848 |         0.0 | PushPop | :decode_step19_tokens4     |
|      0.0 |       2,558,304 |         1 |   2,558,304.0 |   2,558,304.0 |   2,558,304 |   2,558,304 |         0.0 | PushPop | :decode_step142_tokens4    |
|      0.0 |       2,557,888 |         1 |   2,557,888.0 |   2,557,888.0 |   2,557,888 |   2,557,888 |         0.0 | PushPop | :decode_step130_tokens4    |
|      0.0 |       2,555,776 |         1 |   2,555,776.0 |   2,555,776.0 |   2,555,776 |   2,555,776 |         0.0 | PushPop | :decode_step113_tokens4    |
|      0.0 |       2,554,448 |         1 |   2,554,448.0 |   2,554,448.0 |   2,554,448 |   2,554,448 |         0.0 | PushPop | :decode_step122_tokens4    |
|      0.0 |       2,550,672 |         1 |   2,550,672.0 |   2,550,672.0 |   2,550,672 |   2,550,672 |         0.0 | PushPop | :decode_step119_tokens4    |
|      0.0 |       2,550,528 |         1 |   2,550,528.0 |   2,550,528.0 |   2,550,528 |   2,550,528 |         0.0 | PushPop | :decode_step95_tokens4     |
|      0.0 |       2,549,088 |         1 |   2,549,088.0 |   2,549,088.0 |   2,549,088 |   2,549,088 |         0.0 | PushPop | :decode_step71_tokens4     |
|      0.0 |       2,547,584 |         1 |   2,547,584.0 |   2,547,584.0 |   2,547,584 |   2,547,584 |         0.0 | PushPop | :decode_step40_tokens4     |
|      0.0 |       2,543,424 |         1 |   2,543,424.0 |   2,543,424.0 |   2,543,424 |   2,543,424 |         0.0 | PushPop | :decode_step66_tokens4     |
|      0.0 |       2,540,928 |         1 |   2,540,928.0 |   2,540,928.0 |   2,540,928 |   2,540,928 |         0.0 | PushPop | :decode_step55_tokens4     |
|      0.0 |       2,539,056 |         1 |   2,539,056.0 |   2,539,056.0 |   2,539,056 |   2,539,056 |         0.0 | PushPop | :decode_step59_tokens4     |
|      0.0 |       2,538,464 |         1 |   2,538,464.0 |   2,538,464.0 |   2,538,464 |   2,538,464 |         0.0 | PushPop | :decode_step49_tokens4     |
|      0.0 |       2,538,176 |         1 |   2,538,176.0 |   2,538,176.0 |   2,538,176 |   2,538,176 |         0.0 | PushPop | :decode_step43_tokens4     |
|      0.0 |       2,536,432 |         1 |   2,536,432.0 |   2,536,432.0 |   2,536,432 |   2,536,432 |         0.0 | PushPop | :decode_step68_tokens4     |
|      0.0 |       2,533,776 |         1 |   2,533,776.0 |   2,533,776.0 |   2,533,776 |   2,533,776 |         0.0 | PushPop | :decode_step97_tokens4     |
|      0.0 |       2,533,648 |         1 |   2,533,648.0 |   2,533,648.0 |   2,533,648 |   2,533,648 |         0.0 | PushPop | :decode_step126_tokens4    |
|      0.0 |       2,531,680 |         1 |   2,531,680.0 |   2,531,680.0 |   2,531,680 |   2,531,680 |         0.0 | PushPop | :decode_step148_tokens4    |
|      0.0 |       2,531,024 |         1 |   2,531,024.0 |   2,531,024.0 |   2,531,024 |   2,531,024 |         0.0 | PushPop | :decode_step120_tokens4    |
|      0.0 |       2,530,336 |         1 |   2,530,336.0 |   2,530,336.0 |   2,530,336 |   2,530,336 |         0.0 | PushPop | :decode_step125_tokens4    |
|      0.0 |       2,529,408 |         1 |   2,529,408.0 |   2,529,408.0 |   2,529,408 |   2,529,408 |         0.0 | PushPop | :decode_step61_tokens4     |
|      0.0 |       2,528,320 |         1 |   2,528,320.0 |   2,528,320.0 |   2,528,320 |   2,528,320 |         0.0 | PushPop | :decode_step60_tokens4     |
|      0.0 |       2,528,192 |         1 |   2,528,192.0 |   2,528,192.0 |   2,528,192 |   2,528,192 |         0.0 | PushPop | :decode_step143_tokens4    |
|      0.0 |       2,525,984 |         1 |   2,525,984.0 |   2,525,984.0 |   2,525,984 |   2,525,984 |         0.0 | PushPop | :decode_step145_tokens4    |
|      0.0 |       2,524,752 |         1 |   2,524,752.0 |   2,524,752.0 |   2,524,752 |   2,524,752 |         0.0 | PushPop | :decode_step144_tokens4    |
|      0.0 |       2,523,232 |         1 |   2,523,232.0 |   2,523,232.0 |   2,523,232 |   2,523,232 |         0.0 | PushPop | :decode_step135_tokens4    |
|      0.0 |       2,523,120 |         1 |   2,523,120.0 |   2,523,120.0 |   2,523,120 |   2,523,120 |         0.0 | PushPop | :decode_step91_tokens4     |
|      0.0 |       2,522,384 |         1 |   2,522,384.0 |   2,522,384.0 |   2,522,384 |   2,522,384 |         0.0 | PushPop | :decode_step123_tokens4    |
|      0.0 |       2,521,104 |         1 |   2,521,104.0 |   2,521,104.0 |   2,521,104 |   2,521,104 |         0.0 | PushPop | :decode_step137_tokens4    |
|      0.0 |       2,519,360 |         1 |   2,519,360.0 |   2,519,360.0 |   2,519,360 |   2,519,360 |         0.0 | PushPop | :decode_step44_tokens4     |
|      0.0 |       2,517,920 |         1 |   2,517,920.0 |   2,517,920.0 |   2,517,920 |   2,517,920 |         0.0 | PushPop | :decode_step128_tokens4    |
|      0.0 |       2,517,248 |         1 |   2,517,248.0 |   2,517,248.0 |   2,517,248 |   2,517,248 |         0.0 | PushPop | :decode_step107_tokens4    |
|      0.0 |       2,516,384 |         1 |   2,516,384.0 |   2,516,384.0 |   2,516,384 |   2,516,384 |         0.0 | PushPop | :decode_step108_tokens4    |
|      0.0 |       2,515,792 |         1 |   2,515,792.0 |   2,515,792.0 |   2,515,792 |   2,515,792 |         0.0 | PushPop | :decode_step140_tokens4    |
|      0.0 |       2,513,872 |         1 |   2,513,872.0 |   2,513,872.0 |   2,513,872 |   2,513,872 |         0.0 | PushPop | :decode_step58_tokens4     |
|      0.0 |       2,510,736 |         1 |   2,510,736.0 |   2,510,736.0 |   2,510,736 |   2,510,736 |         0.0 | PushPop | :decode_step139_tokens4    |
|      0.0 |       2,510,432 |         1 |   2,510,432.0 |   2,510,432.0 |   2,510,432 |   2,510,432 |         0.0 | PushPop | :decode_step151_tokens4    |
|      0.0 |       2,509,872 |         1 |   2,509,872.0 |   2,509,872.0 |   2,509,872 |   2,509,872 |         0.0 | PushPop | :decode_step94_tokens4     |
|      0.0 |       2,508,784 |         1 |   2,508,784.0 |   2,508,784.0 |   2,508,784 |   2,508,784 |         0.0 | PushPop | :decode_step72_tokens4     |
|      0.0 |       2,506,144 |         1 |   2,506,144.0 |   2,506,144.0 |   2,506,144 |   2,506,144 |         0.0 | PushPop | :decode_step69_tokens4     |
|      0.0 |       2,503,824 |         1 |   2,503,824.0 |   2,503,824.0 |   2,503,824 |   2,503,824 |         0.0 | PushPop | :decode_step106_tokens4    |
|      0.0 |       2,499,200 |         1 |   2,499,200.0 |   2,499,200.0 |   2,499,200 |   2,499,200 |         0.0 | PushPop | :decode_step112_tokens4    |
|      0.0 |       2,499,088 |         1 |   2,499,088.0 |   2,499,088.0 |   2,499,088 |   2,499,088 |         0.0 | PushPop | :decode_step99_tokens4     |
|      0.0 |       2,496,384 |         1 |   2,496,384.0 |   2,496,384.0 |   2,496,384 |   2,496,384 |         0.0 | PushPop | :decode_step88_tokens4     |
|      0.0 |       2,494,224 |         1 |   2,494,224.0 |   2,494,224.0 |   2,494,224 |   2,494,224 |         0.0 | PushPop | :decode_step42_tokens4     |
|      0.0 |       2,493,072 |         1 |   2,493,072.0 |   2,493,072.0 |   2,493,072 |   2,493,072 |         0.0 | PushPop | :decode_step105_tokens4    |
|      0.0 |       2,491,008 |         1 |   2,491,008.0 |   2,491,008.0 |   2,491,008 |   2,491,008 |         0.0 | PushPop | :decode_step75_tokens4     |
|      0.0 |       2,487,920 |         1 |   2,487,920.0 |   2,487,920.0 |   2,487,920 |   2,487,920 |         0.0 | PushPop | :decode_step109_tokens4    |
|      0.0 |       2,487,808 |         1 |   2,487,808.0 |   2,487,808.0 |   2,487,808 |   2,487,808 |         0.0 | PushPop | :decode_step100_tokens4    |
|      0.0 |       2,487,360 |         1 |   2,487,360.0 |   2,487,360.0 |   2,487,360 |   2,487,360 |         0.0 | PushPop | :decode_step132_tokens4    |
|      0.0 |       2,480,848 |         1 |   2,480,848.0 |   2,480,848.0 |   2,480,848 |   2,480,848 |         0.0 | PushPop | :decode_step90_tokens4     |
|      0.0 |       2,479,680 |         1 |   2,479,680.0 |   2,479,680.0 |   2,479,680 |   2,479,680 |         0.0 | PushPop | :decode_step111_tokens4    |
|      0.0 |       2,474,448 |         1 |   2,474,448.0 |   2,474,448.0 |   2,474,448 |   2,474,448 |         0.0 | PushPop | :decode_step89_tokens4     |
|      0.0 |       2,467,104 |         1 |   2,467,104.0 |   2,467,104.0 |   2,467,104 |   2,467,104 |         0.0 | PushPop | :decode_step133_tokens4    |
|      0.0 |       2,466,096 |         1 |   2,466,096.0 |   2,466,096.0 |   2,466,096 |   2,466,096 |         0.0 | PushPop | :decode_step74_tokens4     |
|      0.0 |       2,461,728 |         1 |   2,461,728.0 |   2,461,728.0 |   2,461,728 |   2,461,728 |         0.0 | PushPop | :decode_step149_tokens4    |
|      0.0 |       2,441,392 |         1 |   2,441,392.0 |   2,441,392.0 |   2,441,392 |   2,441,392 |         0.0 | PushPop | :decode_step138_tokens4    |
|      0.0 |       2,433,792 |         1 |   2,433,792.0 |   2,433,792.0 |   2,433,792 |   2,433,792 |         0.0 | PushPop | :decode_step64_tokens4     |
|      0.0 |       2,430,672 |         1 |   2,430,672.0 |   2,430,672.0 |   2,430,672 |   2,430,672 |         0.0 | PushPop | :decode_step150_tokens4    |
|      0.0 |       2,428,272 |         1 |   2,428,272.0 |   2,428,272.0 |   2,428,272 |   2,428,272 |         0.0 | PushPop | :decode_step134_tokens4    |
|      0.0 |       2,405,216 |         1 |   2,405,216.0 |   2,405,216.0 |   2,405,216 |   2,405,216 |         0.0 | PushPop | :decode_step118_tokens4    |
|      0.0 |       2,401,344 |         1 |   2,401,344.0 |   2,401,344.0 |   2,401,344 |   2,401,344 |         0.0 | PushPop | :decode_step110_tokens4    |
|      0.0 |       2,398,848 |         1 |   2,398,848.0 |   2,398,848.0 |   2,398,848 |   2,398,848 |         0.0 | PushPop | :decode_step70_tokens4     |
|      0.0 |       2,397,792 |         1 |   2,397,792.0 |   2,397,792.0 |   2,397,792 |   2,397,792 |         0.0 | PushPop | :decode_step98_tokens4     |
|      0.0 |       2,392,912 |         1 |   2,392,912.0 |   2,392,912.0 |   2,392,912 |   2,392,912 |         0.0 | PushPop | :decode_step104_tokens4    |
|      0.0 |       2,391,632 |         1 |   2,391,632.0 |   2,391,632.0 |   2,391,632 |   2,391,632 |         0.0 | PushPop | :decode_step102_tokens4    |
|      0.0 |       2,390,848 |         1 |   2,390,848.0 |   2,390,848.0 |   2,390,848 |   2,390,848 |         0.0 | PushPop | :decode_step92_tokens4     |
|      0.0 |       2,374,880 |         1 |   2,374,880.0 |   2,374,880.0 |   2,374,880 |   2,374,880 |         0.0 | PushPop | :decode_step146_tokens4    |
|      0.0 |       2,358,656 |         1 |   2,358,656.0 |   2,358,656.0 |   2,358,656 |   2,358,656 |         0.0 | PushPop | :decode_step136_tokens4    |
|      0.0 |       2,336,560 |         1 |   2,336,560.0 |   2,336,560.0 |   2,336,560 |   2,336,560 |         0.0 | PushPop | :decode_step93_tokens4     |
|      0.0 |       2,235,488 |         1 |   2,235,488.0 |   2,235,488.0 |   2,235,488 |   2,235,488 |         0.0 | PushPop | :decode_step63_tokens4     |
+----------+-----------------+-----------+---------------+---------------+-------------+-------------+-------------+---------+----------------------------+

 ** CUDA API Summary (cuda_api_sum):

+----------+-----------------+-----------+---------------+---------------+-------------+-------------+--------------+----------------------------------+
| Time (%) | Total Time (ns) | Num Calls |   Avg (ns)    |   Med (ns)    |  Min (ns)   |  Max (ns)   | StdDev (ns)  |               Name               |
+----------+-----------------+-----------+---------------+---------------+-------------+-------------+--------------+----------------------------------+
|     88.7 |  28,885,088,688 |     2,054 |  14,062,847.5 |      44,168.0 |       3,056 | 252,369,888 | 16,054,777.6 | cudaEventSynchronize             |
|      6.8 |   2,211,520,112 |     1,022 |   2,163,914.0 |   2,010,168.0 |   1,328,832 |   5,595,712 |    554,074.6 | cudaGraphLaunch                  |
|      1.9 |     607,785,680 |    15,700 |      38,712.5 |      14,224.0 |       2,368 |   3,594,992 |    200,969.8 | cudaLaunchKernel                 |
|      0.8 |     271,300,416 |     2,736 |      99,159.5 |       5,112.0 |       2,240 |   4,365,952 |    281,462.7 | cudaLaunchKernelExC              |
|      0.8 |     248,601,760 |         1 | 248,601,760.0 | 248,601,760.0 | 248,601,760 | 248,601,760 |          0.0 | cuModuleLoadData                 |
|      0.7 |     212,409,776 |    14,642 |      14,506.9 |      12,112.0 |       2,032 |   7,168,656 |     60,046.7 | cudaMemcpyAsync                  |
|      0.1 |      30,610,368 |     2,294 |      13,343.7 |      13,456.0 |       2,464 |     306,688 |     10,259.4 | cuLaunchKernelEx                 |
|      0.1 |      22,901,408 |     1,266 |      18,089.6 |      11,896.0 |       2,880 |     214,416 |     21,236.4 | cudaMemsetAsync                  |
|      0.0 |      12,743,296 |     1,023 |      12,456.8 |      12,768.0 |       2,896 |      28,304 |      4,001.5 | cuLaunchKernel                   |
|      0.0 |       9,589,520 |    13,374 |         717.0 |         720.0 |          96 |      16,272 |        478.9 | cudaStreamIsCapturing            |
|      0.0 |       9,438,592 |     2,051 |       4,601.9 |         672.0 |         240 |   7,586,880 |    167,531.8 | cudaEventDestroy                 |
|      0.0 |       6,876,784 |     2,054 |       3,348.0 |       2,576.0 |         512 |     269,984 |      6,150.8 | cudaEventRecord                  |
|      0.0 |       5,477,120 |     2,052 |       2,669.2 |       2,416.0 |         288 |      30,128 |      1,910.8 | cudaEventCreateWithFlags         |
|      0.0 |       4,928,912 |     2,046 |       2,409.0 |       1,888.0 |         560 |      41,248 |      1,642.3 | cudaEventQuery                   |
|      0.0 |       4,705,120 |     2,051 |       2,294.1 |       1,200.0 |         368 |     304,288 |      7,262.8 | cudaEventRecordWithFlags         |
|      0.0 |       3,919,072 |     1,026 |       3,819.8 |       3,264.0 |       1,344 |      18,160 |      1,886.6 | cudaStreamWaitEvent              |
|      0.0 |       3,888,592 |    15,700 |         247.7 |         176.0 |          16 |      19,584 |        362.3 | cuKernelGetName                  |
|      0.0 |       3,495,344 |     1,023 |       3,416.8 |       2,736.0 |         704 |      17,248 |      2,258.4 | cuKernelGetFunction              |
|      0.0 |       1,151,440 |     7,440 |         154.8 |         128.0 |          80 |       9,120 |        139.6 | cudaGetDriverEntryPointByVersion |
|      0.0 |       1,023,072 |     7,440 |         137.5 |          64.0 |          32 |      38,576 |        475.2 | cuTensorMapEncodeTiled           |
|      0.0 |          87,440 |       240 |         364.3 |         240.0 |         144 |       2,464 |        366.8 | cuKernelSetAttribute             |
|      0.0 |          68,032 |         3 |      22,677.3 |      18,416.0 |      16,768 |      32,848 |      8,846.5 | cudaHostAlloc                    |
|      0.0 |           5,280 |         1 |       5,280.0 |       5,280.0 |       5,280 |       5,280 |          0.0 | cuProfilerStart                  |
+----------+-----------------+-----------+---------------+---------------+-------------+-------------+--------------+----------------------------------+

 ** CUDA GPU Kernel Summary (cuda_gpu_kern_sum):

+----------+-----------------+-----------+-------------+-------------+-----------+-----------+-------------+------------------------------------------------------------------------------------------------------+
| Time (%) | Total Time (ns) | Instances |  Avg (ns)   |  Med (ns)   | Min (ns)  | Max (ns)  | StdDev (ns) |                                                 Name                                                 |
+----------+-----------------+-----------+-------------+-------------+-----------+-----------+-------------+------------------------------------------------------------------------------------------------------+
|     23.4 |   6,821,991,666 |    49,296 |   138,388.3 |   132,544.0 |    74,336 | 1,758,720 |    69,067.9 | void cutlass::device_kernel<cutlass::gemm::kernel::GemmUniversal<cutlass::gemm::GroupProblemShape<c… |
|     17.8 |   5,194,936,667 |    50,322 |   103,233.9 |   104,032.0 |     3,168 |   731,584 |    14,615.6 | void at::native::unrolled_elementwise_kernel<at::native::direct_copy_kernel_cuda(at::TensorIterator… |
|     13.5 |   3,926,829,356 |    49,104 |    79,969.6 |    79,936.0 |    14,144 |   345,088 |     9,448.1 | void flashinfer::BatchPrefillWithPagedKVCacheKernel<flashinfer::KernelTraits<(flashinfer::MaskMode)… |
|     11.8 |   3,432,495,419 |    49,296 |    69,630.3 |    66,688.0 |    40,736 | 1,023,200 |    37,897.0 | void cutlass::device_kernel<cutlass::gemm::kernel::GemmUniversal<cutlass::gemm::GroupProblemShape<c… |
|     11.7 |   3,407,492,896 |    98,208 |    34,696.7 |    34,208.0 |    27,200 |   299,936 |     3,570.2 | void cutlass::device_kernel<cutlass::gemm::kernel::GemmUniversal<cute::tuple<int, int, int, int>, c… |
|      9.4 |   2,738,960,288 |     1,023 | 2,677,380.5 | 2,669,120.0 | 2,647,392 | 3,464,032 |    41,633.8 | void cutlass::Kernel2<cutlass_80_wmma_tensorop_bf16_s161616gemm_bf16_16x16_128x2_tn_align8>(T1::Par… |
|      2.7 |     783,905,664 |    49,056 |    15,979.8 |    16,384.0 |    13,952 |   172,160 |     2,462.8 | void cutlass::Kernel2<cutlass_80_wmma_tensorop_bf16_s161616gemm_bf16_16x16_128x1_tn_align8>(T1::Par… |
|      1.4 |     399,792,640 |       240 | 1,665,802.7 | 1,569,024.0 |   104,608 | 3,728,736 | 1,242,818.7 | void flashinfer::BatchPrefillWithPagedKVCacheKernel<flashinfer::KernelTraits<(flashinfer::MaskMode)… |
|      1.2 |     334,941,053 |   147,888 |     2,264.8 |     2,048.0 |     1,792 |   121,408 |     2,152.2 | void vllm::cvt_fp16_to_fp4<__nv_bfloat16, (bool)0>(int, int, int, const T1 *, const float *, unsign… |
|      0.9 |     271,030,192 |    98,592 |     2,749.0 |     2,368.0 |     2,080 |   165,920 |     6,285.0 | std::enable_if<T2>(int)0&&vllm::_typeConvert<T1>::exists, void>::type vllm::fused_add_rms_norm_kern… |
|      0.8 |     236,629,696 |    49,296 |     4,800.2 |     4,064.0 |     3,424 |   296,672 |    11,066.4 | void vllm::rotary_embedding_kernel<c10::BFloat16, (bool)1>(const long *, T1 *, T1 *, const float *,… |
|      0.7 |     211,650,999 |    98,592 |     2,146.7 |     1,856.0 |     1,728 |   216,608 |     5,714.1 | void vllm::rms_norm_kernel<c10::BFloat16, (int)8, (int)3>(T1 *, const T1 *, long, long, long, long,… |
|      0.7 |     202,751,872 |    49,296 |     4,112.9 |     4,192.0 |     2,528 |   130,272 |     3,107.7 | void vllm::reshape_and_cache_flash_kernel<__nv_bfloat16, unsigned char, (vllm::Fp8KVCacheDataType)1… |
|      0.7 |     202,122,017 |    49,296 |     4,100.2 |     2,976.0 |     2,528 |   412,544 |    16,945.3 | void tensorrt_llm::kernels::cutlass_kernels::doActivationKernel<__nv_fp4_e2m1, __nv_bfloat16, __nv_… |
|      0.7 |     197,514,143 |    49,296 |     4,006.7 |     3,360.0 |     3,136 |   311,104 |     9,791.4 | void tensorrt_llm::kernels::cutlass_kernels::expandInputRowsKernel<__nv_fp4_e2m1, __nv_fp4_e2m1, (t… |
|      0.6 |     170,777,116 |    49,296 |     3,464.3 |     3,424.0 |     3,360 |    56,288 |       361.6 | void vllm::moe::topkGating<(int)8, (int)128, (int)4, (int)16, (int)32, int, __nv_bfloat16, (vllm::m… |
|      0.4 |     125,756,672 |    49,296 |     2,551.1 |     2,464.0 |     2,048 |   102,752 |       922.3 | void tensorrt_llm::kernels::cutlass_kernels::computeStridesTmaWarpSpecializedKernel<__nv_fp4_e2m1, … |
|      0.4 |     116,894,592 |    49,056 |     2,382.9 |     2,336.0 |     2,112 |    24,864 |       316.8 | void tensorrt_llm::kernels::cutlass_kernels::fusedBuildExpertMapsSortFirstTokenKernel<(int)32, (int… |
|      0.4 |     115,448,696 |    49,152 |     2,348.8 |     2,368.0 |     1,984 |   114,624 |     1,262.8 | void flashinfer::PersistentVariableLengthMergeStatesKernel<(unsigned int)8, (unsigned int)16, (unsi… |
|      0.4 |     110,361,073 |   149,938 |       736.0 |       704.0 |       640 |    70,304 |       426.7 | void at::native::vectorized_elementwise_kernel<(int)4, at::native::FillFunctor<int>, std::array<cha… |
|      0.1 |      42,267,744 |       192 |   220,144.5 |   210,800.0 |   203,904 |   396,704 |    34,667.2 | void cutlass::device_kernel<cutlass::gemm::kernel::GemmUniversal<cute::tuple<int, int, int, int>, c… |
|      0.1 |      24,635,904 |       192 |   128,312.0 |   124,608.0 |   119,328 |   238,080 |    16,314.9 | void cutlass::device_kernel<cutlass::gemm::kernel::GemmUniversal<cute::tuple<int, int, int, int>, c… |
|      0.0 |      14,280,864 |         4 | 3,570,216.0 | 3,549,472.0 | 3,547,648 | 3,634,272 |    42,735.1 | std::enable_if<!T7, void>::type internal::gemvx::kernel<int, int, __nv_bfloat16, __nv_bfloat16, __n… |
|      0.0 |       6,963,200 |     1,026 |     6,786.7 |     6,624.0 |     6,496 |    24,352 |       876.5 | void at::native::reduce_kernel<(int)512, (int)1, at::native::ReduceOp<float, at::native::ArgMaxOps<… |
|      0.0 |       5,976,096 |     3,081 |     1,939.7 |     1,632.0 |     1,184 |     8,640 |       875.8 | void at::native::unrolled_elementwise_kernel<at::native::direct_copy_kernel_cuda(at::TensorIterator… |
|      0.0 |       5,448,064 |       192 |    28,375.3 |    26,080.0 |    24,032 |   118,048 |    11,502.5 | nvjet_sm121_tst_mma_64x104x64_4_16x104x64_tmaAB_alignCD4_bz_TNNN                                     |
|      0.0 |       3,762,335 |     1,022 |     3,681.3 |     3,200.0 |     2,560 |    15,712 |     1,196.1 | void at::native::<unnamed>::indexSelectSmallIndex<c10::BFloat16, long, unsigned int, (int)2, (int)2… |
|      0.0 |       2,663,968 |     1,027 |     2,593.9 |     2,432.0 |     2,016 |    11,136 |       658.0 | void at::native::index_elementwise_kernel<(int)128, (int)4, void at::native::gpu_index_kernel<void … |
|      0.0 |       2,552,000 |     1,027 |     2,484.9 |     2,240.0 |     1,984 |    81,600 |     3,735.8 | void vllm::rms_norm_kernel<c10::BFloat16, (int)8, (int)2>(T1 *, const T1 *, long, long, long, long,… |
|      0.0 |       2,049,408 |     1,027 |     1,995.5 |     1,920.0 |     1,856 |    27,072 |       865.8 | _compute_slot_mapping_kernel                                                                         |
|      0.0 |       1,917,760 |       192 |     9,988.3 |     9,344.0 |     8,768 |    49,440 |     3,906.5 | void tensorrt_llm::kernels::cutlass_kernels::blockExpertPrefixSumKernel<(int)512>(const int *, int … |
|      0.0 |       1,643,456 |     1,026 |     1,601.8 |     1,536.0 |     1,152 |    14,528 |       482.2 | void at::native::unrolled_elementwise_kernel<at::native::direct_copy_kernel_cuda(at::TensorIterator… |
|      0.0 |       1,618,016 |     1,027 |     1,575.5 |     1,376.0 |     1,344 |    19,712 |       851.9 | _copy_page_indices_kernel                                                                            |
|      0.0 |       1,482,016 |     1,028 |     1,441.6 |     1,088.0 |     1,056 |    81,632 |     4,546.9 | void at::native::vectorized_gather_kernel<(int)16, long>(char *, char *, T2 *, int, long, long, lon… |
|      0.0 |       1,453,280 |     1,027 |     1,415.1 |     1,344.0 |     1,312 |    18,432 |       579.1 | void at::native::vectorized_elementwise_kernel<(int)4, at::native::CUDAFunctor_add<int>, std::array… |
|      0.0 |       1,176,736 |     1,027 |     1,145.8 |     1,056.0 |       992 |     4,064 |       220.1 | void at::native::vectorized_elementwise_kernel<(int)2, at::native::CUDAFunctor_add<long>, std::arra… |
|      0.0 |       1,054,784 |     1,027 |     1,027.1 |       992.0 |       960 |     9,536 |       388.4 | void at::native::unrolled_elementwise_kernel<at::native::CUDAFunctorOnSelf_add<int>, std::array<cha… |
|      0.0 |         790,112 |       192 |     4,115.2 |     3,648.0 |     3,296 |    26,816 |     2,535.1 | tensorrt_llm::kernels::cutlass_kernels::mergeExpertPrefixSumKernel(const int *, const int *, const … |
|      0.0 |         421,376 |        48 |     8,778.7 |     7,872.0 |     5,472 |    40,608 |     4,958.3 | nvjet_sm121_tst_mma_64x56x64_6_16x56x64_tmaAB_alignCD4_splitK_TNNN                                   |
|      0.0 |         412,128 |       192 |     2,146.5 |     1,824.0 |     1,504 |    17,408 |     1,841.7 | void tensorrt_llm::kernels::cutlass_kernels::globalExpertPrefixSumKernel<(int)512>(const int *, int… |
|      0.0 |         145,056 |        48 |     3,022.0 |     2,528.0 |     2,400 |     9,536 |     1,602.0 | void tensorrt_llm::kernels::cutlass_kernels::fusedBuildExpertMapsSortFirstTokenKernel<(int)64, (int… |
|      0.0 |         134,592 |        48 |     2,804.0 |     2,640.0 |     2,112 |     7,168 |       867.5 | void cublasLt::splitKreduce_kernel<(int)32, (int)16, int, float, __nv_bfloat16, float, __nv_bfloat1… |
|      0.0 |          24,352 |         4 |     6,088.0 |     6,064.0 |     6,048 |     6,176 |        60.6 | void at::native::index_elementwise_kernel<(int)128, (int)4, void at::native::gpu_index_kernel<void … |
|      0.0 |           9,024 |         4 |     2,256.0 |     2,000.0 |       992 |     4,032 |     1,518.2 | void at::native::unrolled_elementwise_kernel<at::native::FillFunctor<int>, std::array<char *, (unsi… |
+----------+-----------------+-----------+-------------+-------------+-----------+-----------+-------------+------------------------------------------------------------------------------------------------------+

 ** CUDA GPU MemOps Summary (by Time) (cuda_gpu_mem_time_sum):

+----------+-----------------+--------+----------+----------+----------+----------+-------------+--------------------------------+
| Time (%) | Total Time (ns) | Count  | Avg (ns) | Med (ns) | Min (ns) | Max (ns) | StdDev (ns) |           Operation            |
+----------+-----------------+--------+----------+----------+----------+----------+-------------+--------------------------------+
|     47.8 |      62,640,959 | 53,395 |  1,173.2 |  1,088.0 |      704 |   71,424 |     2,028.7 | [CUDA memcpy Device-to-Device] |
|     35.9 |      47,101,724 | 49,300 |    955.4 |    864.0 |      192 |   77,920 |     1,222.0 | [CUDA memset]                  |
|     14.2 |      18,575,456 | 10,299 |  1,803.6 |    800.0 |      160 |  118,912 |     2,350.9 | [CUDA memcpy Host-to-Device]   |
|      2.2 |       2,854,016 |  1,026 |  2,781.7 |  3,280.0 |      576 |   13,792 |     1,026.8 | [CUDA memcpy Device-to-Host]   |
+----------+-----------------+--------+----------+----------+----------+----------+-------------+--------------------------------+
